machine_id,time,degra_level_latent,degra_level_observed,event_type,event_cost,trigger_reason,region,route,speed,load,brake_temperature,vibration_level,wear_acceleration,rul,segment_id
1,0.0,0.0,0.0,,,,1.0,1.0,33.752255979032284,0.7184338380194759,0.0,0.0478353277034075,0.0,88.0,1
1,1.0,0.000222485726579,0.0420786795565996,,,,1.0,0.0,90.88474345196376,0.637161406697083,3.031550052137224,0.0,0.0,87.0,1
1,2.0,0.001023203928877,0.0,,,,1.0,1.0,29.915994212478555,0.5390729736229964,0.0,0.1425554785331924,0.0,86.0,1
1,3.0,0.0030731935688445,0.0,,,,1.0,1.0,33.88895967714474,0.630980436136476,0.0,0.0,0.0,85.0,1
1,4.0,0.0971250270872989,0.0,,,,1.0,1.0,32.33754671126023,0.5384481200920306,7.716751567626977,0.0593707850541078,0.0,84.0,1
1,5.0,0.0971342594614003,0.0070961819455135,,,,1.0,1.0,25.205586995855008,0.7122223965110817,2.8806123969985284,0.0438909767983551,0.0,83.0,1
1,6.0,0.1089181376078442,0.0135841765666483,,,,1.0,1.0,29.075688182273694,0.5562844119399604,0.0,0.0,0.0,82.0,1
1,7.0,0.3484160214642966,0.1586481543759003,,,,1.0,1.0,29.22735258965599,0.5815445841640438,3.5361168118362865,0.4197817993331912,0.0,81.0,1
1,8.0,0.3491484997860619,0.5281944584284095,,,,1.0,0.0,103.72616429887344,0.6609217728167623,0.9168757401874864,0.135311772714863,0.0,80.0,1
1,9.0,0.6752453198026138,0.5238825183728477,,,,1.0,0.0,103.01574702105518,0.8385421264674006,0.0,0.1274539685729356,0.0,79.0,1
1,10.0,0.6832918508376418,0.6025706015881978,,,,1.0,1.0,27.438786354642318,0.5430000935555667,0.0,0.0318365262297315,0.0,78.0,1
1,11.0,0.6837013266412462,0.771019745848202,,,,1.0,1.0,35.64486146360446,0.612982620614867,3.3783336012027965,0.1458360371175892,0.0,77.0,1
1,12.0,0.6837283440924764,0.7969780136791867,,,,1.0,1.0,25.8775939215438,0.6894366451628245,0.0,0.176634157580609,0.0,76.0,1
1,13.0,0.6837354359563748,0.8606928876614799,,,,1.0,1.0,32.71577134152597,0.5578263956514851,0.0,0.1369066665441256,0.0,75.0,1
1,14.0,0.6971788223803905,0.7416630300297361,,,,1.0,1.0,30.58342904570364,0.6462462260532558,3.6552270031228606,0.1314907773437839,0.0,74.0,1
1,15.0,0.7277474673812981,1.233591905425299,,,,1.0,1.0,31.11797774387341,0.6922687226875439,0.0,0.0,0.0,73.0,1
1,16.0,0.7277952625861498,0.7186656494649378,,,,1.0,0.0,102.02383579082988,0.6875061889642085,0.0,0.1696158912069842,0.0,72.0,1
1,17.0,0.7522582452753759,0.6720957772243501,,,,1.0,1.0,28.40164391821349,0.5773401009510749,0.0,0.0,0.0,71.0,1
1,18.0,0.7522685188023908,0.8638252113680748,,,,1.0,1.0,28.624288743866583,0.773871497503794,2.3296592048509503,0.1878756960493327,0.0,70.0,1
1,19.0,0.9389784897043976,1.144757809736864,,,,1.0,1.0,34.84139177295741,0.456090389218774,1.677575428420612,0.0,0.0,69.0,1
1,20.0,0.9390342048166154,1.0400030302327117,,,,1.0,1.0,30.81376532552503,0.6829995995162823,4.972218844369346,0.0,0.0,68.0,1
1,21.0,0.9616711703486492,0.9023437026116052,,,,1.0,1.0,33.96673617599963,0.5895048591555107,0.3254780253824755,0.0910607349770199,0.0,67.0,1
1,22.0,0.964978301527742,0.9400691652750824,,,,1.0,1.0,34.28987940628577,0.605246933892193,0.0,0.2338733888593782,0.0,66.0,1
1,23.0,1.6488389309117888,1.6460563102350427,,,,1.0,1.0,24.3335639299826,0.5324321377801933,0.0,0.0,0.0,65.0,1
1,24.0,1.648839383861958,1.4999514569514794,,,,1.0,0.0,100.99698015249396,0.6934259017871313,0.7005575966789426,0.0685573785090674,0.0,64.0,1
1,25.0,1.6521102816285536,1.5659039004865436,,,,1.0,1.0,30.79269845538357,0.6869364057770881,1.4215828593441189,0.119209854194566,0.0,63.0,1
1,26.0,1.6534243888527194,1.652317366361033,,,,1.0,1.0,32.28387618778706,0.5581847722736893,0.363274644402523,0.184316433624712,0.0,62.0,1
1,27.0,1.723950893228542,1.9347316891102704,,,,1.0,0.0,97.3278347420117,0.5047934018214505,7.040148530119027,0.0,0.0,61.0,1
1,28.0,1.8882379280437147,1.8997721703314003,,,,1.0,1.0,27.65298829898638,0.6256267782531232,8.401863905786078,0.2201744741678774,0.0,60.0,1
1,29.0,1.8882384318402192,1.985601441734585,,,,1.0,0.0,103.1257182322096,0.690915877277633,0.0,0.16958651424427,0.0,59.0,1
1,30.0,1.8982102450402347,1.7610066053510431,,,,1.0,1.0,27.88350843977923,0.6164055452897146,2.143290286036767,0.0,0.0,58.0,1
1,31.0,1.8982794978156183,1.844767743950389,,,,1.0,1.0,22.76443763788456,0.4921074051449142,4.976629914404105,0.2466657179334765,0.0,57.0,1
1,32.0,1.9275309105156333,2.0064981347158377,,,,1.0,1.0,31.998871133617182,0.5338294608443483,2.4115531999985267,0.0620043777105049,0.0,56.0,1
1,33.0,2.152565090471664,1.9365588733190944,,,,1.0,0.0,109.09459808450244,0.5887509692742119,7.566976150631588,0.3107479338576052,0.0,55.0,1
1,34.0,2.4468083562497926,2.31673643284236,,,,1.0,1.0,25.33191159995061,0.6038336105935914,6.694199444803221,0.3322323978523618,0.0,54.0,1
1,35.0,2.446879046232,2.480822286656831,,,,1.0,0.0,97.62676846869606,0.708408180126094,7.383691009262041,0.1759053784709511,0.0,53.0,1
1,36.0,2.5272704278078377,2.344742193953952,,,,1.0,0.0,103.040965504821,0.6481509266135822,7.285537176976287,0.0165028060875872,0.0,52.0,1
1,37.0,2.530606986732105,2.6461035907217245,,,,1.0,0.0,89.87759501928082,0.6315903171517414,8.897269992870845,0.2237722296409013,0.0,51.0,1
1,38.0,2.543515557078001,2.6845958948223023,,,,1.0,1.0,31.16338105677352,0.6265625809326988,7.767133759559153,0.1257976084983739,0.0,50.0,1
1,39.0,2.59570810031118,3.005871424170441,,,,1.0,1.0,28.80322186263488,0.5220276171181679,5.571151316733234,0.0,0.0,49.0,1
1,40.0,2.669274472629652,2.66409502421543,,,,1.0,1.0,31.099983419858827,0.7602961239043982,5.642265141023692,0.1575348826911352,0.0,48.0,1
1,41.0,2.6700509203635554,2.6514310620313064,,,,1.0,1.0,31.784355295747545,0.7707076555023107,7.739754487824699,0.1103599630816563,0.0,47.0,1
1,42.0,2.681309973148846,2.7978674423843874,,,,1.0,1.0,26.80124233625126,0.5317197722398019,2.775535977710536,0.1027907816573433,0.0,46.0,1
1,43.0,2.708042795569683,2.802554036359834,,,,1.0,1.0,23.11656926221845,0.6878924610617949,10.925750652584853,0.2179804530076915,0.0,45.0,1
1,44.0,2.739427084957928,2.6180865512493736,,,,1.0,0.0,89.7043559384814,0.5228194582596003,8.352555233177782,0.347541300459688,0.0,44.0,1
1,45.0,2.823271081762821,2.9590393757563054,,,,1.0,1.0,34.1906328394719,0.8240504555495332,4.1888065145287765,0.2449388580085831,0.0,43.0,1
1,46.0,3.118986539340235,3.157567662987251,,,,1.0,1.0,32.07204716637998,0.525423554377168,11.279621360783551,0.2442978817257342,0.0001415779654416,42.0,1
1,47.0,3.182526182696164,3.2173706064226244,,,,1.0,1.0,31.33855731171918,0.5430832568493218,7.71008914072179,0.0803270168396631,0.0003331580736963,41.0,1
1,48.0,3.182621638781666,2.9575063798005896,,,,1.0,1.0,26.93951600470096,0.6102982777387159,7.062961053774445,0.1730276011135228,0.000333506629513,40.0,1
1,49.0,3.213308964680252,3.1511291938717685,,,,1.0,1.0,30.78524283722672,0.6085138826764857,7.526588636807943,0.1241658215179783,0.0004550071441296,39.0,1
1,50.0,3.2411352402530573,3.1909126531438474,,,,1.0,1.0,21.626585276478217,0.5757465754730213,9.029567840912256,0.0719931701088501,0.0005814620409189,38.0,1
1,51.0,3.241205518624896,3.5995609122337653,,,,1.0,0.0,101.96480736865998,0.8011703577383428,12.911320142936017,0.4671506539918676,0.000581801022151,37.0,1
1,52.0,3.2563786722927217,3.3806935689334527,,,,1.0,1.0,34.91369755511529,0.5744478065264392,6.099473148745254,0.014730197570493,0.0006573002360657,36.0,1
1,53.0,3.2564208986654,3.1406480370018866,,,,1.0,0.0,93.2441826643734,0.5518547599267791,12.417019151784132,0.214969863059064,0.0006575167727237,35.0,1
1,54.0,3.2619650624534,3.214288026476812,,,,1.0,1.0,25.89306660387807,0.708226286753989,10.288249789436552,0.4559714300225965,0.0006862569394621,34.0,1
1,55.0,3.267497518958406,3.3240919587774678,,,,1.0,1.0,34.65786506437122,0.6628724629909408,12.425124430652748,0.0678887359895989,0.000715549226489,33.0,1
1,56.0,3.271429187940464,3.5479865576032408,,,,1.0,1.0,29.79618736932283,0.5588985968374154,6.772384173649553,0.5483570753635657,0.0007367380406601,32.0,1
1,57.0,3.2715875035930635,3.0773461324210847,,,,1.0,0.0,96.81511563761454,0.5018167900036297,7.169747854811189,0.0,0.0007375977210791,31.0,1
1,58.0,3.323546552289216,3.1285176260502,,,,1.0,1.0,30.8629395886106,0.782286492021398,7.278889642399797,0.2062993264426564,0.0010468237149823,30.0,1
1,59.0,3.3764218932832506,3.4371682195988296,,,,1.0,1.0,29.406808369450587,0.6529599803406088,10.576962595039806,0.2546369911613286,0.0014169344174294,29.0,1
1,60.0,3.423042534746896,3.43217702581447,,,,1.0,1.0,31.096912506819283,0.5832846432969807,2.3187160105436018,0.4850116191187809,0.0017896498620507,28.0,1
1,61.0,3.4740066560489256,3.577033932963821,,,,1.0,1.0,32.143782192308066,0.7779529655799536,8.403333247446245,0.3676171271723211,0.0022468230997868,27.0,1
1,62.0,3.7713923399004368,3.75511765661591,,,,1.0,0.0,91.4287167779565,0.4875614464557879,7.805000703209016,0.3867247437293503,0.0059504614205707,26.0,1
1,63.0,3.779890221254743,3.686554646518801,,,,1.0,0.0,112.06566004548309,0.6064254450520944,8.229162852006509,0.4999909161954349,0.0060822875720877,25.0,1
1,64.0,4.045525001215462,4.263407538334818,,,,1.0,0.0,110.2301100456954,0.5136727981760056,8.403431788130352,0.540670010879333,0.0109312252816659,24.0,1
1,65.0,4.048096219458775,3.779945477669008,,,,1.0,1.0,33.21663397344522,0.5849168540943955,6.640638060090688,0.3092966658227287,0.0109850568524377,23.0,1
1,66.0,4.423128310318301,4.597418907980317,,,,1.0,1.0,29.18278550737744,0.6581348212602478,16.425268959688783,0.4231739199173391,0.0202529418762942,22.0,1
1,67.0,4.553480317458883,4.555302293819866,,,,1.0,0.0,100.63409434831222,0.6887712457080403,15.083461742501548,0.4398763609990697,0.0241330109673215,21.0,1
1,68.0,4.900253480600223,5.042624928767372,,,,1.0,0.0,99.65897118648915,0.5400543393510673,12.907943245423564,0.5083479019171083,0.0361096329053326,20.0,1
1,69.0,5.488237424344655,5.77508507032065,,,,1.0,1.0,25.60923816535625,0.5909650223102733,19.45900575608729,0.4842119856291491,0.0619132547990932,19.0,1
1,70.0,5.508445604174852,5.441429577406367,,,,1.0,1.0,23.368036411302175,0.6274405156397962,18.66526664947701,0.8586327398742999,0.0629229934910413,18.0,1
1,71.0,5.699026555234272,5.5941545685204845,,,,1.0,0.0,103.41959931214484,0.5759604230469966,17.18276195386535,0.4984699296370934,0.0728474434585978,17.0,1
1,72.0,6.063270622689107,6.328835350174114,,,,1.0,1.0,35.01378912652302,0.6781889100807471,20.72667322157514,1.122763384314117,0.093836269078301,16.0,1
1,73.0,6.067496698006149,6.002501186970765,,,,1.0,1.0,29.227471603750494,0.5547831052132841,19.516365129680885,1.0042292849000674,0.0940953599227863,15.0,1
1,74.0,6.069528784618137,6.200410023332709,,,,1.0,0.0,101.69747753889855,0.6420347022257256,22.37745801554104,0.8493722320964048,0.0942200695959929,14.0,1
1,75.0,6.7255684933467705,6.625934376851107,,,,1.0,0.0,100.63342847139512,0.647200199394245,26.142771536024483,0.825270398721648,0.1387986059861813,13.0,1
1,76.0,6.738166293853516,6.973671135934917,,,,1.0,1.0,39.38422305640835,0.5390530313244725,25.937869541287927,1.2507015903101966,0.1397388724050253,12.0,1
1,77.0,6.867833346263375,6.650991850392563,,,,1.0,1.0,22.682789990814985,0.5653066649840058,20.23374033412597,1.1276981863065048,0.1496013479446694,11.0,1
1,78.0,7.284736254563002,7.353387722727328,,,,1.0,0.0,108.44097534621764,0.5514689826059936,26.29116591757401,1.3348371441544007,0.1835896477116658,10.0,1
1,79.0,7.427427918167023,7.362636587925767,,,,1.0,1.0,19.26355485130673,0.6081107743258637,31.184481231092448,1.5592288692511829,0.1960211797056478,9.0,1
1,80.0,7.484749163909724,7.757162332446296,,,,1.0,1.0,27.352802863169632,0.5366912885635956,25.568760936832867,1.5469831201383482,0.2011297506318897,8.0,1
1,81.0,7.65766220313442,7.634003609396304,,,,1.0,1.0,21.211358043216844,0.4776728418412553,22.73911554177443,1.6208848210355338,0.2169381719850698,7.0,1
1,82.0,7.665859358877178,7.394339660127775,,,,1.0,0.0,90.98804193108178,0.5146988085348905,21.10922040927902,1.5235064615729157,0.2177024355682175,6.0,1
1,83.0,8.012705658445327,8.124000110924747,,,,1.0,1.0,44.52533584620203,0.5072207034978202,33.11985877274649,1.710122742226407,0.2512721801820979,5.0,1
1,84.0,8.164609065608946,8.341525083717139,,,,1.0,1.0,31.707777754702548,0.7972471308209137,28.102056797726952,1.4095508504919632,0.2667318680057012,4.0,1
1,85.0,8.976639261981072,9.179720118105884,,,,1.0,1.0,28.77361077028945,0.7021111239865289,33.67609386604645,2.2001737577895213,0.3572021686785365,3.0,1
1,86.0,9.008651789848363,8.918745536405298,,,,1.0,0.0,97.3669075013893,0.6109950699287503,34.98002534145876,2.0742474203182004,0.3610389633164796,2.0,1
1,87.0,9.90607602122447,9.952944793389165,,,,1.0,0.0,98.33278379217734,0.597738617379459,38.08758504873392,2.546686043309086,0.476938860109316,1.0,1
1,88.0,10.099772394542152,10.07841547178896,catastrophic_failure_replacement,90.1258596868354,,1.0,0.0,96.11270946826689,0.6715312186348683,1.606475429925614,0.0,0.0,0.0,1
1,88.0,0.0,0.0,catastrophic_failure_replacement,90.1258596868354,,1.0,0.0,96.11270946826689,0.6715312186348683,1.606475429925614,0.0,0.0,125.0,2
1,89.0,0.0001527087421298,0.1918042320269062,,,,1.0,1.0,30.77714663834233,0.6595530072202748,4.653458313586378,0.0173511957269278,0.0,124.0,2
1,90.0,0.0238641856297222,0.3329763743620202,,,,1.0,1.0,30.000421965457072,0.5522215630260697,5.270685683058018,0.0,0.0,123.0,2
1,91.0,0.0240623655668217,0.169798008209975,,,,1.0,0.0,99.31899381110556,0.833694197273414,1.940849212623384,0.205309208565769,0.0,122.0,2
1,92.0,0.0245113226746563,0.1832749957020945,,,,1.0,1.0,31.929232762782505,0.5480716454108777,0.0,0.0,0.0,121.0,2
1,93.0,0.2528115330861348,0.0,,,,1.0,1.0,31.305788584540785,0.5131362191820127,4.667859778854474,0.0127120588445003,0.0,120.0,2
1,94.0,0.2614237839503869,0.0059164180471137,,,,1.0,1.0,31.31374612573569,0.6723917067195155,0.0024312181270433,0.0593183772112695,0.0,119.0,2
1,95.0,0.2772638327279915,0.2723596205138776,,,,1.0,0.0,106.49206937090726,0.6698194002017908,0.0,0.1023727631479811,0.0,118.0,2
1,96.0,0.2773082007638057,0.332297937678333,,,,1.0,1.0,27.64237596275025,0.6507490868160064,0.0,0.0,0.0,117.0,2
1,97.0,0.4896558073194531,0.3307737790361104,,,,1.0,1.0,28.539144070982225,0.6140285395737584,0.0,0.0816010475687182,0.0,116.0,2
1,98.0,0.4900686122440758,0.4105299694882097,,,,1.0,1.0,30.762812560512344,0.7715265636796702,0.0,0.0,0.0,115.0,2
1,99.0,0.4906715899368479,0.3353852415739418,,,,1.0,1.0,28.81574867745158,0.6420286085175991,6.328932175907145,0.0113084980250381,0.0,114.0,2
1,100.0,0.4906754360250088,0.3857166098261209,,,,1.0,0.0,97.39659793075096,0.4487051881324961,1.0767016210775364,0.0,0.0,113.0,2
1,101.0,0.60845104781867,0.5753056078886866,,,,1.0,1.0,38.63675107082092,0.4709912258887406,0.0,0.0,0.0,112.0,2
1,102.0,0.6134981778597596,0.3862195185299767,,,,1.0,1.0,28.35737388438553,0.6182449317974698,4.708449689422166,0.2561546573811236,0.0,111.0,2
1,103.0,0.6135011961715046,0.5761457902380478,,,,1.0,1.0,28.327719138220612,0.7543818258502504,2.3375022618762773,0.056097116124127,0.0,110.0,2
1,104.0,0.6341746106258462,0.6149869719037313,,,,1.0,1.0,38.66155802704972,0.7421185552781239,0.0,0.0,0.0,109.0,2
1,105.0,0.635981416291888,0.6665009616719715,,,,1.0,1.0,38.71967263083896,0.6682766822541844,0.0,0.0,0.0,108.0,2
1,106.0,0.6360643816391005,0.8891356268999853,,,,1.0,1.0,28.51714523232646,0.6310319479662749,3.2865890803365487,0.0089185512422556,0.0,107.0,2
1,107.0,0.6360974339168576,0.8580890547503615,,,,1.0,0.0,106.92708754216396,0.5065470040688679,5.211092057281953,0.090952005188589,0.0,106.0,2
1,108.0,0.653684069587917,0.5223413315802035,,,,1.0,1.0,29.046744712474204,0.7415020757270864,0.0,0.1496092037005717,0.0,105.0,2
1,109.0,0.6586385488673797,0.9450510449378992,,,,1.0,0.0,112.7445231035276,0.6974548354942189,0.0,0.0952905039549388,0.0,104.0,2
1,110.0,0.6587771538735657,0.5611807685052916,,,,1.0,1.0,29.665234135509,0.5071766471208728,0.0,0.0,0.0,103.0,2
1,111.0,0.659011340894055,0.5294127254420826,,,,1.0,1.0,37.55614216638361,0.688130747470124,0.8222697880977301,0.0,0.0,102.0,2
1,112.0,0.6677378366130706,0.6318956295831092,,,,1.0,1.0,24.93141316779801,0.6276555756679806,0.0,0.0,0.0,101.0,2
1,113.0,0.6679651088394806,0.781273792713344,,,,1.0,1.0,26.644298613017096,0.6555783135354788,0.988539806043242,0.1238625031714418,0.0,100.0,2
1,114.0,0.6965407852861892,0.5971472214443122,,,,1.0,1.0,33.0438073611222,0.3952484155205444,2.447121829535641,0.0,0.0,99.0,2
1,115.0,0.7144493034879285,0.4437169883882506,,,,1.0,1.0,30.36016786616289,0.6657663949176238,1.543033394824982,0.0,0.0,98.0,2
1,116.0,0.7167272999878904,0.7068153301907929,,,,1.0,1.0,19.68380861597629,0.565267023861244,0.0,0.0,0.0,97.0,2
1,117.0,0.7196329983517423,0.7267427990492045,,,,1.0,0.0,88.9288392038224,0.7719722711857053,3.791072734711745,0.0,0.0,96.0,2
1,118.0,0.7223697564419351,0.8018403831292276,,,,1.0,1.0,34.23291992921702,0.567283000228175,5.101309326850783,0.0,0.0,95.0,2
1,119.0,0.7283309771552801,0.6087966888347085,,,,1.0,1.0,35.34235777994519,0.6476651683940713,1.8996740518055089,0.0,0.0,94.0,2
1,120.0,1.094968999828826,1.107957467949761,,,,1.0,1.0,31.35171619640863,0.5380428399064163,0.982283093701919,0.2051412370136245,0.0,93.0,2
1,121.0,1.095126615119021,1.1332897416142031,,,,1.0,1.0,29.237387337738205,0.662716752815704,0.0,0.0,0.0,92.0,2
1,122.0,1.095347751090364,1.138813979624826,,,,1.0,1.0,24.707319590107957,0.6118764633483967,7.67626924076971,0.1606633729102217,0.0,91.0,2
1,123.0,1.1059801991080913,1.0570766692829152,,,,1.0,1.0,26.28205885593718,0.5421523646513224,0.0,0.0,0.0,90.0,2
1,124.0,1.116951580370907,1.1197143372493397,,,,1.0,1.0,34.2219259524266,0.6255199719364204,6.5224896933922185,0.080228626886951,0.0,89.0,2
1,125.0,1.126699054673027,1.0938339753516972,,,,1.0,1.0,34.28396991283263,0.7085593730693607,2.2196101313953123,0.1473660480780723,0.0,88.0,2
1,126.0,1.1268192758266729,0.9050313389596968,,,,1.0,0.0,116.2935717024226,0.60386119749375,4.944270716182581,0.0825175031335258,0.0,87.0,2
1,127.0,1.1830438420027536,1.1207506549176334,,,,1.0,0.0,111.22978053062,0.5786074232846719,2.1732496186565227,0.0722229062475663,0.0,86.0,2
1,128.0,1.1836071295341368,1.3081575020157736,,,,1.0,0.0,109.16685479402368,0.4641514122744619,0.0,0.0457580815100098,0.0,85.0,2
1,129.0,1.2772851030334509,1.2056364860186832,,,,1.0,0.0,88.79105444016803,0.544963737377812,4.938581944877928,0.0,0.0,84.0,2
1,130.0,1.277453887171395,1.2369726468773892,,,,1.0,1.0,32.62093921406385,0.6520047843132099,0.0,0.0,0.0,83.0,2
1,131.0,1.2782908923982286,1.3348859663549564,,,,1.0,0.0,83.82927594357149,0.6298127249193927,4.436937058897139,0.2441963689604491,0.0,82.0,2
1,132.0,1.350041848610734,1.233973468745198,,,,1.0,0.0,103.21570040201628,0.6945727290024815,0.0,0.0,0.0,81.0,2
1,133.0,1.3668923459238629,1.5912989926472405,,,,1.0,1.0,26.68812520455873,0.6382015095862227,2.8613486882670047,0.0,0.0,80.0,2
1,134.0,1.3857622901192783,1.4021715093100122,,,,1.0,0.0,101.60447961880548,0.6773838369405011,4.240745832897245,0.1201598128784226,0.0,79.0,2
1,135.0,1.4280226951256665,1.461605298767536,,,,1.0,0.0,98.7427201031798,0.6440549760460502,6.938112577562787,0.0,0.0,78.0,2
1,136.0,1.8341337016131147,1.6856929785743275,,,,1.0,0.0,97.243811794428,0.6764940919535657,2.764641388890853,0.0924598977281298,0.0,77.0,2
1,137.0,1.87645225340822,2.0405809811788624,,,,1.0,0.0,99.17720482870308,0.7073292705827617,2.7773453639860195,0.0239946659909066,0.0,76.0,2
1,138.0,1.8831190582315973,2.0065946458258845,,,,1.0,1.0,23.5176383596262,0.4761588266360723,3.4886659164020988,0.0,0.0,75.0,2
1,139.0,1.9567638831068896,1.7625020672973473,,,,1.0,1.0,26.60867779922412,0.6993207563531285,2.683549314784177,0.0,0.0,74.0,2
1,140.0,1.9569423022585848,1.5524093058173491,,,,1.0,1.0,30.98895040970926,0.7332991160514337,3.2999123258541747,0.0611003998279265,0.0,73.0,2
1,141.0,1.9911333919413363,2.095564346663349,,,,1.0,1.0,29.654310326369306,0.7597359553372942,2.747277474688045,0.0,0.0,72.0,2
1,142.0,1.9911673791102116,2.3771713495976905,,,,1.0,1.0,25.81300888086269,0.564937331160481,3.731689843551382,0.1012080820777576,0.0,71.0,2
1,143.0,1.9919959509016285,1.988377187835128,,,,1.0,1.0,25.559330731331737,0.5885756975729115,1.8352671282458637,0.0171723555241532,0.0,70.0,2
1,144.0,1.991996795804515,1.8850699284029404,,,,1.0,1.0,38.60384915582992,0.4861592148426504,3.8755460945337816,0.060954698249258,0.0,69.0,2
1,145.0,2.0157575613371383,2.241356509624542,,,,1.0,0.0,92.71619242589726,0.6718470752266746,7.35832948902465,0.0,0.0,68.0,2
1,146.0,2.016574149534448,1.805447395326775,,,,1.0,1.0,20.845470870762348,0.7172070655372029,1.288823822392727,0.0,0.0,67.0,2
1,147.0,2.016574338935589,2.279414905449132,,,,1.0,0.0,96.26269833138512,0.5174021252513854,6.42930957492581,0.2923975658604615,0.0,66.0,2
1,148.0,2.0165790683466764,2.124829877953162,,,,1.0,1.0,32.13945220347458,0.6054529322867139,0.2351318246558449,0.0229867385303826,0.0,65.0,2
1,149.0,2.061923986192177,2.1353301703763647,,,,1.0,1.0,31.80960926964422,0.7564435319331712,3.0241716567453043,0.0500651419884263,0.0,64.0,2
1,150.0,2.1354874888927515,2.0813425640198897,,,,1.0,1.0,22.61571091577134,0.7310996080375528,7.425338525518793,0.0,0.0,63.0,2
1,151.0,2.139277797342928,2.231668138384568,,,,1.0,1.0,35.572962222886886,0.6627150776986015,4.936262156886115,0.0,0.0,62.0,2
1,152.0,2.151293810214232,2.072885357136376,,,,1.0,1.0,31.74387947023148,0.8194786223929844,7.138283662737582,0.0100500728652377,0.0,61.0,2
1,153.0,2.193390371973772,1.9821211775192384,,,,1.0,0.0,100.48566794592944,0.640396425712062,0.2676906472909359,0.3834931603943357,0.0,60.0,2
1,154.0,2.227165087243438,2.2588177073238307,,,,1.0,1.0,25.771694836163263,0.65768440364218,3.9141113762282034,0.0422687451245593,0.0,59.0,2
1,155.0,2.406250957612858,2.4661213747656685,,,,1.0,1.0,31.56954105728777,0.5410404857854139,5.06408919887219,0.1672963559946015,0.0,58.0,2
1,156.0,2.408797084074956,2.206569270759099,,,,1.0,0.0,85.48911594806096,0.5126389550813937,6.958694309755373,0.1706874005253915,0.0,57.0,2
1,157.0,2.40974929931644,2.382151798863538,,,,1.0,0.0,97.94765889345868,0.8181004826233061,5.319242124817095,0.0,0.0,56.0,2
1,158.0,2.4142641472166577,2.568637492815504,,,,1.0,0.0,93.2653621856086,0.6591482116254501,6.162802849018451,0.1841212444604757,0.0,55.0,2
1,159.0,2.4637816512688877,2.6111852988607143,,,,1.0,1.0,28.578180809799523,0.6429099313218927,0.0,0.0,0.0,54.0,2
1,160.0,2.464005619920895,2.4920206345924565,,,,1.0,1.0,28.303707580579925,0.7307625196537904,2.6262576790772245,0.0600554219262516,0.0,53.0,2
1,161.0,2.466669068022624,2.25566990349539,,,,1.0,1.0,30.031695311811344,0.8841447390399377,1.9727214747519923,0.3101576767696659,0.0,52.0,2
1,162.0,2.4999569897914333,2.573954674923567,,,,1.0,1.0,37.166072533030864,0.6335293841976752,5.554379341013887,0.027490956742994,0.0,51.0,2
1,163.0,2.499958973686375,2.605005455597724,,,,1.0,1.0,29.71608402803654,0.607336608263934,3.2729634428507524,0.17454634394968,0.0,50.0,2
1,164.0,2.5193706488864747,2.691761647829326,,,,1.0,1.0,32.151506794787764,0.5392236474617776,2.948695092948105,0.1534324380872221,0.0,49.0,2
1,165.0,2.580047707095936,2.8456678024412625,,,,1.0,1.0,33.062429552750324,0.6909358900116974,7.365311081184693,0.0820461378881347,0.0,48.0,2
1,166.0,2.7040547167040496,2.797326211036629,,,,1.0,1.0,31.83265703618615,0.5957524930247853,0.913816557308892,0.0737272213995051,0.0,47.0,2
1,167.0,2.9773844516721657,2.94025665633944,,,,1.0,1.0,28.456634722267932,0.7179320789268694,6.275188373349161,0.3147212689590808,0.0,46.0,2
1,168.0,2.9783977694527355,3.03542744710363,,,,1.0,1.0,28.32196315940677,0.4252961668679547,8.33356370503365,0.3057398990166817,0.0,45.0,2
1,169.0,3.0487365380087863,3.21085364684198,,,,1.0,1.0,36.81931114906955,0.7138958645775231,6.52298690156736,0.0,2.375250137081861e-05,44.0,2
1,170.0,3.0503843927831333,3.1148271256530213,,,,1.0,1.0,22.48748271979552,0.3279244825961893,7.362007049223443,0.2733579491726791,2.5385870361250477e-05,43.0,2
1,171.0,3.3419656341419413,3.1504533477688947,,,,1.0,1.0,42.10207506123702,0.6678657935267192,4.484756486780784,0.4371912854945792,0.001169404949341,42.0,2
1,172.0,3.6881381933265134,3.682204920248016,,,,1.0,1.0,32.32540104750153,0.4682815310809102,11.003733820627948,0.3443068397464133,0.0047353417311467,41.0,2
1,173.0,3.695963026517763,3.700426447442125,,,,1.0,1.0,30.49738736507869,0.6157673011982496,9.276121324628932,0.2721622740289022,0.0048436453427976,40.0,2
1,174.0,3.6985775296947376,3.7318975954397935,,,,1.0,0.0,102.41251658365236,0.6912099681911541,7.561051649411657,0.5303503124150988,0.004880105649944,39.0,2
1,175.0,3.698734717751737,3.564543622418812,,,,1.0,0.0,106.28470785887384,0.7872710611427536,13.338804745844245,0.3714991792842868,0.0048823020579159,38.0,2
1,176.0,3.7139969322161615,3.7540544720965503,,,,1.0,1.0,25.5615217214272,0.7579558000123777,11.722513222310818,0.3571869287040901,0.0050979161921409,37.0,2
1,177.0,4.16413747643125,4.3239595326910525,,,,1.0,0.0,109.8267497444659,0.5801237951911361,9.196627697469271,0.6449031390933174,0.0135521606403171,36.0,2
1,178.0,4.201377932694908,4.1345525544847925,,,,1.0,0.0,100.92040071763816,0.6502002487126239,15.253156258814927,0.6782252351930003,0.0144330893716629,35.0,2
1,179.0,4.210947859000478,4.132518854927488,,,,1.0,1.0,28.191147612779144,0.5302651567878587,6.896890710597939,0.305504254807888,0.0146639471721784,34.0,2
1,180.0,4.215762444176814,4.210559711068797,,,,1.0,1.0,32.26166975321569,0.467801459162303,11.651637429181823,0.6768913985654033,0.0147807832067078,33.0,2
1,181.0,4.219393527355351,4.069640421244532,,,,1.0,0.0,96.2286007766758,0.7391586324537108,13.916109207382698,0.4129837168333793,0.0148692057455612,32.0,2
1,182.0,4.763023242071356,4.594614938837012,,,,1.0,1.0,26.06717112447916,0.4557305512569443,14.295966350557697,0.5921275913447569,0.0310825095208379,31.0,2
1,183.0,4.826646615030888,4.90051430463211,,,,1.0,1.0,31.23832950554472,0.6064547038353789,11.499851734658256,0.5027633954094556,0.033366378562038,30.0,2
1,184.0,4.830792591677245,4.735184522581267,,,,1.0,1.0,29.204075643099696,0.6447161904423488,16.99740726415638,0.7964895637935719,0.0335180151374028,29.0,2
1,185.0,4.9408038561696,4.855191912107179,,,,1.0,1.0,33.534248204495256,0.6906439634189029,12.235063345447251,0.7052283412918363,0.0376671960812279,28.0,2
1,186.0,4.946517980428358,5.178643760627868,,,,1.0,1.0,32.78266721375631,0.6540191664612204,19.303471503681557,0.5197826996948681,0.0378893224813089,27.0,2
1,187.0,5.279485805534024,5.221330571543626,,,,1.0,1.0,29.56452914473745,0.5936690445468968,16.201908548082343,0.7469927777689345,0.0519605553763109,26.0,2
1,188.0,5.372079626800841,5.345537542676733,,,,1.0,1.0,24.838686647110816,0.4999301876202469,13.354857859445165,0.5145831037150375,0.0562676175588361,25.0,2
1,189.0,5.48205783166976,5.372418325678472,,,,1.0,1.0,27.43114480114905,0.5354976350572627,14.683030312781156,0.7848921444901286,0.0616061107975319,24.0,2
1,190.0,5.728979707480712,6.108019571361755,,,,1.0,1.0,31.671475642488573,0.6294915722355706,15.752458104614524,0.7471142958404113,0.0744733024384151,23.0,2
1,191.0,5.837712482019227,5.994336613579588,,,,1.0,0.0,106.30129194813976,0.6983186336104492,19.59298380472229,0.7980783619500182,0.0805261213060772,22.0,2
1,192.0,6.082301804375923,6.205374131555528,,,,1.0,0.0,95.42958698734702,0.6792201584633344,20.49595509241709,1.0848610844262383,0.0950058441325907,21.0,2
1,193.0,6.205705206813519,6.38109954538037,,,,1.0,1.0,22.75936370292476,0.617579340781914,19.0531451923356,0.9847764808118088,0.102765458729913,20.0,2
1,194.0,6.234781897977117,6.290082894308052,,,,1.0,0.0,93.70213649458572,0.6433617056640988,18.512077102065334,0.9761243563238008,0.1046381392748043,19.0,2
1,195.0,6.23482457174068,6.426592351131776,,,,1.0,1.0,36.68093050006085,0.7491723648862977,20.265592916301497,0.9787914182329562,0.1046409000993727,18.0,2
1,196.0,6.353723986101961,6.450546613273123,,,,1.0,1.0,31.81727168919537,0.3833851698003669,26.748041313927,0.9630784770462348,0.1124746457495562,17.0,2
1,197.0,6.574177848363544,6.607050397513135,,,,1.0,1.0,28.53110539923935,0.5171640642376685,21.035829893589604,1.1223485884133988,0.1277474729173265,16.0,2
1,198.0,6.697280218942712,6.630315176760133,,,,1.0,0.0,113.98107571523596,0.5067158944374243,22.50565934252449,1.2823838207549991,0.1366988101738506,15.0,2
1,199.0,6.703312597610623,6.549335302698964,,,,1.0,1.0,31.17724184154965,0.7854889812303165,25.538156194151025,0.8948819588145656,0.1371452419562153,14.0,2
1,200.0,6.705586182817552,6.621747905726814,,,,1.0,1.0,31.24518061153471,0.8065072514616654,23.095821697749848,1.3589507557649925,0.1373136895828835,13.0,2
1,201.0,6.885462807679848,6.8756002685189,,,,1.0,1.0,27.880431237900808,0.4592014515624277,18.509825342346385,0.855419058405549,0.1509682122986336,12.0,2
1,202.0,6.894518845565655,6.7413339229960485,,,,1.0,0.0,97.03475375477412,0.5723185250948134,25.02403869647604,1.2249298598621796,0.1516727703846605,11.0,2
1,203.0,7.078813314235132,6.994201519624623,,,,1.0,1.0,31.20829859910419,0.4468811604161416,25.77383552462033,1.2378635688779072,0.1663671805238178,10.0,2
1,204.0,7.150194175026512,6.921365399387802,,,,1.0,1.0,27.112305563221742,0.7518220880744784,22.108755307505614,1.2712940160612518,0.1722411169042399,9.0,2
1,205.0,7.609718876497851,7.646219793896255,,,,1.0,1.0,26.816923584488823,0.6784905274608076,22.798339873658204,1.6642602250941816,0.212495081203406,8.0,2
1,206.0,8.032043352464301,8.083452154420957,,,,1.0,1.0,32.24049681968102,0.4558176346418736,30.164064524730883,1.6983081024314797,0.2532146030108017,7.0,2
1,207.0,8.361579700725079,8.428735984727677,,,,1.0,0.0,92.7598436382792,0.6479049775391809,31.17343723485274,1.8542509409277192,0.2874653688722722,6.0,2
1,208.0,8.5524671319644,8.768484714281822,,,,1.0,1.0,32.231610737715314,0.5437174759496172,32.7620662181478,1.7150074235485382,0.3082989125154497,5.0,2
1,209.0,8.578720301760464,8.531305621494985,,,,1.0,1.0,33.569100682412,0.6485418185480296,32.16723026172111,1.7377033017746966,0.3112212020527437,4.0,2
1,210.0,9.02249673991296,8.9246031430176,,,,1.0,0.0,110.15825194314743,0.5803121242233802,33.45003588757801,2.0313278285858267,0.3627046698226222,3.0,2
1,211.0,9.276438220441957,9.173214266926914,,,,1.0,0.0,101.8823941337502,0.5624107729674931,30.9864258036338,2.265369849863552,0.3939367673502458,2.0,2
1,212.0,9.840978414949394,9.90479704921714,,,,1.0,0.0,96.26583356984692,0.5832135341587336,38.977142851801545,2.335470696141561,0.4679898567380353,1.0,2
1,213.0,10.203050027861057,10.142556602565088,catastrophic_failure_replacement,332.4040266908037,,1.0,1.0,24.797069737437837,0.3830993332874054,0.0,0.0787333167995925,0.0,0.0,2
1,213.0,0.0,0.0,catastrophic_failure_replacement,332.4040266908037,,1.0,1.0,24.797069737437837,0.3830993332874054,0.0,0.0787333167995925,0.0,117.0,3
1,214.0,1.924633971103685e-09,0.267243765488439,,,,1.0,1.0,42.74663976303501,0.5838504398354213,0.0,0.0056490349751906,0.0,116.0,3
1,215.0,0.0046020709771593,0.0,,,,1.0,1.0,28.44758011902028,0.5957550713962876,0.0,0.0293120722259269,0.0,115.0,3
1,216.0,0.0591937887501428,0.0,,,,1.0,1.0,24.43305979039076,0.6823334806280021,0.0,0.0,0.0,114.0,3
1,217.0,0.0592289647677627,0.3310259833879934,,,,1.0,1.0,22.527971900903463,0.6942970395498432,1.0920103150563352,0.0590771744642381,0.0,113.0,3
1,218.0,0.1639183475630428,0.2661351096166356,,,,1.0,1.0,30.859801662185298,0.5906448501735039,0.4275463567676035,0.1431935512665197,0.0,112.0,3
1,219.0,0.2807108536823777,0.3409123977360961,,,,1.0,0.0,104.30679736877993,0.4513102058296326,6.735647062689702,0.0,0.0,111.0,3
1,220.0,0.2807533740500691,0.311435783463681,,,,1.0,1.0,28.04768025268595,0.809159867675959,0.0,0.0,0.0,110.0,3
1,221.0,0.3783908844917513,0.8231424372498597,,,,1.0,0.0,111.67521327783663,0.5140032966021537,0.0045357758565151,0.0,0.0,109.0,3
1,222.0,0.3783925584170475,0.4913914224736336,,,,1.0,0.0,102.2358018465386,0.5374726415938762,3.567562755921347,0.0,0.0,108.0,3
1,223.0,0.461450784308433,0.1818010550620688,,,,1.0,1.0,36.062594184158,0.5919981959516943,0.0,0.0,0.0,107.0,3
1,224.0,0.5293697612861488,0.829630326665669,,,,1.0,1.0,29.91218586761277,0.5341350569011032,0.0,0.0,0.0,106.0,3
1,225.0,0.5590963372073047,0.6390253211293235,,,,1.0,0.0,99.42888561220416,0.4538121447788027,0.0,0.214335241788805,0.0,105.0,3
1,226.0,0.5593106287857177,0.675863043149311,,,,1.0,1.0,32.410334177627625,0.5721054967633864,1.5005026226541514,0.0,0.0,104.0,3
1,227.0,0.5755069769232245,0.5519974171898456,,,,1.0,1.0,33.924220183040674,0.6516143419077784,3.739454728336329,0.0,0.0,103.0,3
1,228.0,0.6120674158183589,0.6473473901465641,,,,1.0,0.0,90.7821885225923,0.7079581560117882,1.7285419902927102,0.0,0.0,102.0,3
1,229.0,0.614401162943868,0.7805592304861231,,,,1.0,0.0,116.67821597878851,0.6663962262528482,0.0,0.0,0.0,101.0,3
1,230.0,0.6144464793529033,0.573587083777932,,,,1.0,1.0,29.16536034945717,0.7060549531004335,0.0,0.0475646957366597,0.0,100.0,3
1,231.0,0.7391775378091842,0.8365161693852334,,,,1.0,1.0,36.258625042825976,0.572245074516626,0.0,0.0,0.0,99.0,3
1,232.0,0.7394291434759436,0.817528806556075,,,,1.0,1.0,27.49577515282028,0.5808366190859582,3.345512525206397,0.1970440236885712,0.0,98.0,3
1,233.0,0.7557460936779377,0.810144437015613,,,,1.0,0.0,105.53561204825291,0.7742148104100277,4.727259204918052,0.0,0.0,97.0,3
1,234.0,0.7560514575450185,0.813010385586037,,,,1.0,1.0,27.876131361034545,0.6557850887673344,0.9767027813089626,0.0,0.0,96.0,3
1,235.0,0.7561307576723773,0.7276315995950203,,,,1.0,1.0,34.76026826569945,0.3991996373184497,2.1768491387628828,0.0,0.0,95.0,3
1,236.0,0.756304222220749,0.7576979851003859,,,,1.0,0.0,94.52308566226988,0.3923417651417399,1.2499922491316728,0.0821801356869235,0.0,94.0,3
1,237.0,0.9382601208189952,0.6231222916012077,,,,1.0,0.0,93.59390718907852,0.6042669009284715,9.96285357256178,0.0,0.0,93.0,3
1,238.0,0.938269008018648,0.9987775115217598,,,,1.0,1.0,28.774696744046487,0.521295994353239,0.0,0.1186489422116027,0.0,92.0,3
1,239.0,0.9883441983481182,1.0298295712373573,,,,1.0,1.0,35.245868107206746,0.526781484768864,0.0,0.1853837081717565,0.0,91.0,3
1,240.0,0.9886937694250022,0.964099637484714,,,,1.0,0.0,103.90984271491956,0.6022237548072744,1.150856843374909,0.3249489743198112,0.0,90.0,3
1,241.0,1.0383398984833978,0.9710017743419284,,,,1.0,1.0,29.931766041023515,0.6945437311893111,1.540844379237195,0.0565886421454201,0.0,89.0,3
1,242.0,1.0932814156425985,1.1606656808805602,,,,1.0,1.0,29.939576746058663,0.6033083649440387,0.0,0.2745504841870179,0.0,88.0,3
1,243.0,1.1419578137685371,1.2927291997602397,,,,1.0,1.0,22.18261026065656,0.6929522699078207,0.7864609791185577,0.0836916940756541,0.0,87.0,3
1,244.0,1.2148574738607756,1.4301347062392833,,,,1.0,1.0,24.88859859176335,0.6147594726880212,0.0,0.0,0.0,86.0,3
1,245.0,1.2621117497925394,1.3703316908603005,,,,1.0,1.0,18.596310773140384,0.4747134973900218,3.6997127878968943,0.2332866309804157,0.0,85.0,3
1,246.0,1.2622098400745476,1.2229998513312792,,,,1.0,1.0,37.30589433360164,0.6526360646722841,0.0,0.0,0.0,84.0,3
1,247.0,1.3211262436944138,1.088217183522008,,,,1.0,1.0,24.299195404368845,0.5124237788533018,1.010166939160348,0.0,0.0,83.0,3
1,248.0,1.321134523029507,1.230988428579003,,,,1.0,1.0,30.29137165467723,0.6792512482667671,5.189787546858382,0.2737316288259451,0.0,82.0,3
1,249.0,1.3392462815655946,1.348117599906458,,,,1.0,0.0,101.9470060851824,0.6401892748708654,5.338778032701522,0.0,0.0,81.0,3
1,250.0,1.3476352023011169,1.3446448930142452,,,,1.0,0.0,105.64905797361128,0.4623901669411774,6.315029751167606,0.0,0.0,80.0,3
1,251.0,1.3811888606729477,1.483184822000461,,,,1.0,1.0,35.008726988257536,0.7431498757065481,3.779645414499479,0.0097892135210313,0.0,79.0,3
1,252.0,1.711433872275544,1.7702465517306745,,,,1.0,1.0,20.700822967271854,0.6342808484810746,2.26535510802021,0.1561861389453735,0.0,78.0,3
1,253.0,1.711482233230906,1.5808963407916428,,,,1.0,1.0,38.987972612171575,0.6760071235904995,0.0,0.2188643956567726,0.0,77.0,3
1,254.0,1.7363259843686871,1.6437089924998227,,,,1.0,1.0,25.53434689207569,0.6255224955474199,7.437608406052247,0.1913331764764763,0.0,76.0,3
1,255.0,1.7395917157882816,1.719451500284655,,,,1.0,1.0,24.92466047135592,0.8292529314666831,2.424552755724357,0.0,0.0,75.0,3
1,256.0,1.7619994412501594,1.84465503658654,,,,1.0,1.0,35.68024341777714,0.5322923265994417,3.439908642586983,0.0,0.0,74.0,3
1,257.0,1.7637395352473049,1.9733517407063608,,,,1.0,1.0,33.19813204748951,0.6686319288007597,2.7374311526229995,0.0,0.0,73.0,3
1,258.0,1.8083658978283372,1.81791915687608,,,,1.0,0.0,104.44759800002896,0.6983787900107881,6.694482306291652,0.1393504133927415,0.0,72.0,3
1,259.0,2.0617637948785243,2.136709360047418,,,,1.0,0.0,102.38553985601474,0.4460162534089361,0.0,0.2786847078863546,0.0,71.0,3
1,260.0,2.3127190292107334,2.2675834263065293,,,,1.0,0.0,96.10665628805612,0.4963932706163524,6.690310218652616,0.028591980871923,0.0,70.0,3
1,261.0,2.3168896571396345,2.589825614144433,,,,1.0,1.0,38.64497670442852,0.7602994264099157,1.97627214022466,0.1701210613398998,0.0,69.0,3
1,262.0,2.331728514069269,2.214425868533128,,,,1.0,1.0,36.75312560476328,0.625582684440537,6.076866154525737,0.0256873844114221,0.0,68.0,3
1,263.0,2.515903156829113,2.6995908224730347,,,,1.0,0.0,92.34570040676611,0.6640764968302385,9.917974950253424,0.0,0.0,67.0,3
1,264.0,2.5312644653412675,2.571427148995937,,,,1.0,1.0,23.48673941582768,0.6192576551986948,6.037236509875264,0.1598699252244577,0.0,66.0,3
1,265.0,2.531523719050066,2.31618089481805,,,,1.0,0.0,112.58292816651247,0.7137986992316954,0.0,0.3066729015221423,0.0,65.0,3
1,266.0,2.531713952120285,2.697321322592788,,,,1.0,0.0,101.7415111686076,0.6287986041907743,0.2263052734651358,0.2447412077597664,0.0,64.0,3
1,267.0,2.531768030874766,2.3666511384492632,,,,1.0,1.0,24.587864013058564,0.6092721786196615,2.961710342503731,0.0722616221195794,0.0,63.0,3
1,268.0,2.639543853089529,2.609913569234984,,,,1.0,0.0,91.24779122753796,0.6754995478351079,8.517608808780203,0.1904611952138336,0.0,62.0,3
1,269.0,2.70635760420738,2.530467115678182,,,,1.0,1.0,21.066462443159608,0.6121089026308417,1.931273024408867,0.2873589721628088,0.0,61.0,3
1,270.0,2.779564231177045,3.07154565680426,,,,1.0,1.0,35.296118694481606,0.7269610506688784,6.1510210673039705,0.0910163405751087,0.0,60.0,3
1,271.0,2.796648431635252,2.9937498528318365,,,,1.0,0.0,94.08468270421594,0.5160074836445484,2.2722147528259877,0.1154446960566778,0.0,59.0,3
1,272.0,2.7970627967537376,2.5859911928215,,,,1.0,1.0,31.89640017182581,0.753110477540861,6.136150319495709,0.3126007341820834,0.0,58.0,3
1,273.0,2.963556530702677,2.8511796446083078,,,,1.0,1.0,29.33885671734414,0.4999567784942675,7.129297952072088,0.1404462842246837,0.0,57.0,3
1,274.0,3.1045457075285445,3.1587971953420926,,,,1.0,1.0,31.086155974052623,0.6041690418414141,3.70743601777106,0.1074931859853624,0.0001092980496264,56.0,3
1,275.0,3.110845253735244,3.1239232143662083,,,,1.0,1.0,31.264424074849494,0.5739815922392935,9.06455713501528,0.1147191499162925,0.0001228667027563,55.0,3
1,276.0,3.128751859037011,2.888598964381748,,,,1.0,0.0,102.18016984012408,0.584178108367434,9.50927149279805,0.24941723647299,0.0001657704120548,54.0,3
1,277.0,3.162448340573331,3.104722058281262,,,,1.0,1.0,31.36602011426061,0.510434466271197,8.505610380567298,0.1842389067312809,0.0002638946335502,53.0,3
1,278.0,3.379355332518608,3.554300744604126,,,,1.0,0.0,110.06443857941524,0.5081694151069257,9.56330050882061,0.3754401785777728,0.001439104683103,52.0,3
1,279.0,3.389154560207277,3.210967638910968,,,,1.0,1.0,20.690774233787444,0.6272883610380213,6.833133138705155,0.1316728283709,0.0015144127173011,51.0,3
1,280.0,4.185610752311243,4.382571029649551,,,,1.0,1.0,29.4119457228744,0.7457963492732046,10.156300951671655,0.4676202725542984,0.0140567285599603,50.0,3
1,281.0,4.40464173027147,4.774373375650122,,,,1.0,1.0,31.97966937215412,0.7805211865607118,10.792577133439094,0.3874597640947221,0.0197301839042002,49.0,3
1,282.0,4.439681391194327,4.519135361130143,,,,1.0,0.0,97.34135441747074,0.5490881746574924,10.717666034386944,0.3439222814775157,0.0207268250815123,48.0,3
1,283.0,4.439899438951433,4.516063089498158,,,,1.0,1.0,28.3686899748848,0.7671258947488049,11.995641733851516,0.2224563395758987,0.0207331039429265,47.0,3
1,284.0,4.4748619857640985,4.377882557585233,,,,1.0,1.0,28.32030387479926,0.8148833877868015,12.82362821163516,0.3816174607158643,0.0217521787705202,46.0,3
1,285.0,4.478912066041239,4.333934512150989,,,,1.0,1.0,38.768455133505405,0.6150475014150053,13.24156069069905,0.3982163191388034,0.0218718089908236,45.0,3
1,286.0,4.571598413223953,4.562199869793586,,,,1.0,1.0,31.82737236321417,0.942262734317108,10.6731413116545,0.4608481278499164,0.0246992157244804,44.0,3
1,287.0,4.572504900780322,4.61787235793434,,,,1.0,1.0,26.463677350242683,0.7212771534079403,10.483980568987942,0.5250480337608419,0.0247277166297813,43.0,3
1,288.0,4.6334255254957695,4.524115773289609,,,,1.0,1.0,27.551249085493957,0.7152375023695656,14.11433668983219,0.8800181128275446,0.0266807894734113,42.0,3
1,289.0,4.663131997139771,4.6438558750114,,,,1.0,1.0,31.392879572559032,0.6257758885668837,15.705384177917605,0.4675538164488274,0.0276600803991012,41.0,3
1,290.0,4.689140899848038,4.51348462172166,,,,1.0,0.0,102.97476128205304,0.4306806731098129,15.47991924454003,0.6640308195845233,0.0285319697953943,40.0,3
1,291.0,4.689151592836526,4.630416871887055,,,,1.0,1.0,25.089902900848497,0.4801474528244133,12.79845326269715,0.6791686004406279,0.0285323310358217,39.0,3
1,292.0,4.690357531104937,4.570891503946,,,,1.0,1.0,30.419905016572272,0.5550267499231264,9.866669038024048,0.5453454946664763,0.0285730858296317,38.0,3
1,293.0,4.7336292679739005,4.554670274737365,,,,1.0,0.0,90.60477383540363,0.5836829915030985,12.906942648036658,0.7354138094380078,0.0300547043877572,37.0,3
1,294.0,4.774529041932699,4.645093241120125,,,,1.0,1.0,29.767063648303303,0.6522637948450783,10.57194886476026,0.2284471630176691,0.0314895332066258,36.0,3
1,295.0,4.90748339490346,5.078832363084213,,,,1.0,1.0,33.62141338728114,0.6306776032138244,10.388975159237596,0.3622143588142779,0.0363849290183243,35.0,3
1,296.0,5.102040076401956,5.041031613944968,,,,1.0,1.0,20.207042798014847,0.6231454370874233,14.312228327086167,0.7889727639782663,0.0441857248279994,34.0,3
1,297.0,5.180250611999633,5.2217321620335335,,,,1.0,0.0,99.27605920497756,0.6215791207273327,17.312223333435323,0.5748008948626866,0.0475349273112477,33.0,3
1,298.0,5.332170203338167,5.357429482209454,,,,1.0,1.0,34.7382480492415,0.5132668762885986,14.887618971053094,0.7243074025821777,0.0543901785733838,32.0,3
1,299.0,5.332937954795046,5.212564044813299,,,,1.0,1.0,24.533380710563087,0.6532690330972252,19.47436540262125,0.5638680642982946,0.0544259950092329,31.0,3
1,300.0,5.502132766226059,5.302945055472968,,,,1.0,1.0,27.84330280880245,0.374207381964389,14.970898829362715,0.6914286012819786,0.0626066837982207,30.0,3
1,301.0,5.503060950898031,5.385804072806236,,,,1.0,1.0,25.83481638601994,0.568604477630833,18.968036702103827,0.8481616608500113,0.0626531412391055,29.0,3
1,302.0,5.533779572987696,5.730453405935412,,,,1.0,0.0,100.27006786086642,0.5932027332981098,17.309715524227936,0.6267247815942423,0.0642003892448971,28.0,3
1,303.0,5.7237010888446855,5.636197393010583,,,,1.0,1.0,26.61991347159316,0.5381455704328002,17.4368734406428,1.0373616573732136,0.0741854762137372,27.0,3
1,304.0,5.8824504316362685,6.1523411678891184,,,,1.0,0.0,89.25050551051717,0.6633465369123547,15.48547406012339,0.9189619870851188,0.083085204908401,26.0,3
1,305.0,5.911187270662686,5.821970832479336,,,,1.0,1.0,29.26278755040916,0.7832049770952807,14.335194011404134,0.6128939104634205,0.0847501132486845,25.0,3
1,306.0,5.992211584195177,5.7000290571970025,,,,1.0,1.0,40.30149085262039,0.6018342214575445,17.102701130714692,0.8479465470853762,0.0895333016459181,24.0,3
1,307.0,6.001751209471485,5.800668232470911,,,,1.0,0.0,100.48943706696376,0.5167528463484776,21.33746020260276,0.9461443651102824,0.0901051032356352,23.0,3
1,308.0,6.323625858142374,6.363510630114451,,,,1.0,0.0,102.77923310010844,0.679935575245367,22.627188103490443,0.8776592964352208,0.1104648884491263,22.0,3
1,309.0,6.397505393024463,6.530795225074095,,,,1.0,0.0,106.9118360153248,0.7401281421824679,22.671374153880688,0.8673816071440439,0.1154304289563031,21.0,3
1,310.0,6.50423280634941,6.579667867086531,,,,1.0,1.0,25.18540818116656,0.6773187070929266,20.69923381401125,1.0447421225221294,0.1227964756109546,20.0,3
1,311.0,6.681204264849345,6.685776092389195,,,,1.0,0.0,86.83441100418159,0.5925867115175082,17.36869192578621,1.19012877282857,0.1355126483954501,19.0,3
1,312.0,6.772604502154859,6.881146545031526,,,,1.0,1.0,30.59612930563696,0.5672324444606808,16.596756613541054,1.1584687034180037,0.1423254472967911,18.0,3
1,313.0,6.8618540435512685,6.911151867607249,,,,1.0,1.0,39.41087440102025,0.6074053867383167,25.43711237645508,1.083769293626402,0.1491391665369328,17.0,3
1,314.0,6.893181750293604,6.964895249787722,,,,1.0,1.0,28.838653350378824,0.6319486951760378,26.75625569785593,1.1244770719016886,0.1515686414081917,16.0,3
1,315.0,6.917582650367541,7.025558243998249,,,,1.0,0.0,103.13826846181212,0.7409081199350722,27.35348094953313,1.1191275107339282,0.1534745382246076,15.0,3
1,316.0,7.229099677657658,7.062566169681218,,,,1.0,1.0,31.548100409545835,0.6833320549839147,20.23634162533505,1.1405508265535,0.178852840835641,14.0,3
1,317.0,7.242420951195124,7.119843131203775,,,,1.0,0.0,99.38486280309066,0.7184063128687134,18.37153850357818,1.3996750729686325,0.1799813552713934,13.0,3
1,318.0,7.387588997632712,7.438397073063157,,,,1.0,0.0,101.48126812956536,0.7130167623371497,30.44212851415338,1.2517759474815806,0.1925093721214763,12.0,3
1,319.0,7.388170981100647,7.563153269747199,,,,1.0,1.0,36.00153129129661,0.6533132820760655,23.682859540126547,1.391794237681102,0.1925604455937382,11.0,3
1,320.0,7.49039325632139,7.365028936068254,,,,1.0,1.0,31.67920628466512,0.3313179287950769,26.310207065992262,1.29945917023905,0.2016363159641662,10.0,3
1,321.0,7.625183778480346,7.869823155669787,,,,1.0,1.0,11.757935873926083,0.4520310256398127,29.503263941571724,1.359867259349887,0.2139232498471772,9.0,3
1,322.0,7.985044215362076,8.109221729756438,,,,1.0,0.0,103.34270536086755,0.5081344883663614,31.88915263265274,1.4966334413207951,0.2485066582911489,8.0,3
1,323.0,8.437335760009349,8.539640927515938,,,,1.0,0.0,109.59378692029892,0.5759743532230869,27.57538203471604,1.7506669492863556,0.2956462016707645,7.0,3
1,324.0,8.520162877537997,8.240182384977038,,,,1.0,1.0,29.990400734118268,0.6651809840684811,32.8982315398849,1.610010083165587,0.3047219819454858,6.0,3
1,325.0,8.758437543814981,8.844951253743941,,,,1.0,0.0,100.91718981335394,0.5241429683112744,36.44997023236704,2.005070360742987,0.331596029460179,5.0,3
1,326.0,8.986048150075561,8.84213226456704,,,,1.0,1.0,29.821946319049545,0.4879032011601979,37.66913830926503,1.7281221864154412,0.3583277245502304,4.0,3
1,327.0,9.040975711245082,9.093272362895217,,,,1.0,0.0,94.80465534201794,0.7168131420990979,34.808760581372994,1.77821514044866,0.3649338754385303,3.0,3
1,328.0,9.417481333478884,9.395340945534084,,,,1.0,0.0,98.02042975596702,0.6137591733180968,39.65518432429744,2.187982085396237,0.4118406666554993,2.0,3
1,329.0,9.703886061710728,9.764151754094511,,,,1.0,1.0,33.0840709984489,0.5244061435134163,34.72678402518706,1.9232957854743464,0.4494208832839939,1.0,3
1,330.0,10.0100305936302,10.275868333130662,catastrophic_failure_replacement,623.9645626295869,,1.0,1.0,35.52339607701265,0.5831436791598814,2.3343275583780523,0.0,0.0,0.0,3
2,0.0,0.0,0.0,,,,0.0,0.0,95.9012943305355,0.5286710482212059,0.0,0.0442779433005353,0.0,107.0,5
2,1.0,0.000995307693983,0.0619094392560996,,,,0.0,1.0,34.858114909931004,0.6212040905913455,2.6343368232964384,0.0,0.0,106.0,5
2,2.0,0.0697765857212891,0.0759561238336247,,,,0.0,0.0,94.51483586446072,0.7421881634623368,0.0,0.1165776014165618,0.0,105.0,5
2,3.0,0.0697826694766799,0.0,,,,0.0,1.0,29.390880592561548,0.5639520147435125,0.0,0.0,0.0,104.0,5
2,4.0,0.1922741694082362,0.1584648030508876,,,,0.0,0.0,94.40962120302746,0.6221947754577949,0.0,0.05145669235211,0.0,103.0,5
2,5.0,0.6537162647342766,0.5641565869522149,,,,0.0,1.0,32.92771260271021,0.5835915030678664,1.3967324849465133,0.0,0.0,102.0,5
2,6.0,0.6547289573531297,0.7455487978262858,,,,0.0,1.0,37.68626502100996,0.5469664082785353,0.0,0.4077397919915033,0.0,101.0,5
2,7.0,0.6945357662213631,0.550574774843212,,,,0.0,1.0,31.83107596203724,0.4117515093928034,0.915789753416649,0.1681286814848126,0.0,100.0,5
2,8.0,0.7396336400778226,0.7019876635135978,,,,0.0,0.0,106.87204099324848,0.6265498636091521,2.392778744781958,0.0,0.0,99.0,5
2,9.0,0.7405662775951932,1.0397108157855215,,,,0.0,0.0,85.64573453425312,0.6750687290896197,0.0,0.2505617519958824,0.0,98.0,5
2,10.0,0.7480162515476071,0.655415724588705,,,,0.0,1.0,24.140011208127497,0.8108554352583611,3.297882899280653,0.2456441590817274,0.0,97.0,5
2,11.0,0.771137342108793,0.8578345137909523,,,,0.0,1.0,21.60354819141425,0.4384325835426743,0.0,0.1590994803325855,0.0,96.0,5
2,12.0,0.7724223918164835,0.5785238423982572,,,,0.0,1.0,31.68935625073549,0.663635751627205,0.0,0.0,0.0,95.0,5
2,13.0,0.7730896008401067,0.8953692659385678,,,,0.0,1.0,25.93662488982069,0.703814818734545,0.0,0.1598824680003297,0.0,94.0,5
2,14.0,0.7731107924017291,0.9365241137286706,,,,0.0,0.0,91.53111855814116,0.7596699272830622,3.698993078809061,0.0161286873331816,0.0,93.0,5
2,15.0,0.7739302368174336,0.7713289514703041,,,,0.0,1.0,32.35644947695491,0.682122430998191,0.0,0.0,0.0,92.0,5
2,16.0,0.8043603852381498,0.7807111732883643,,,,0.0,0.0,96.26996189798936,0.6835965288403054,0.0,0.1038158133741762,0.0,91.0,5
2,17.0,0.8149637579028229,0.7588827251895862,,,,0.0,1.0,31.68010345722335,0.6105924052409312,0.0,0.0,0.0,90.0,5
2,18.0,0.8167483469855326,0.8537158353233288,,,,0.0,1.0,34.83195384466407,0.4906021655535103,1.6466098465553496,0.0340743964769155,0.0,89.0,5
2,19.0,1.037507204204268,0.9816764109403452,,,,0.0,1.0,30.33492339547417,0.7461994822631337,4.808539094441413,0.0,0.0,88.0,5
2,20.0,1.0967518441221074,1.393192032055278,,,,0.0,1.0,27.28401649218214,0.6095077060530579,2.4858719321465257,0.0,0.0,87.0,5
2,21.0,1.0971435101425069,1.1168140176467047,,,,0.0,1.0,34.34228571868879,0.6506482185028866,1.3148746466586647,0.0,0.0,86.0,5
2,22.0,1.097191969272877,1.34783692549982,,,,0.0,1.0,35.1416889492665,0.8291447148048713,2.8800899648600584,0.0698859100723576,0.0,85.0,5
2,23.0,1.097192015425256,0.9571724283399828,,,,0.0,0.0,99.95977389345512,0.6955023501323149,4.534449275075419,0.2330103654045895,0.0,84.0,5
2,24.0,1.1397838467687844,1.154476372269027,,,,0.0,1.0,37.173188835254976,0.5861211190725608,1.462988495382774,0.0,0.0,83.0,5
2,25.0,1.1508901618441831,1.153167610229625,,,,0.0,1.0,34.35255364941157,0.3422483945363488,0.0,0.0,0.0,82.0,5
2,26.0,1.1508991399707873,1.05324088044509,,,,0.0,1.0,41.8303980450582,0.6221627194411509,4.73917663046592,0.0,0.0,81.0,5
2,27.0,1.150899485418861,1.1843125255818052,,,,0.0,1.0,25.241969610595405,0.6172196745156929,3.1924020147166816,0.0318998365734293,0.0,80.0,5
2,28.0,1.1510570758657603,1.180376688753642,,,,0.0,1.0,39.29168217024775,0.518530126271705,0.3011603849992403,0.0,0.0,79.0,5
2,29.0,1.4635349958791284,1.6120139874536177,,,,0.0,0.0,102.8465578689854,0.7745399414879531,1.886571130967104,0.0764423147389254,0.0,78.0,5
2,30.0,1.4680864127572315,1.4591499377594106,,,,0.0,0.0,87.23529424217418,0.5122561757838651,2.0455668208927174,0.0,0.0,77.0,5
2,31.0,1.5309800802412743,1.4308137862601558,,,,0.0,0.0,96.0641895945416,0.6237760699259194,3.190378405969338,0.0,0.0,76.0,5
2,32.0,1.6390376484585507,1.702306924044991,,,,0.0,1.0,27.39818481733395,0.69836498580259,8.341770106337181,0.070565244771355,0.0,75.0,5
2,33.0,1.6395284580653278,1.689956251882372,,,,0.0,0.0,92.83170405764167,0.724731326828175,1.6055535989029397,0.1501351089227516,0.0,74.0,5
2,34.0,1.774824332701752,1.4777039784313903,,,,0.0,0.0,96.74216398835486,0.5453550717592989,1.12545416244582,0.0396716586348636,0.0,73.0,5
2,35.0,2.33310845042212,1.8454977148710272,,,,0.0,1.0,27.25035768238343,0.603202125755631,2.547834459932388,0.0,0.0,72.0,5
2,36.0,2.5415247621017074,2.562836524085326,,,,0.0,1.0,30.934301153555747,0.5699963117863138,1.948462904198867,0.0908249817280168,0.0,71.0,5
2,37.0,2.541525842885721,2.4943835777743915,,,,0.0,1.0,30.177032371536605,0.610879317204531,0.0,0.0645287909992639,0.0,70.0,5
2,38.0,2.543013549831933,2.5802395901521105,,,,0.0,1.0,34.62773522091735,0.4903969952691311,7.94338325642877,0.4391260079344886,0.0,69.0,5
2,39.0,2.5430141927703374,2.6990897035259724,,,,0.0,1.0,26.059177241199578,0.6140971946869449,4.771771024101904,0.4136761814959053,0.0,68.0,5
2,40.0,2.568518406816908,2.955590334616548,,,,0.0,1.0,23.95664752320409,0.5317270294372733,4.553278176542189,0.3055416986270295,0.0,67.0,5
2,41.0,2.6866764947548902,2.4926610295275933,,,,0.0,1.0,26.14916169997695,0.710184005896461,6.782133150504434,0.1969882758463006,0.0,66.0,5
2,42.0,2.688427695476117,2.597309599142056,,,,0.0,1.0,31.60297622237008,0.5512667379912167,4.367631793525168,0.1879757285323448,0.0,65.0,5
2,43.0,2.7169847905524867,2.6509980044370245,,,,0.0,0.0,113.1840427705315,0.6032176568020691,10.916538046633342,0.0,0.0,64.0,5
2,44.0,3.1939382429870053,3.111139092761398,,,,0.0,0.0,105.19377330626963,0.4774585314584287,3.081949159030791,0.0,0.0003761204209288,63.0,5
2,45.0,3.2372603267280127,3.470696654359756,,,,0.0,0.0,105.05648638370188,0.5966820736010898,14.463232183722171,0.266732937173556,0.0005629246263908,62.0,5
2,46.0,3.3167915775217893,3.387494994100555,,,,0.0,0.0,100.25839688395486,0.5340810984758702,5.6132639587937865,0.2497819587893183,0.0010035690358874,61.0,5
2,47.0,3.333125366208592,3.405231094675207,,,,0.0,1.0,34.44972220847512,0.7885002967965304,6.224730091901234,0.4576898057125467,0.001109725096116,60.0,5
2,48.0,3.680069381341252,3.748287602996752,,,,0.0,1.0,31.391641053038956,0.4892183135468682,9.00441949576023,0.5644910038984211,0.0046249436343787,59.0,5
2,49.0,3.719492770041812,4.0033193704704,,,,0.0,1.0,27.08247114966412,0.4968872880559787,6.356577034808691,0.273165926472088,0.0051766984614244,58.0,5
2,50.0,3.728083049459465,3.4708904954198525,,,,0.0,1.0,34.53057924623561,0.6670932885970194,9.482441622478108,0.2076524234089082,0.0053010492691019,57.0,5
2,51.0,3.735736284805044,3.6522031664431953,,,,0.0,1.0,36.69862672298946,0.633259507104051,8.456112868727741,0.6059061207610794,0.0054130788077872,56.0,5
2,52.0,3.751277155772179,3.6585948636914014,,,,0.0,1.0,23.072067392917774,0.9134928066298325,7.279587401138,0.4998438067853654,0.0056441736478513,55.0,5
2,53.0,3.751285963472218,3.908526542036316,,,,0.0,1.0,23.705458698685383,0.5052977309334662,12.072050741716543,0.2700752347446301,0.0056443059891037,54.0,5
2,54.0,3.751302107629034,3.779750619889803,,,,0.0,1.0,34.15304844433175,0.6933836565399479,6.64843122155114,0.3774550240497443,0.0056445485692782,53.0,5
2,55.0,3.7581922059745456,3.635558365968501,,,,0.0,0.0,91.59719077214524,0.5979051847336095,14.956065819769378,0.3216531267313015,0.0057485542120054,52.0,5
2,56.0,3.8325029328546174,3.8028696949648126,,,,0.0,0.0,93.38075697464012,0.6795489500611691,11.300319750582911,0.4972906819195953,0.0069306113321154,51.0,5
2,57.0,3.9576664101070143,4.323046610502692,,,,0.0,0.0,116.15741276815125,0.7396855442587742,9.219352922311588,0.4699692586818367,0.0091712495304725,50.0,5
2,58.0,3.957712847090144,3.9094896160641217,,,,0.0,1.0,33.31487037441499,0.6690892615211976,10.796643823606868,0.2975775634108208,0.009172138974815,49.0,5
2,59.0,3.9608773750424016,4.061402676189352,,,,0.0,1.0,32.65675855832792,0.5871100817629618,8.89532702178838,0.262321524847654,0.0092328532986837,48.0,5
2,60.0,3.9651357486138754,4.060243019836478,,,,0.0,0.0,103.46570086303818,0.6625019111897713,12.001086570483766,0.3720994210298359,0.0093148701325246,47.0,5
2,61.0,3.9652100189937753,4.136798371759896,,,,0.0,0.0,102.18830059546951,0.7133394381521924,11.33626837821964,0.3358764667110414,0.0093163038076596,46.0,5
2,62.0,4.052005209781018,3.994013070331284,,,,0.0,1.0,23.96844038943523,0.5421104952020271,10.509756436246423,0.3398854969012178,0.011067149614064,45.0,5
2,63.0,4.414398419667783,4.24367588586113,,,,0.0,1.0,37.755816606661305,0.6742896792790662,11.051483734982044,0.2930105704545555,0.0200052288955872,44.0,5
2,64.0,4.420755794778426,4.656286436855584,,,,0.0,1.0,34.075701441005535,0.6872907805497772,9.12926722267868,0.4097360762837893,0.0201854702839647,43.0,5
2,65.0,4.4295428334678135,4.580331221821252,,,,0.0,1.0,30.3302412643937,0.4793652396925449,13.322151100201197,0.4202564834087905,0.0204359271271918,42.0,5
2,66.0,4.43313296833235,4.657941143857925,,,,0.0,1.0,30.15784284248128,0.7915750184128514,12.637023638003043,0.5598066082014651,0.0205387010492109,41.0,5
2,67.0,4.51733794938716,4.456978762160597,,,,0.0,1.0,28.21796579481449,0.6877871888745659,10.958115594161171,0.5769519224962817,0.0230231445265043,40.0,5
2,68.0,4.560191481585622,4.642492490975824,,,,0.0,1.0,34.25496745091589,0.5201719784490687,10.903356151747808,0.3796912826099546,0.0243419745921233,39.0,5
2,69.0,4.586518394637704,4.4348611186204,,,,0.0,0.0,96.76206409726667,0.7505652344580115,8.958884298264271,0.4256227126600307,0.0251704061652379,38.0,5
2,70.0,4.747734440375609,4.921584060527582,,,,0.0,1.0,30.090310412885945,0.6386430180247543,11.197918877727226,0.7528948209683047,0.0305457567407504,37.0,5
2,71.0,4.753501595256716,4.907300634123563,,,,0.0,1.0,32.58799188838285,0.508999843872545,8.99618261632191,0.6516323447334583,0.0307476784456784,36.0,5
2,72.0,4.760974644574803,4.808662773813966,,,,0.0,0.0,94.92166188006914,0.739366836346084,13.25518843600673,0.6076357890024654,0.0310103169883535,35.0,5
2,73.0,4.780879019656901,4.823100581191408,,,,0.0,1.0,39.65472708304949,0.3961381996321421,17.24432740331426,0.709729419095242,0.0317153008265412,34.0,5
2,74.0,4.791526582424656,4.865341132576942,,,,0.0,1.0,34.29995683227225,0.64879166358164,4.967626731847036,0.7307636549287595,0.0320956749553416,33.0,5
2,75.0,4.792887203250481,4.191508130899333,,,,0.0,0.0,90.00356706352362,0.6407966423882858,14.34374898143482,0.6225787204317583,0.0321444452357933,32.0,5
2,76.0,4.992695120272496,5.432133986331884,,,,0.0,0.0,104.25038276671296,0.5816852068445969,9.138789196288991,0.6736753465589342,0.0397083384235781,31.0,5
2,77.0,4.9936250856989925,4.843014921063456,,,,0.0,1.0,27.92389175947655,0.5854636511418531,16.00379334820653,0.630683164511266,0.0397454098232831,30.0,5
2,78.0,4.997015774676006,5.14606762263317,,,,0.0,0.0,107.37981879199482,0.6507526052693521,14.863822448286674,0.4845445837720263,0.0398807200430481,29.0,5
2,79.0,5.196920196567595,5.0084551469099,,,,0.0,1.0,34.23473375427689,0.4711969896850015,15.655454561441717,0.5756647728952076,0.048264583500866,28.0,5
2,80.0,5.975800079294471,6.119731871653603,,,,0.0,1.0,24.55598157901953,0.5919212838652752,22.59399297517967,0.6094853766248901,0.0885538611192898,27.0,5
2,81.0,5.975832679733677,6.092105544653142,,,,0.0,0.0,97.4525087669042,0.510500253523549,19.11111568397152,1.0246762981820012,0.0885558013777091,26.0,5
2,82.0,6.061056858848605,6.201693579481901,,,,0.0,1.0,26.630791362635428,0.633629748571158,22.55862417090196,0.4152558777630314,0.0937006909310409,25.0,5
2,83.0,6.109388882517805,6.052414075271511,,,,0.0,1.0,29.47910985058681,0.7901704929674312,14.157975754417173,0.7250121268419588,0.0966829922272532,24.0,5
2,84.0,6.1095230973135,6.101763547617455,,,,0.0,1.0,32.164930451813774,0.729268266011901,19.850754313282717,0.8542386629815338,0.0966913389272614,23.0,5
2,85.0,6.348482578550118,6.2857669815832855,,,,0.0,1.0,36.99122635412616,0.5140337607832481,19.84799608603488,1.18854089150522,0.1121233557885364,22.0,5
2,86.0,6.361770321220572,6.413587034072933,,,,0.0,1.0,33.86918609544186,0.7159077001458781,22.76244814421521,1.3579503372543722,0.1130149969263947,21.0,5
2,87.0,6.369343949688934,6.195173745491326,,,,0.0,1.0,30.359958343626086,0.5309235701832689,21.954237285575168,1.194453380919217,0.1135247865130543,20.0,5
2,88.0,6.3822736343011535,6.508438684668238,,,,0.0,1.0,24.16795263110224,0.7469390058434972,19.395070958959725,1.0494766337876096,0.1143977493728873,19.0,5
2,89.0,6.4253046755187455,6.310252940806266,,,,0.0,0.0,93.47121883827704,0.6490721238764174,19.5147231718458,0.9464433912509832,0.1173271212013058,18.0,5
2,90.0,6.434460526936053,6.084916629946701,,,,0.0,1.0,26.568715495813212,0.6572025992662168,15.862452067410896,0.9763671676642204,0.1179551911108186,17.0,5
2,91.0,6.450572282325751,6.84685132124553,,,,0.0,1.0,32.549843664453775,0.61683777949528,18.8377384212728,1.213938645655382,0.1190644907555474,16.0,5
2,92.0,6.591793858281527,6.721620953867551,,,,0.0,0.0,97.3325902322577,0.5525936174131004,13.009784423169457,1.0224579689519195,0.129009831203889,15.0,5
2,93.0,6.672145539427532,6.7736401873597165,,,,0.0,1.0,22.14416606540505,0.758012370445678,25.445095801599344,1.171837774382391,0.1348465286273752,14.0,5
2,94.0,6.708762058859951,6.654574630734657,,,,0.0,1.0,40.3833878214388,0.686718062641265,22.086654723018658,0.8508551645420442,0.137549160092391,13.0,5
2,95.0,6.869833218438843,6.86521125040506,,,,0.0,1.0,26.985527092222448,0.6714594177086256,22.818423835820163,1.3846958925831556,0.1497560913853273,12.0,5
2,96.0,6.969557603656137,6.824269353593054,,,,0.0,0.0,103.01792832354684,0.7034992628096037,24.952222622328836,1.2468050438260665,0.1575738756874425,11.0,5
2,97.0,7.010511529790262,7.07215016767263,,,,0.0,1.0,35.72519218953574,0.5428230786407021,21.13450880907729,1.4464121110433408,0.1608420273058063,10.0,5
2,98.0,7.331226118234285,7.50284917417619,,,,0.0,1.0,33.09757762790113,0.5415352513360864,21.712510815540156,1.49076664601892,0.1875951968727482,9.0,5
2,99.0,7.413134734769563,7.321423787183322,,,,0.0,0.0,110.74494761915732,0.6301087996939958,26.393193340066677,1.362207406953317,0.1947575818722962,8.0,5
2,100.0,7.841394792031844,7.700189705405192,,,,0.0,1.0,35.646883489218986,0.5059407293857784,32.84853537851506,1.729129532469713,0.2343910353231306,7.0,5
2,101.0,7.877039225284165,7.752228421506434,,,,0.0,1.0,35.329267564653044,0.5425324410258332,27.95743934319836,1.4005314018902832,0.2378551160496037,6.0,5
2,102.0,8.143303469575802,8.154446646480515,,,,0.0,1.0,29.650771261380623,0.7762745462755485,26.841743176970468,1.5946642071907902,0.2645357058015048,5.0,5
2,103.0,8.60116083022181,8.818238260226083,,,,0.0,1.0,27.29269867173858,0.5870435441741294,34.93899861608048,1.8369928202903405,0.3137300264601107,4.0,5
2,104.0,8.854863958637115,8.73973295432139,,,,0.0,1.0,32.759704127765424,0.6618816711770715,30.345290636412507,1.98592329357104,0.3427943197414787,3.0,5
2,105.0,9.521556290718287,9.82722778207507,,,,0.0,0.0,104.70381817011572,0.491448316445644,41.81756193571957,2.0391609308515384,0.4253069645300729,2.0,5
2,106.0,9.966027972163031,10.02596041901347,,,,0.0,0.0,96.23762918993172,0.566975957954521,34.00305624571818,2.294984677737713,0.4852554570895782,1.0,5
2,107.0,10.517715990801587,10.497956323382036,catastrophic_failure_replacement,242.10826287078456,,0.0,1.0,35.24351204101401,0.5564170931168219,1.5576330646772267,0.0967570115150733,0.0,0.0,5
2,107.0,0.0,0.0,catastrophic_failure_replacement,242.10826287078456,,0.0,1.0,35.24351204101401,0.5564170931168219,1.5576330646772267,0.0967570115150733,0.0,129.0,6
2,108.0,0.0359032432865524,0.0625525057829956,,,,0.0,1.0,35.74348744937164,0.6226560267244292,1.7000345692774634,0.0,0.0,128.0,6
2,109.0,0.0518578787810656,0.3091135349893135,,,,0.0,1.0,36.44035501828491,0.534967901039911,4.61430681999625,0.0,0.0,127.0,6
2,110.0,0.0518905625136127,0.0296961496233537,,,,0.0,1.0,31.362786602435296,0.7492880554925302,0.0,0.0,0.0,126.0,6
2,111.0,0.0568940375639792,0.1592980690064903,,,,0.0,0.0,100.1480551942286,0.7250553443707287,0.0,0.0955459068214855,0.0,125.0,6
2,112.0,0.0701922025494345,0.0642263282638899,,,,0.0,1.0,32.812010585786325,0.632812085288852,0.0,0.0,0.0,124.0,6
2,113.0,0.2025825149268696,0.2259987657977517,,,,0.0,0.0,89.6229521840346,0.6191211789722065,0.0,0.0944563283796035,0.0,123.0,6
2,114.0,0.2566700841514983,0.1469151871756654,,,,0.0,1.0,32.650000507396044,0.8565135257139417,1.5373716692581691,0.1094219733176962,0.0,122.0,6
2,115.0,0.258866534801876,0.2312431077593597,,,,0.0,0.0,106.41490329767882,0.7204085858716638,4.67015977336508,0.0,0.0,121.0,6
2,116.0,0.2595662348628466,0.3040106739122497,,,,0.0,1.0,33.540597985343425,0.5880189804096424,2.384607783265077,0.0,0.0,120.0,6
2,117.0,0.2683231918776331,0.4262977528794942,,,,0.0,1.0,34.10226786921287,0.5639465542949753,2.282760908658472,0.216636771417226,0.0,119.0,6
2,118.0,0.268859118144193,0.3601347583802409,,,,0.0,1.0,33.79001659774737,0.7485217750205406,1.4553557782409932,0.0,0.0,118.0,6
2,119.0,0.2713553563868082,0.3534086417069177,,,,0.0,1.0,33.33634600398606,0.4776907092926268,1.9939117623335791,0.0,0.0,117.0,6
2,120.0,0.3495311027474592,0.4366404236061154,,,,0.0,1.0,32.23461861054928,0.5352333465488315,0.0,0.0,0.0,116.0,6
2,121.0,0.3495313039684676,0.360602695431018,,,,0.0,1.0,31.41064550235502,0.64812669959266,0.0,0.0,0.0,115.0,6
2,122.0,0.3524286464118035,0.1845271349752207,,,,0.0,1.0,36.32753224369174,0.4980036966052681,0.0,0.0,0.0,114.0,6
2,123.0,0.3747914739842808,0.3623315735971104,,,,0.0,0.0,103.76842738466948,0.5894307297280704,0.0,0.1926074583286834,0.0,113.0,6
2,124.0,0.3851247072300439,0.2180969841615966,,,,0.0,1.0,35.52929549619972,0.5374724664482281,5.1431715868996575,0.0,0.0,112.0,6
2,125.0,0.5438114368938751,0.4938508046912176,,,,0.0,1.0,23.672779573223757,0.6566792497610172,5.546992413545241,0.0552345346485492,0.0,111.0,6
2,126.0,0.6486813636992029,0.7578713413104406,,,,0.0,1.0,26.620703569488956,0.4930042517038554,0.6655088500958731,0.0,0.0,110.0,6
2,127.0,0.6618528428152536,0.6812629567793714,,,,0.0,1.0,26.265219130142363,0.528955335957645,2.6787487044898937,0.0,0.0,109.0,6
2,128.0,0.661852925185993,0.7416191463317215,,,,0.0,1.0,32.02377684720271,0.6425819025703613,1.7821532257462571,0.0313595397489564,0.0,108.0,6
2,129.0,0.8876884841901613,1.0687167691470427,,,,0.0,1.0,37.177541616364,0.6402517363011812,5.603507976222472,0.1796529150011062,0.0,107.0,6
2,130.0,1.1355516571084043,1.172710694436345,,,,0.0,1.0,21.981088345725222,0.6303039720123694,4.380189711381778,0.0,0.0,106.0,6
2,131.0,1.13623491403121,0.8948482116998321,,,,0.0,1.0,31.28511961719961,0.4248049286298085,4.9585264278834655,0.0,0.0,105.0,6
2,132.0,1.16020305166138,1.0698452276291297,,,,0.0,1.0,33.10582435013604,0.5805491973944638,0.0,0.1980876180007376,0.0,104.0,6
2,133.0,1.161039514536,1.152121044657103,,,,0.0,1.0,20.398759379026917,0.6518505406385596,1.4928869177419906,0.0865070988722653,0.0,103.0,6
2,134.0,1.1654989572200416,0.9469825691896508,,,,0.0,0.0,92.08710831122278,0.8169615982517494,0.0,0.0,0.0,102.0,6
2,135.0,1.1662774117257968,1.2290131053486018,,,,0.0,1.0,33.61937953527969,0.6174277031630836,7.0742092335893085,0.0,0.0,101.0,6
2,136.0,1.4251603811246272,1.5760251413961863,,,,0.0,1.0,29.9040056736542,0.6665247486563398,1.5118196924322274,0.0985095852597976,0.0,100.0,6
2,137.0,1.5112009409104576,1.547459593400733,,,,0.0,0.0,99.75315014679188,0.6382080119894152,0.0,0.0147633702333105,0.0,99.0,6
2,138.0,1.5125735510939111,1.730146447432383,,,,0.0,1.0,34.103253533629285,0.7202478552842013,1.1465504497712853,0.2245568690831172,0.0,98.0,6
2,139.0,1.5128142054219669,1.3486852746263436,,,,0.0,0.0,95.13952015026528,0.8316214627804361,3.703805926833037,0.0951373918166111,0.0,97.0,6
2,140.0,1.6817587368645417,1.7514913410251574,,,,0.0,1.0,18.40023994504886,0.6093255891156447,1.645824271711181,0.0,0.0,96.0,6
2,141.0,1.681769751284138,1.830247116794197,,,,0.0,0.0,93.61763815414108,0.5505524364834985,0.0,0.3115108887913518,0.0,95.0,6
2,142.0,1.6818020841286323,1.6423055744047463,,,,0.0,1.0,29.340491437057228,0.4900577224183882,0.0,0.2171269093500044,0.0,94.0,6
2,143.0,1.683924354981706,1.7119310450911454,,,,0.0,1.0,19.699092169927614,0.6105019164269678,3.750965962983902,0.0141173744658663,0.0,93.0,6
2,144.0,1.7088937277230491,1.6591443446159868,,,,0.0,1.0,34.305689429816915,0.7176521437084663,0.2515628466087198,0.0,0.0,92.0,6
2,145.0,1.931093475802108,1.726463811626315,,,,0.0,0.0,97.17299406499905,0.8335616324726531,2.8943530806819666,0.3861461421828998,0.0,91.0,6
2,146.0,2.0208331034203737,2.0709524300431386,,,,0.0,1.0,23.216006398562712,0.5733712466466506,5.57669144846702,0.0952480053341082,0.0,90.0,6
2,147.0,2.0936224192497024,1.9406565897681085,,,,0.0,1.0,36.75026558831707,0.5722398881748337,2.010844757594515,0.1019505021916955,0.0,89.0,6
2,148.0,2.096299647335002,2.1651553324411097,,,,0.0,0.0,105.13252446229151,0.5743651253634261,0.6935687896335527,0.0584671391643862,0.0,88.0,6
2,149.0,2.096467810732676,2.013000319238112,,,,0.0,1.0,25.43626311023983,0.6326337008260813,5.757718065179509,0.1920980231364031,0.0,87.0,6
2,150.0,2.1086630587128226,2.1827485022039164,,,,0.0,0.0,110.32127628419576,0.6025788139819692,1.9338882849657508,0.0476197162342968,0.0,86.0,6
2,151.0,2.1087111964736303,2.212694741199189,,,,0.0,1.0,35.232114478237044,0.5444719542795957,3.860110613942456,0.3222308585310671,0.0,85.0,6
2,152.0,2.277947526948827,2.2397137427693434,,,,0.0,1.0,29.556412085315507,0.667237278801589,4.397190990078861,0.2437665036800713,0.0,84.0,6
2,153.0,2.278381133189151,2.4481658369316883,,,,0.0,0.0,92.28768494639888,0.6123016105412867,6.933957410986345,0.0332438540313937,0.0,83.0,6
2,154.0,2.2945123054774648,2.4155100627352275,,,,0.0,1.0,25.483056590419835,0.780729211175305,1.7686462910397838,0.3278802232459255,0.0,82.0,6
2,155.0,2.297625506909616,1.9371605044666511,,,,0.0,1.0,35.141088209175415,0.6755088384871717,1.010085752595728,0.2036439845780555,0.0,81.0,6
2,156.0,2.3055284049343765,2.2652979579658177,,,,0.0,0.0,93.75293628924622,0.6046194444382638,7.795810797356447,0.0932179185625294,0.0,80.0,6
2,157.0,2.3377780842517266,2.360044581198448,,,,0.0,1.0,28.068250978395245,0.5108717258629349,0.9248918524979935,0.1088165211795343,0.0,79.0,6
2,158.0,2.337878249044385,2.484165551381501,,,,0.0,1.0,37.066994689603376,0.7790966200881267,5.673744929970392,0.1651465166950931,0.0,78.0,6
2,159.0,2.3431892967610777,2.3967950687553854,,,,0.0,1.0,29.889037611731503,0.7436628419623952,8.785278263417775,0.2359518474077852,0.0,77.0,6
2,160.0,2.36412284505207,2.2395363046870984,,,,0.0,1.0,26.816007253684667,0.6261389469954348,3.201560786059304,0.0543369755339277,0.0,76.0,6
2,161.0,2.3682827612669164,2.3521570153267737,,,,0.0,1.0,24.456120984868903,0.551046215059917,4.119948485197214,0.20006960544438,0.0,75.0,6
2,162.0,2.516104599420926,2.525994115796281,,,,0.0,1.0,31.00644513668627,0.6657664774063854,3.671870648348046,0.1900479917894491,0.0,74.0,6
2,163.0,2.523466619388524,2.5649411571058747,,,,0.0,1.0,23.546109260254504,0.6619231242159036,7.47765889618065,0.0,0.0,73.0,6
2,164.0,2.5364349770860875,2.606158583106987,,,,0.0,1.0,32.582980663684914,0.6928631522565862,6.855671306345503,0.3214597941074035,0.0,72.0,6
2,165.0,2.539080068290357,2.25569498780484,,,,0.0,1.0,28.75330112979957,0.5741557330022122,2.109520447764824,0.0462875536459503,0.0,71.0,6
2,166.0,2.5391597911607904,2.478502563182186,,,,0.0,0.0,95.66736480595544,0.6788539529447498,6.489495028631964,0.2387966746380139,0.0,70.0,6
2,167.0,2.712339999271827,2.856314760732057,,,,0.0,1.0,34.23057785984221,0.7998822067096036,6.661020416994946,0.318505593357941,0.0,69.0,6
2,168.0,2.736518399808185,2.5853662166716784,,,,0.0,1.0,32.34635018393702,0.6377136753217907,1.074230736888449,0.0339683371078342,0.0,68.0,6
2,169.0,2.745463428702481,2.7534250012152124,,,,0.0,0.0,92.59392603687247,0.6666089285914718,11.364336838336976,0.2009888070600584,0.0,67.0,6
2,170.0,3.058367619998977,2.893991605456132,,,,0.0,1.0,29.754404803343256,0.4772813461022354,4.278967974251417,0.1793552857098574,3.406779064345031e-05,66.0,6
2,171.0,3.0938316832968216,3.098162849446,,,,0.0,1.0,28.525621520312747,0.6383794107832962,6.435974114092403,0.0,8.804384790315044e-05,65.0,6
2,172.0,3.221740059072526,3.3681038766740614,,,,0.0,1.0,21.882662399227502,0.7299084415877157,7.312276827523649,0.0640843782729074,0.0004916865379748,64.0,6
2,173.0,3.221925922846437,3.210011200967876,,,,0.0,0.0,97.91694994697492,0.5734615411457229,8.134939872734888,0.0672630419941779,0.0004925111523124,63.0,6
2,174.0,3.223301496519371,3.49543130275712,,,,0.0,1.0,30.550125553217924,0.7159508673934127,4.188281446690594,0.1694031116021102,0.0004986355834779,62.0,6
2,175.0,3.272840111103338,3.304184859796612,,,,0.0,0.0,99.84853891801876,0.5391455190056191,9.859256107186273,0.2623068202681728,0.0007444172622688,61.0,6
2,176.0,3.272853532526454,3.191011037882328,,,,0.0,0.0,100.2787672126226,0.6455261719653594,5.479430583199402,0.3440687228108864,0.0007444905021216,60.0,6
2,177.0,3.405125760984624,3.546868805041362,,,,0.0,0.0,109.87517601077198,0.6499900866396815,8.22264287474593,0.2128055810797616,0.0016412688221337,59.0,6
2,178.0,3.4060525704867293,3.593267244221326,,,,0.0,0.0,110.4318016568637,0.4513387794994662,8.501955163516673,0.0,0.0016487868999888,58.0,6
2,179.0,3.416445423253413,3.388480671076856,,,,0.0,1.0,27.29433865547286,0.7771999348037029,2.924009389805532,0.3510394714182717,0.0017342679054871,57.0,6
2,180.0,3.525355628285496,3.2471882886059946,,,,0.0,0.0,91.86303569576842,0.7204203649835927,11.882106216764257,0.2545947231783483,0.0027599853617124,56.0,6
2,181.0,3.5802055227816507,3.649429099983512,,,,0.0,0.0,105.86851469982892,0.6153224679798348,6.069026473105036,0.0852397723925645,0.0033663844866632,55.0,6
2,182.0,3.8279836324363177,3.792661290403223,,,,0.0,1.0,34.925313863769496,0.6974684758362335,11.609520098789172,0.609315292934566,0.0068555689558243,54.0,6
2,183.0,3.842905110148224,4.000560270522491,,,,0.0,1.0,31.45196487282834,0.6603057270546907,7.62485632584715,0.1871963359897876,0.0071048902471398,53.0,6
2,184.0,3.850978890441486,3.6878744958520313,,,,0.0,0.0,103.95243541914564,0.4337536222611129,12.757639399340494,0.416286186465993,0.0072416507197702,52.0,6
2,185.0,3.893096053475431,3.824956768536837,,,,0.0,1.0,32.33819657323749,0.6587583088856455,5.52390513363169,0.1537940051635832,0.0079762056073339,51.0,6
2,186.0,3.975985402442392,4.223954462254628,,,,0.0,0.0,92.45934205767354,0.7518086887868345,9.86057976310463,0.3101933508507332,0.0095254750578063,50.0,6
2,187.0,3.990116810691427,4.096066288623224,,,,0.0,0.0,95.78266069856464,0.5228345981312248,8.953880182168652,0.4954465392344512,0.0098033129881376,49.0,6
2,188.0,4.000042233866106,4.055433023765303,,,,0.0,1.0,18.9484937829696,0.6006966115392287,14.433744852343889,0.0426839375923951,0.0100008446951591,48.0,6
2,189.0,4.012876791699923,4.110495008599266,,,,0.0,1.0,29.281259520941862,0.686400987593107,7.992523811057695,0.2375497314296343,0.0102591939516432,47.0,6
2,190.0,4.50080743709609,4.363017254159486,,,,0.0,1.0,28.620244749658134,0.4326031970907518,13.975225543373153,0.7207174949355092,0.0225242296324293,46.0,6
2,191.0,4.500818746254732,4.687644624331655,,,,0.0,1.0,24.71829563268349,0.6426294721804624,18.257674993384363,0.5753855744881166,0.0225245690910962,45.0,6
2,192.0,4.731419514981292,4.565124094027503,,,,0.0,1.0,27.794519921690416,0.6351518829353046,9.795023025864758,0.4752304353376387,0.0299781353685805,44.0,6
2,193.0,4.778896158356103,4.602451639448308,,,,0.0,1.0,24.321426088351146,0.3603508676927279,11.652556634037472,0.2715020288312367,0.031644715422141,43.0,6
2,194.0,4.848351464861008,5.142997910554357,,,,0.0,1.0,29.957564208516924,0.6131914081960428,18.80096832754448,0.6269725033693894,0.0341640313765383,42.0,6
2,195.0,5.007367710414885,4.827633659757591,,,,0.0,1.0,36.25620701157872,0.7230918149700806,21.15418377828486,0.7462599494206761,0.0402952512481629,41.0,6
2,196.0,5.029771503387204,4.927917301713403,,,,0.0,1.0,38.87385722512023,0.5896982935529367,13.873248475179448,0.4753293972254474,0.0411997235596275,40.0,6
2,197.0,5.049913778318538,5.306847749418651,,,,0.0,1.0,27.96021241191746,0.610658452732603,11.759629654112324,0.464166790024147,0.0420214649854018,39.0,6
2,198.0,5.13309361116311,5.219917814458769,,,,0.0,1.0,39.29596903706501,0.6317351890002403,14.705138464576828,0.622897867310043,0.0455008835398487,38.0,6
2,199.0,5.135157844308873,5.318552657748519,,,,0.0,0.0,106.31561192493504,0.6617783636065724,16.020116945315014,0.5144934264044009,0.0455889902011371,37.0,6
2,200.0,5.135306341153722,5.072962504112157,,,,0.0,1.0,28.248352378240483,0.5554819370131465,18.73953525176329,0.9511652008025256,0.0455953317057129,36.0,6
2,201.0,5.3862010897039525,5.229019278669697,,,,0.0,0.0,97.97718916009848,0.4076620850161507,15.37737653397473,0.8782609522461221,0.0569395564050433,35.0,6
2,202.0,5.399701942910604,5.528304290000079,,,,0.0,1.0,26.42733423094421,0.6825058353618482,21.28826371220061,0.535268123443734,0.0575856941480892,34.0,6
2,203.0,5.4083348682277945,5.390356139460861,,,,0.0,1.0,23.91588538935474,0.8278364569400614,12.989733691032466,0.5212126306200999,0.0580007683752178,33.0,6
2,204.0,5.856222739174146,5.995425782450607,,,,0.0,1.0,25.67839173092364,0.5767184762084863,19.659814119231573,1.042513836686782,0.0815800833577546,32.0,6
2,205.0,5.985288115712976,5.849860755709248,,,,0.0,1.0,24.541546143530866,0.6984116624175672,21.261073682977404,1.013585147768946,0.0891194513381712,31.0,6
2,206.0,6.011390696097214,6.184443112634204,,,,0.0,1.0,29.00645351430968,0.5132933201671261,13.511515929979923,0.80238570441117,0.0906847392454086,30.0,6
2,207.0,6.011725465086809,6.059768865057859,,,,0.0,1.0,28.57354210155861,0.4150732818980466,18.5743959406425,0.8878865706743295,0.0907049027705235,29.0,6
2,208.0,6.193306322000145,6.218368008039215,,,,0.0,1.0,25.22511296914321,0.5858699825966701,20.887697727928845,0.999819384652775,0.1019720526612609,28.0,6
2,209.0,6.223698153470981,6.269237113753267,,,,0.0,1.0,28.131300281971644,0.5712763900520238,19.273383396810075,1.1217362225800167,0.1039222978469221,27.0,6
2,210.0,6.234382245360935,6.319164884925406,,,,0.0,1.0,27.602211981694808,0.5491566568457198,21.174481346277755,1.1366413417678614,0.1046122850910604,26.0,6
2,211.0,6.239568792773524,6.251828309251514,,,,0.0,1.0,32.07665933636587,0.6698028723803184,15.325730340467064,0.9441596016229842,0.1049480596311211,25.0,6
2,212.0,6.321881073517017,6.47185259692144,,,,0.0,1.0,27.12960113803942,0.6594176195879801,22.015891741828344,0.9773247078143183,0.1103489386659057,24.0,6
2,213.0,6.371687841184797,6.723416580203739,,,,0.0,1.0,25.56851615567775,0.7467100032852113,20.131202769818152,1.2425061486893627,0.1136827889839339,23.0,6
2,214.0,6.452905308658588,6.269968030067191,,,,0.0,1.0,42.18352135350447,0.8534803021234071,22.1669952948129,1.2880421724987146,0.1192255507056265,22.0,6
2,215.0,6.532102096745519,6.538177910710327,,,,0.0,0.0,106.16515599995697,0.5315930585550667,22.82777657816284,1.0053931874679347,0.1247574522183409,21.0,6
2,216.0,6.541477615438882,6.549413059947204,,,,0.0,1.0,30.779942315016367,0.3624079649617153,18.90900524299007,1.2903654526861323,0.1254206370065467,20.0,6
2,217.0,6.543809117487429,6.502358243653706,,,,0.0,1.0,36.44937901810769,0.641733312177708,22.21655259233738,1.037836805927247,0.1255858306118703,19.0,6
2,218.0,6.631134842642475,6.747047952286184,,,,0.0,1.0,22.93885980900373,0.8059389521169691,22.440610248359533,1.315158234613262,0.1318514024545219,18.0,6
2,219.0,6.722987344429099,6.713893623857846,,,,0.0,1.0,39.41207443770912,0.6162039407124089,22.99651181107164,1.0984563300494712,0.1386063476677923,17.0,6
2,220.0,7.1329775246004825,7.101161354416825,,,,0.0,0.0,103.75056375362294,0.7896092436565926,26.60820040790726,1.002905241876053,0.1708150321885273,16.0,6
2,221.0,7.35487715362045,7.399800745578142,,,,0.0,1.0,31.098582409820107,0.6299060490487183,20.81483192462122,1.4695611271475255,0.1896495502312535,15.0,6
2,222.0,7.359325454936799,7.73772246135916,,,,0.0,0.0,114.21755662322543,0.8098769892611112,21.929888022849664,1.5776422476340095,0.1900371842205993,14.0,6
2,223.0,7.374367699383952,7.265245177009066,,,,0.0,1.0,32.15557044994124,0.6297308464115177,25.27422193600844,1.489444715055115,0.1913509276941365,13.0,6
2,224.0,7.497672246060244,7.34194985352997,,,,0.0,1.0,37.92368464046696,0.702215063863995,29.28697144369456,1.3593307745922882,0.202290556329806,12.0,6
2,225.0,7.518184238002765,7.447717341193374,,,,0.0,1.0,27.68679664981215,0.6551161609727321,25.516956613603504,1.1127225016947446,0.2041398880853663,11.0,6
2,226.0,7.639933182178245,7.645687413741275,,,,0.0,1.0,33.527305763060525,0.8216097652730366,21.929701588248136,1.5430016663909616,0.2152897993507873,10.0,6
2,227.0,7.653920473721003,7.703418929244223,,,,0.0,0.0,104.9259398839384,0.5308687977071446,23.804179005676787,1.4704611501558664,0.2165897577571952,9.0,6
2,228.0,7.747330045560078,7.771450653789382,,,,0.0,1.0,23.91083537835036,0.5712849228160989,29.54722139702865,1.322804836323565,0.2253714256147745,8.0,6
2,229.0,7.756774589895358,7.695449507720218,,,,0.0,0.0,98.44949190461784,0.6529081706886313,27.89716754705532,1.6273309069734878,0.2262690449907416,7.0,6
2,230.0,7.758340232823484,7.615960407196618,,,,0.0,1.0,31.61986126587781,0.4560263674102626,26.411804444696983,1.406998620155367,0.2264180177130665,6.0,6
2,231.0,8.015453107055409,8.297912465347636,,,,0.0,0.0,105.71271561081532,0.7047927722446938,32.962261501435606,1.418171144684185,0.2515476986907176,5.0,6
2,232.0,8.855545821748821,8.84185540795581,,,,0.0,1.0,29.20603969942136,0.5762573646934503,31.67331195131181,2.027141705908288,0.3428741687060009,4.0,6
2,233.0,8.855888430220977,8.64253432541954,,,,0.0,1.0,20.696229588573058,0.5730918441110724,33.109604626220346,2.124185059983006,0.342914293071959,3.0,6
2,234.0,9.00941696564254,8.947552913339132,,,,0.0,1.0,27.66139663683077,0.7563025607659802,39.99973968127431,2.0594121855781617,0.3611309226695239,2.0,6
2,235.0,9.612185287620958,9.51573906091654,,,,0.0,1.0,20.53636954627913,0.5326433803158245,39.43671267929901,2.494246463118527,0.4372099427783104,1.0,6
2,236.0,10.17832624344668,10.11975560120799,catastrophic_failure_replacement,140.46488980138275,,0.0,1.0,21.41570240629317,0.5585699103487525,0.0,0.042402244301671,0.0,0.0,6
2,236.0,0.0,0.0,catastrophic_failure_replacement,140.46488980138275,,0.0,1.0,21.41570240629317,0.5585699103487525,0.0,0.042402244301671,0.0,123.0,7
2,237.0,0.0020439284606298,0.0228935620864169,,,,0.0,1.0,31.31372965856042,0.7843964134175354,0.0,0.1757079609908178,0.0,122.0,7
2,238.0,0.1004007275907515,0.1681955670148024,,,,0.0,0.0,100.89008085004424,0.6959862750175736,3.889635559942497,0.1152266101806856,0.0,121.0,7
2,239.0,0.4074759203102485,0.2974186462737777,,,,0.0,0.0,93.6332506742597,0.5727399735119592,0.0,0.0,0.0,120.0,7
2,240.0,1.010875135112328,1.1047725403437232,,,,0.0,1.0,29.905120783621644,0.7278965871901695,1.629430668921464,0.0532374212299372,0.0,119.0,7
2,241.0,1.0205561650387367,1.0574284537909695,,,,0.0,1.0,33.3296657017265,0.4161854908052246,0.0,0.0,0.0,118.0,7
2,242.0,1.020558402680675,0.585768200273165,,,,0.0,1.0,36.21180108662058,0.6009252821773396,0.0,0.0,0.0,117.0,7
2,243.0,1.0538903282078558,1.0193763328748775,,,,0.0,1.0,22.480852797290183,0.522480101628642,0.2389414272970111,0.0506251118934465,0.0,116.0,7
2,244.0,1.0559887608464342,1.0564837814967931,,,,0.0,1.0,29.702420761470037,0.6822568706260155,0.0,0.0365521327730532,0.0,115.0,7
2,245.0,1.0605058274178871,0.8478540247677601,,,,0.0,1.0,35.800097440460625,0.5623251847395426,5.232376930120489,0.0,0.0,114.0,7
2,246.0,1.060513451589898,1.427178352447691,,,,0.0,1.0,25.10864307666041,0.6731609117437268,1.3781900951784614,0.0,0.0,113.0,7
2,247.0,1.0606015280732597,0.9888849350757332,,,,0.0,1.0,28.45587428120735,0.6443547729888184,2.6062069289132284,0.3292972887235209,0.0,112.0,7
2,248.0,1.1643124247014407,1.199490662209864,,,,0.0,1.0,35.842192355469905,0.557142090110677,0.5294978530502119,0.0,0.0,111.0,7
2,249.0,1.275180511509742,1.2455898383055688,,,,0.0,1.0,34.301085081493696,0.5481510941881078,0.0,0.1655280243911292,0.0,110.0,7
2,250.0,1.4234582794654684,1.2992754666974282,,,,0.0,0.0,89.66823451244235,0.4680342282311093,3.5937413976541364,0.0,0.0,109.0,7
2,251.0,1.4267843050779578,1.4176860179947406,,,,0.0,0.0,115.47589834891016,0.6656147792622794,6.671333405010907,0.0,0.0,108.0,7
2,252.0,1.4791885496841843,1.633077222959265,,,,0.0,0.0,97.0256299928966,0.6419306470883608,0.0,0.1004655735775223,0.0,107.0,7
2,253.0,1.6618056212036765,1.6419447715136282,,,,0.0,1.0,33.56216510160099,0.8233520558623599,0.3555994942422216,0.0,0.0,106.0,7
2,254.0,1.7133935883000797,1.541764905891244,,,,0.0,0.0,118.5832490834318,0.4258920079700159,2.251768522238354,0.0368449948066023,0.0,105.0,7
2,255.0,1.7143839150244482,1.5198756774756816,,,,0.0,1.0,26.32648330571176,0.6719344638972135,0.0178947122518722,0.2502134934642138,0.0,104.0,7
2,256.0,1.7143839154822844,1.7333780521277211,,,,0.0,1.0,25.830292055367323,0.6225412224233132,7.134395746565607,0.2653240031346798,0.0,103.0,7
2,257.0,1.86493176122002,1.958005851784289,,,,0.0,1.0,45.739106416209935,0.7363974515558241,3.946193665633833,0.1844610105734932,0.0,102.0,7
2,258.0,1.86835820729268,1.5689229891501335,,,,0.0,1.0,31.974788572488936,0.670415775510172,2.8816133541896543,0.2017076162158577,0.0,101.0,7
2,259.0,2.010208740074047,2.084371646232448,,,,0.0,0.0,101.7602449945578,0.5957210112676956,2.4919891537554317,0.0,0.0,100.0,7
2,260.0,2.0182795145230656,2.134277732018784,,,,0.0,0.0,98.6774500751907,0.7655780198878319,0.0130019153693203,0.2318042269498536,0.0,99.0,7
2,261.0,2.021208157529392,1.847341734530812,,,,0.0,1.0,38.219493189986736,0.7217128485212224,6.676683420897658,0.0243931714054594,0.0,98.0,7
2,262.0,2.0244239534232467,2.077815257343295,,,,0.0,0.0,101.6347137682108,0.6373213252523175,0.7403717317688208,0.3654123085740631,0.0,97.0,7
2,263.0,2.024646558727329,2.0914267961746904,,,,0.0,0.0,108.66245859782684,0.5775837604070682,0.8650596703553415,0.0,0.0,96.0,7
2,264.0,2.064547056919924,1.9952365520841768,,,,0.0,1.0,21.468305678674778,0.5738753597715117,2.9005466028797464,0.2853139808570303,0.0,95.0,7
2,265.0,2.205782369881721,2.020702073309511,,,,0.0,0.0,103.74736965370896,0.7566725950723382,4.46613306769816,0.0227951259491635,0.0,94.0,7
2,266.0,2.242020269244834,2.355785349077199,,,,0.0,1.0,28.93455195280068,0.451110827897944,4.548068806718493,0.0649672331401686,0.0,93.0,7
2,267.0,2.2427819205402586,2.323684002986217,,,,0.0,1.0,34.204854919297404,0.5976915439596553,4.130579840954393,0.3590996045290255,0.0,92.0,7
2,268.0,2.2451477990146187,2.363087210099936,,,,0.0,1.0,25.261613851586084,0.5347121923438836,8.456365076055997,0.0,0.0,91.0,7
2,269.0,2.245405343128438,2.317827929668656,,,,0.0,1.0,33.9487936475287,0.5837630085097562,5.457993393168322,0.0,0.0,90.0,7
2,270.0,2.2458570837429472,2.096426818317352,,,,0.0,0.0,108.20180960383108,0.5722294070455456,7.5148590618273055,0.3647453073566793,0.0,89.0,7
2,271.0,2.248448041403358,2.3806221883216354,,,,0.0,0.0,84.23419199729508,0.6446812361242685,6.478201456430456,0.0218283631163144,0.0,88.0,7
2,272.0,2.307925164517673,2.4576687028537294,,,,0.0,0.0,100.63773838857604,0.5524361879982624,1.6096297707587386,0.0,0.0,87.0,7
2,273.0,2.3080469547154867,2.3475591923984345,,,,0.0,0.0,102.70603831888124,0.5831954679675122,3.977065624641467,0.2371225161376637,0.0,86.0,7
2,274.0,2.3430035082324885,2.341216010939798,,,,0.0,1.0,26.04963930889332,0.5558727324416555,6.8626645637728485,0.0,0.0,85.0,7
2,275.0,2.343092696667268,2.386718415271749,,,,0.0,1.0,32.16721620719194,0.5097299755084936,6.746145992079776,0.1448168573368665,0.0,84.0,7
2,276.0,2.3430929238846496,2.4779656782550914,,,,0.0,0.0,87.450461636638,0.6020240571222012,5.427439218364848,0.2906759296846786,0.0,83.0,7
2,277.0,2.343093194846344,2.00313695327159,,,,0.0,0.0,89.43503886217059,0.6561657771787639,3.348151776534573,0.1821935797887648,0.0,82.0,7
2,278.0,2.347350467109396,2.2086306200247408,,,,0.0,1.0,23.246202920778245,0.7024327038714772,6.028062835539378,0.2530666830549228,0.0,81.0,7
2,279.0,2.371073529106219,2.422639075028268,,,,0.0,1.0,29.657075280411732,0.6105580734940735,6.101874789625917,0.3338354796447609,0.0,80.0,7
2,280.0,2.3711842400515675,2.4691938628295715,,,,0.0,1.0,34.76937309630237,0.5931569610381529,7.148028327425396,0.096118497531293,0.0,79.0,7
2,281.0,2.4744900897804363,2.7116099260634243,,,,0.0,1.0,34.35029534352972,0.6788439092815807,6.755366164054335,0.3093089526304241,0.0,78.0,7
2,282.0,2.479959664105713,2.428137531888653,,,,0.0,0.0,92.03622588681183,0.7312488367638978,0.2567697457574702,0.136215316569836,0.0,77.0,7
2,283.0,2.6595156661495665,2.627666460736717,,,,0.0,0.0,93.51322138683535,0.6963249855220653,3.468625265488804,0.2222586865916633,0.0,76.0,7
2,284.0,2.6895534958114826,2.5755127821067765,,,,0.0,0.0,92.41312264014796,0.5960040976707626,7.9259129093963425,0.2076267804986634,0.0,75.0,7
2,285.0,2.714886618209771,2.776982319320361,,,,0.0,0.0,87.59306930375605,0.674084868679832,7.38719046189621,0.0,0.0,74.0,7
2,286.0,2.818433301302884,2.651962634552707,,,,0.0,0.0,103.6050451874997,0.3968170949353692,2.1318777847365613,0.1834791616782066,0.0,73.0,7
2,287.0,3.036614449617447,3.0647251024296445,,,,0.0,1.0,26.936805939150343,0.561076524783377,8.596351956564074,0.3738883622864725,1.340617920788563e-05,72.0,7
2,288.0,3.0381772021503832,2.95421456098608,,,,0.0,0.0,103.84417148646078,0.6053034742979184,9.647731768908116,0.2365178644576169,1.4574987640312428e-05,71.0,7
2,289.0,3.0436886895570203,3.0233445028472725,,,,0.0,1.0,28.82257901464429,0.7840111006678874,3.712085639129132,0.1356957199336696,1.908701595209706e-05,70.0,7
2,290.0,3.04368891463527,3.2556743611198136,,,,0.0,1.0,30.03199878382465,0.4603437337256743,3.325941130580297,0.4536168070363775,1.908721262007941e-05,69.0,7
2,291.0,3.043688914701621,2.965125312166201,,,,0.0,0.0,102.0637177929663,0.4741764279566525,5.84133098073539,0.0575866104622402,1.9087212678055307e-05,68.0,7
2,292.0,3.047714512592421,3.180324863525621,,,,0.0,0.0,101.50358836982026,0.5838405754988185,1.0388739730208387,0.1384066061132718,2.2766747119323647e-05,67.0,7
2,293.0,3.0477186050820104,2.882671749254658,,,,0.0,1.0,38.37124428769312,0.6977304099419853,9.17355684599548,0.0,2.2770652709728816e-05,66.0,7
2,294.0,3.0795438326072757,3.3617288084205894,,,,0.0,1.0,27.906863416073246,0.7114004411491237,7.41103047818752,0.0,6.327221305854281e-05,65.0,7
2,295.0,3.085518016053,3.0635567607191727,,,,0.0,1.0,31.78779370888481,0.3922288178494748,3.8927615943147584,0.3159352411409701,7.313331069641074e-05,64.0,7
2,296.0,3.1345549359061367,3.390978378009996,,,,0.0,1.0,30.55137737711857,0.6921507836208919,11.001282019142192,0.4342974746682086,0.000181050307767,63.0,7
2,297.0,3.24631607621962,3.298011633436332,,,,0.0,1.0,34.6333188737019,0.4706292686383147,3.6016780225397858,0.285955330613745,0.0006067160940422,62.0,7
2,298.0,3.251945617668573,2.9146325158749926,,,,0.0,0.0,101.29030897113256,0.4623097954421284,5.474507773454564,0.1423950745176604,0.0006347659426239,61.0,7
2,299.0,3.2523964919833643,3.078563932709457,,,,0.0,1.0,31.458764106621107,0.508789323076225,8.851544766382803,0.2530244343293648,0.000637039891655,60.0,7
2,300.0,3.2695689143590587,3.4729328405006177,,,,0.0,1.0,25.81358029080782,0.5543370534781406,5.354900706221838,0.1136487871655158,0.0007266739958872,59.0,7
2,301.0,3.2700160455698235,3.258876742641715,,,,0.0,1.0,28.191322871076643,0.3996267848554987,8.602522923839867,0.274417777598533,0.0007290866486516,58.0,7
2,302.0,3.2702554329718208,3.4594391478210973,,,,0.0,0.0,112.9651075992209,0.5749067749553175,11.456536894823962,0.261848995189413,0.0007303799905078,57.0,7
2,303.0,3.284866085501012,3.359379956911768,,,,0.0,1.0,27.59885091992082,0.612555809884518,3.707149034439008,0.0,0.0008114868666866,56.0,7
2,304.0,3.3211693451095416,3.3277054395620267,,,,0.0,1.0,29.668686531026665,0.7717472210192596,8.690036286339135,0.3684786856023817,0.0010314974823809,55.0,7
2,305.0,3.361216575348666,3.376820448220286,,,,0.0,1.0,28.015285739406025,0.6544198179289731,4.569849588345002,0.0567354276377231,0.0013047741430661,54.0,7
2,306.0,3.361721956609163,3.397356549774547,,,,0.0,1.0,28.930427150819504,0.5951171036619428,8.299409896918224,0.3745972829467895,0.0013084277389316,53.0,7
2,307.0,3.415997011164476,3.51284631462934,,,,0.0,0.0,105.10360371152444,0.4640111850024098,6.302538446342714,0.3014049810491407,0.0017305351329777,52.0,7
2,308.0,3.4452546129138213,3.5621529783416745,,,,0.0,1.0,34.43779238211339,0.6138644847090141,6.919764698123464,0.0994945314903162,0.0019825167032103,51.0,7
2,309.0,3.4965930805127727,3.378640823172507,,,,0.0,1.0,29.17567790735936,0.692227768059775,6.256438707623847,0.2199355382465419,0.0024660468761316,50.0,7
2,310.0,3.4967186165510205,3.2869669651264437,,,,0.0,1.0,24.578164031199947,0.8480841062259936,10.235177780366325,0.0749914591860121,0.0024672938402835,49.0,7
2,311.0,3.509318608502726,3.4592390973609994,,,,0.0,1.0,30.76239932683852,0.8968254626705998,10.081581801668728,0.4427416206666276,0.0025940544496715,48.0,7
2,312.0,3.538773916212507,3.649163701114409,,,,0.0,1.0,22.43879688388463,0.6028212323032149,8.154069495036255,0.5377579289957343,0.0029027733279096,47.0,7
2,313.0,3.819372581945625,3.824031855649885,,,,0.0,0.0,88.98611209984841,0.6886843514448575,10.73964148022672,0.1853325666717694,0.0067137142804423,46.0,7
2,314.0,3.819979963627691,3.795293163868089,,,,0.0,1.0,22.88314639963316,0.554386693776146,7.938676759185951,0.2781480871344749,0.0067236714075087,45.0,7
2,315.0,3.9183694272452434,4.101914325537153,,,,0.0,1.0,23.471805202367086,0.6635638653996252,13.28627765814359,0.5127286017992787,0.0084340240489875,44.0,7
2,316.0,3.921583067598147,4.08950790439551,,,,0.0,0.0,98.45014683518215,0.6503468308956759,10.630371068799288,0.4126731738375441,0.0084931535048361,43.0,7
2,317.0,4.056919817242249,4.058163344268463,,,,0.0,1.0,26.73604060922668,0.5795494563121091,9.275058457400062,0.3786627183101401,0.0111707950007938,42.0,7
2,318.0,4.071397610286285,3.896298129762868,,,,0.0,0.0,100.12521153883588,0.6706434234522466,11.748159638018402,0.3589943807074847,0.0114789283932716,41.0,7
2,319.0,4.167761958807668,4.256553476491718,,,,0.0,1.0,28.53127605637426,0.5618418537329114,14.963545161586516,0.2552201710470932,0.0136366799243832,40.0,7
2,320.0,4.790084496242901,4.722315292259832,,,,0.0,1.0,33.949508023485194,0.5485715207701045,18.10084756226061,0.6920377692843909,0.032044025036892,39.0,7
2,321.0,4.851507871292859,4.663450118253166,,,,0.0,1.0,24.88700690918772,0.6898561305665551,10.418684033101057,0.5817835567429932,0.0342808139745941,38.0,7
2,322.0,4.87222186880051,4.974313473571712,,,,0.0,1.0,30.848180758935012,0.8131988103151546,15.950464287258477,0.6497769125159265,0.0350521472601487,37.0,7
2,323.0,4.87225828660534,4.982751576684836,,,,0.0,0.0,95.14037837051002,0.6850674157444696,12.866369860949668,0.5038064025006396,0.0350535109176236,36.0,7
2,324.0,4.872883739244476,4.975256802960274,,,,0.0,1.0,29.15669987759601,0.6266709625802872,12.24717543595681,0.6391072963781728,0.0350769350072637,35.0,7
2,325.0,5.254338355153153,5.231906296024545,,,,0.0,1.0,29.7723238718872,0.7044798291700809,18.95349904865049,0.599925805028627,0.0508204141951462,34.0,7
2,326.0,5.287171582976949,5.33446064536029,,,,0.0,1.0,22.942388926962657,0.4872782177288702,16.86170543108023,0.9144980368339832,0.0523115384997728,33.0,7
2,327.0,5.495055106662728,5.414537136623105,,,,0.0,1.0,24.11516310961081,0.810601045174684,22.46365075849839,0.5285927630775367,0.0622529998528375,32.0,7
2,328.0,5.495812805067655,5.532220916541701,,,,0.0,0.0,101.61348282277812,0.6018831545034217,14.012602660294974,0.9155983547892133,0.0622908155793967,31.0,7
2,329.0,5.5270311522062,5.706208888451951,,,,0.0,1.0,26.33771849975317,0.788340752253373,20.873754667221675,0.8815925017967408,0.0638588644422059,30.0,7
2,330.0,5.529913177444953,5.75462720896194,,,,0.0,1.0,19.912384497708366,0.5558738024311549,14.827265732706875,0.8788180749559321,0.0640046068540961,29.0,7
2,331.0,5.602070978594359,5.677590733977507,,,,0.0,1.0,32.09847825453309,0.7423644429689239,18.00991465640776,1.1642430190973805,0.06770773377643,28.0,7
2,332.0,6.049490329696999,5.848536320229011,,,,0.0,1.0,28.727618777397574,0.6020511993939981,19.04332387874252,0.7889581868008996,0.0929939127091551,27.0,7
2,333.0,6.294934550590493,6.370137964201559,,,,0.0,0.0,103.80801588927156,0.5555369414249492,24.86124796211536,1.2460025552736735,0.1085659369267497,26.0,7
2,334.0,6.527913576006128,6.448109069365186,,,,0.0,1.0,32.84806146278928,0.6339227280983096,20.64330203320744,0.7218088820615169,0.1244617419976834,25.0,7
2,335.0,6.559005555103828,6.650008992980059,,,,0.0,1.0,34.19654960478756,0.5454189407420437,20.438151121978517,1.170188398770449,0.126665205412599,24.0,7
2,336.0,6.626516300401371,6.233967259173738,,,,0.0,1.0,36.117203135039766,0.618816215350058,20.40578030455369,1.2950831889237873,0.1315162047707684,23.0,7
2,337.0,6.634637675583482,6.597886604547438,,,,0.0,0.0,92.59995592297813,0.5828528732742471,18.205573040072537,1.291920247759013,0.132105910327709,22.0,7
2,338.0,6.6547243732185954,6.570603059578899,,,,0.0,1.0,34.9991751267878,0.5934995781840136,23.86178232325863,1.0467389343772198,0.1335701024419806,21.0,7
2,339.0,6.694922053078408,6.575867849083983,,,,0.0,1.0,35.4042771721475,0.6118325477551743,25.858673473825583,0.9073103978664494,0.1365244897832515,20.0,7
2,340.0,6.765085769415663,6.608985655125523,,,,0.0,1.0,28.203256837320737,0.6582136851277742,20.304818044568943,1.4612890223367525,0.1417587085105633,19.0,7
2,341.0,6.798101331068559,6.595345305223288,,,,0.0,0.0,109.00244645947166,0.6427237348453612,22.11079573692509,1.0090571315256225,0.1442557372106476,18.0,7
2,342.0,6.965832153423364,7.20441780269947,,,,0.0,1.0,27.564521396587622,0.4931884721749717,22.651634823147724,1.3473367527470306,0.1572782466912659,17.0,7
2,343.0,7.192050461227416,6.978836328082811,,,,0.0,1.0,33.931742467377425,0.6452573866018586,23.043539949508915,1.4065588722920657,0.1757328706947699,16.0,7
2,344.0,7.242134565870352,7.535356742499378,,,,0.0,1.0,24.305824262246745,0.6149137795437533,25.196652564768947,1.2124620979429086,0.1799570567495204,15.0,7
2,345.0,7.320420191453579,7.358224976346655,,,,0.0,0.0,106.50968555763934,0.5805382509122716,26.990507847030774,1.0862598372795758,0.1866603063071977,14.0,7
2,346.0,7.3737968097126,7.518860654541191,,,,0.0,0.0,96.641589296435,0.7289215995363486,25.367228219418777,1.4460919680737734,0.1913009853265211,13.0,7
2,347.0,7.395899887763519,7.525100059356102,,,,0.0,0.0,97.51588691757463,0.6775496404905926,24.00435089136368,1.4347971871343954,0.1932393582323931,12.0,7
2,348.0,7.502727936182608,7.52903438309011,,,,0.0,1.0,22.843371238182154,0.4924001020376216,26.71569581309825,1.3769735439339046,0.2027455886727929,11.0,7
2,349.0,7.5042126648341565,7.554214653094004,,,,0.0,1.0,37.89759067424144,0.7035500917835006,32.79714260249075,1.3693925067329418,0.2028793173005241,10.0,7
2,350.0,7.50889777955298,7.357017963440092,,,,0.0,0.0,92.5313486661528,0.6457331922418681,25.93904783839742,1.4766001318991857,0.2033015918645779,9.0,7
2,351.0,7.633891047739636,7.707073870467421,,,,0.0,1.0,31.063734900509367,0.6499738976571533,23.356416692411063,1.6623783596248796,0.2147294624232154,8.0,7
2,352.0,7.812883558737203,7.845549350844512,,,,0.0,0.0,82.9545636636758,0.4158170537580762,27.689344572799016,1.5269983569660823,0.2316384814996289,7.0,7
2,353.0,7.903982190649382,7.803173606944534,,,,0.0,1.0,30.4320302322796,0.5805991794608104,28.69356937168573,1.541284876096553,0.240490413262063,6.0,7
2,354.0,8.171797509688615,7.948166065697154,,,,0.0,1.0,38.1000072835234,0.5987730231023054,29.08917157917501,1.532445969926685,0.2674748948122135,5.0,7
2,355.0,8.297719881589824,8.154472579267749,,,,0.0,1.0,34.67007321957377,0.8325350331551388,33.033389770016555,1.350333692571961,0.280658359437921,4.0,7
2,356.0,8.347783616452544,8.509434428541214,,,,0.0,0.0,101.29767226648156,0.4950091290525444,30.75783578623677,1.7268934802095202,0.2859878960839825,3.0,7
2,357.0,8.959858683142194,8.860053159923607,,,,0.0,1.0,23.696725225282915,0.5741932906701273,43.89541151575094,1.935823821731549,0.3551991552302541,2.0,7
2,358.0,9.85551770891126,10.0304842861679,,,,0.0,1.0,31.788656391558373,0.7142736393897225,39.10528823012664,2.853486681255738,0.469981230571959,1.0,7
2,359.0,10.137410814348195,9.99183738297514,catastrophic_failure_replacement,602.4408788670902,,0.0,0.0,108.15874165749472,0.5213078266469395,0.0,0.0,0.0,0.0,7
2,359.0,0.0,0.0,catastrophic_failure_replacement,602.4408788670902,,0.0,0.0,108.15874165749472,0.5213078266469395,0.0,0.0,0.0,83.0,8
2,360.0,9.378861220916076e-05,0.121448696426623,,,,0.0,1.0,27.139992300710222,0.5817899473111137,2.540482415706343,0.0083516600140444,0.0,82.0,8
2,361.0,0.3374078858887401,0.2869290318145424,,,,0.0,1.0,39.15914240752755,0.5440067705570096,4.300165649635165,0.1596952044421087,0.0,81.0,8
2,362.0,0.4256404688999827,0.4935487585757685,,,,0.0,1.0,32.0921813253567,0.6292503667328295,2.7212310574405474,0.0,0.0,80.0,8
2,363.0,0.4287811241834157,0.5112585736957527,,,,0.0,0.0,91.97676261559154,0.504320386056601,1.4147381177749945,0.0,0.0,79.0,8
2,364.0,0.525209894269204,0.7346524633216851,,,,0.0,1.0,26.04389606725615,0.4982811768105123,5.573849347364599,0.0,0.0,78.0,8
2,365.0,0.562168705946061,0.3209678767767213,,,,0.0,1.0,33.0652092283093,0.6157781920817242,1.5525496431823895,0.1297139499730811,0.0,77.0,8
2,366.0,0.5683027574569245,0.5917751281058019,,,,0.0,1.0,16.294019461121497,0.5407812008604296,0.0,0.1648537703403007,0.0,76.0,8
2,367.0,0.5683045539960369,0.3338276116279238,,,,0.0,1.0,24.577840980507677,0.5112366246684635,4.261703257972631,0.2015797535979689,0.0,75.0,8
2,368.0,0.5685027892114286,0.654403498048667,,,,0.0,1.0,21.410228388570303,0.6476690173433841,2.4544778657088,0.0154933453479676,0.0,74.0,8
2,369.0,0.6823536503159543,0.6250132310969713,,,,0.0,1.0,30.86481825062792,0.496055798033606,9.260246676038784,0.1986060682234492,0.0,73.0,8
2,370.0,0.9481117308983484,0.970360946285776,,,,0.0,1.0,28.209396568422463,0.7881956637987003,0.0,0.4169223304685607,0.0,72.0,8
2,371.0,0.9484807898683202,0.8412224827224325,,,,0.0,1.0,25.32952538267592,0.5162924319978415,0.0,0.1874263945354637,0.0,71.0,8
2,372.0,0.948672406046085,1.165209224106239,,,,0.0,0.0,92.86059660591688,0.7403399501387529,0.1994914515497885,0.0543489989177031,0.0,70.0,8
2,373.0,0.960928332075073,0.7799176345870517,,,,0.0,1.0,26.92290330811537,0.726602792458664,7.434496927782933,0.2538216377716529,0.0,69.0,8
2,374.0,0.9633228424265242,0.8737326648374392,,,,0.0,1.0,28.533648715238268,0.6028509755095011,0.0,0.0,0.0,68.0,8
2,375.0,0.970758154723008,0.5713314050799936,,,,0.0,1.0,19.83908077100721,0.5808884487158809,1.760658531557592,0.0,0.0,67.0,8
2,376.0,1.8132140583492424,1.5752646672412938,,,,0.0,0.0,105.62580854333513,0.6929401518987428,6.4347150863544655,0.0,0.0,66.0,8
2,377.0,1.8869044653478169,1.8406561226914877,,,,0.0,1.0,33.163694219877435,0.6545394611760322,0.94969052041616,0.0,0.0,65.0,8
2,378.0,1.9497838213887004,2.176081501620512,,,,0.0,0.0,101.79630170818324,0.5819028620483133,2.746748628092199,0.2011712214402493,0.0,64.0,8
2,379.0,1.9554327272615304,1.9066540737722013,,,,0.0,1.0,18.82652890965055,0.7276282843531074,2.2464721674905057,0.0,0.0,63.0,8
2,380.0,2.000804483122008,1.8522923912321363,,,,0.0,1.0,29.817032680293543,0.8094172014154738,0.4161229532607327,0.372550665290064,0.0,62.0,8
2,381.0,2.000808356159042,1.838748973421514,,,,0.0,1.0,27.632147995734748,0.8708294980115829,7.503817552616134,0.1790748399947481,0.0,61.0,8
2,382.0,2.623552008325995,2.811947166324406,,,,0.0,1.0,25.797787508806884,0.5739698623926517,3.614133620044837,0.1052267503586782,0.0,60.0,8
2,383.0,2.6308298615519567,2.750631893681513,,,,0.0,0.0,105.95982209906876,0.6611168768048503,1.1809688097772844,0.2762479559829107,0.0,59.0,8
2,384.0,2.641302182156349,2.5637182345478773,,,,0.0,0.0,99.37256777726212,0.7055823891732547,6.007118316239242,0.2234373320034909,0.0,58.0,8
2,385.0,3.1218716272269056,3.205695381166989,,,,0.0,1.0,30.86422214747285,0.6006482105344609,8.701273579319645,0.3022739118208211,0.0001485269352293,57.0,8
2,386.0,3.124376679571255,3.207615808763375,,,,0.0,1.0,32.61559722664682,0.4383776568356924,5.316125441975832,0.0,0.0001546955842117,56.0,8
2,387.0,3.822544494331941,4.068789993540651,,,,0.0,1.0,29.407791767813237,0.6562131301431728,11.102773004401191,0.4343245613022154,0.0067657944515578,55.0,8
2,388.0,3.836112479786838,3.726129462622066,,,,0.0,1.0,28.791321777000903,0.5698239913862528,12.66156691249274,0.0904893632777465,0.0069908407885529,54.0,8
2,389.0,3.873946042605142,4.118120369721705,,,,0.0,1.0,32.6726676049582,0.6587363461981378,8.119185430911639,0.4658897500588018,0.0076378168538518,53.0,8
2,390.0,4.07137958074936,4.070221519133358,,,,0.0,1.0,27.92907134962105,0.6817919083939309,11.424423911682918,0.4690828776250542,0.0114785420604667,52.0,8
2,391.0,4.201428604073228,4.319904829104987,,,,0.0,0.0,97.74871893420608,0.7631080534688758,10.345841863264765,0.4494621381021823,0.0144343069068534,51.0,8
2,392.0,4.2812006866518,4.14097181686724,,,,0.0,1.0,33.578551211333355,0.5573730945041803,15.530603263938634,0.4457646256066502,0.0164147519947704,50.0,8
2,393.0,4.283825924861205,4.157154424226695,,,,0.0,0.0,89.28178611549839,0.797179363944985,11.544087794047044,0.4232425382056385,0.0164820900534572,49.0,8
2,394.0,4.296009924529565,4.470725554688803,,,,0.0,1.0,26.46506118466776,0.5185909159912547,12.639111255960335,0.5442145001255421,0.0167964172447912,48.0,8
2,395.0,4.387638114988364,4.469643447058019,,,,0.0,1.0,31.2253196790354,0.6422689980177134,8.367912274977794,0.6173513281246036,0.0192553953816845,47.0,8
2,396.0,4.387638369400099,4.56490239444707,,,,0.0,1.0,32.33993441079807,0.5238403140111836,13.718513564523551,0.5065734675704516,0.0192554024423136,46.0,8
2,397.0,4.51614092987736,4.339202948576814,,,,0.0,1.0,37.992794073578686,0.5915208845428099,14.297756957243635,0.3183476038269999,0.0229868331924938,45.0,8
2,398.0,4.517174123139979,4.6758331807066105,,,,0.0,1.0,29.044541660634067,0.5835323999234703,9.067793479090454,0.7951664113209969,0.0230181731992556,44.0,8
2,399.0,4.5180501097563575,4.724658796374702,,,,0.0,1.0,34.68485357660521,0.6846865674121642,12.44659827374361,0.4328847046696506,0.0230447613573128,43.0,8
2,400.0,4.542915679251886,4.34686832695111,,,,0.0,1.0,30.39171637218011,0.7245197851779253,17.21528886515349,0.5118612228908039,0.023805887932813,42.0,8
2,401.0,4.679620410261385,4.376828428707627,,,,0.0,1.0,31.21493270142258,0.6573838677102362,8.576242434365671,0.5199788681443793,0.0282112472256662,41.0,8
2,402.0,4.681744870157867,4.436190243755778,,,,0.0,1.0,28.304378559834028,0.5203766574820883,14.377529019761102,0.3456169141257103,0.028282658083023,40.0,8
2,403.0,4.696047200195712,4.768243336457135,,,,0.0,1.0,39.631186641682746,0.5427817028885342,15.143377758096918,0.6187685771148598,0.0287657610529171,39.0,8
2,404.0,4.703766350968181,4.620510834375719,,,,0.0,1.0,24.64386853457742,0.6258134869104196,14.864886001387513,0.5061873943433389,0.0290281977869142,38.0,8
2,405.0,4.709127297135883,4.776492795087574,,,,0.0,1.0,28.26413124221099,0.5588587288273265,6.972879971593405,0.7106438881474594,0.02921116117815,37.0,8
2,406.0,4.751342520831424,4.628411981258648,,,,0.0,0.0,92.9273949327306,0.7312482960064448,12.03585595977344,0.736728425476185,0.0306720062527216,36.0,8
2,407.0,4.766291395549378,4.693118308780731,,,,0.0,0.0,103.63319678967848,0.5636006170133653,16.13091186237422,0.4676919778258787,0.0311978529399176,35.0,8
2,408.0,4.766315017656017,4.66393122146244,,,,0.0,1.0,29.43584736103596,0.7205309821045316,9.506504632288706,0.492943900110983,0.0311986874159717,34.0,8
2,409.0,4.814280328351974,4.735430378794976,,,,0.0,1.0,24.371260052100432,0.4777427366637859,18.66941696831133,0.4585706053820374,0.0329161310984494,33.0,8
2,410.0,4.818124881050433,4.856328707074909,,,,0.0,1.0,25.928314362305244,0.7266890412227827,12.120830257654871,0.8401706880924176,0.0330557808309465,32.0,8
2,411.0,4.827165779858846,5.091911831761096,,,,0.0,0.0,107.80643474230482,0.5423842318107337,15.97802866589386,0.6126541212751444,0.0333853478708718,31.0,8
2,412.0,5.536984675050023,5.369319595822789,,,,0.0,1.0,27.862081470686224,0.4664256814591982,20.295460051648643,0.861649461307348,0.0643629124143867,30.0,8
2,413.0,5.537850442120964,5.751964812833505,,,,0.0,0.0,92.48679620857013,0.4965657914020981,17.259294191564212,1.0657967145469875,0.0644068486657357,29.0,8
2,414.0,5.537961628878565,5.624411950449455,,,,0.0,1.0,35.216903693205325,0.7012722501572907,16.094999604990726,0.6718319524909939,0.0644124922965993,28.0,8
2,415.0,5.559047733489062,5.626700326981115,,,,0.0,0.0,110.73812662385755,0.56082837106991,17.322811103382918,0.6076318784873382,0.065487253022755,27.0,8
2,416.0,5.6015183840737,5.730312038505979,,,,0.0,1.0,32.80297489510913,0.5853425987760499,16.362009957523963,0.8614953802211895,0.0676789790267343,26.0,8
2,417.0,5.768364259635836,5.9214744997552815,,,,0.0,1.0,39.6178957999437,0.7280453993245348,19.027753446357035,0.6791334544477665,0.0766384067402907,25.0,8
2,418.0,6.186690102987836,6.260164349185193,,,,0.0,0.0,96.21306471681802,0.7321532524567284,21.573975707894476,0.9479971049905982,0.1015499381248062,24.0,8
2,419.0,6.486248635137491,6.462207449757849,,,,0.0,1.0,34.185578718737574,0.6484803370725926,22.086030886851635,0.9285427052335656,0.1215392954599801,23.0,8
2,420.0,6.646291328705861,6.652614199961421,,,,0.0,1.0,31.540149533178216,0.7503649529493015,16.875761822587904,1.2651016829390032,0.1329544045379555,22.0,8
2,421.0,6.691016826352771,6.503217434927494,,,,0.0,1.0,33.36412821631655,0.8248442138945731,22.023028772204064,0.9770383046772986,0.1362360521241928,21.0,8
2,422.0,6.726064482327866,6.6680831375844845,,,,0.0,1.0,33.3021315928425,0.6417399932751905,22.37171263777382,1.1974570373590403,0.1388355652646523,20.0,8
2,423.0,6.782867501024241,6.560568767793138,,,,0.0,1.0,45.7180060584673,0.5518572769252686,22.712954013120584,1.2303146534967664,0.1431008653030538,19.0,8
2,424.0,6.85480677452672,6.771654567241795,,,,0.0,1.0,31.89405289744437,0.5251952289080409,29.070686242439216,1.07436800956342,0.148595352689371,18.0,8
2,425.0,6.867307334473546,6.898044139449879,,,,0.0,1.0,25.343626894055408,0.6250404093777425,27.196657966402363,1.218969614526647,0.1495606601927288,17.0,8
2,426.0,6.889209880959901,6.899869621214961,,,,0.0,1.0,26.693455136301072,0.5065746155480015,27.60526744699087,1.121176001819756,0.1512595349815613,16.0,8
2,427.0,7.081373316001656,7.078714275134394,,,,0.0,0.0,103.29645152973814,0.6662032641518215,14.531673209681452,1.2030532779545131,0.1665760814457035,15.0,8
2,428.0,7.186354501151144,7.240309520634382,,,,0.0,1.0,32.77996068705978,0.5899489046460172,24.61265867053365,1.211889531516419,0.1752556400930844,14.0,8
2,429.0,7.361018504069509,7.288389470257241,,,,0.0,1.0,26.213050378004244,0.6347358243631512,26.020656719241128,1.2115375722198372,0.1901848239283666,13.0,8
2,430.0,7.410900932727874,7.4948093344241,,,,0.0,0.0,88.32656926956699,0.6219456833801478,26.753513113723297,1.4024854678232763,0.1945604703833963,12.0,8
2,431.0,7.53728309546575,7.530087056701382,,,,0.0,0.0,89.03596427185214,0.6260425346174158,28.195141455202787,1.3707933195594784,0.2058693788839926,11.0,8
2,432.0,8.027116542267484,8.176892150655803,,,,0.0,1.0,37.79504791019573,0.8064898785123794,23.287796028287328,1.5067953490724724,0.2527190072953939,10.0,8
2,433.0,8.056269913740636,7.858099065831845,,,,0.0,1.0,37.42368133213256,0.6015900531905479,26.061672778889683,1.799521229512092,0.2556586544059874,9.0,8
2,434.0,8.214960665238836,7.975966449129205,,,,0.0,1.0,23.19804181490699,0.6135556792709288,28.55449024538946,1.657484877105426,0.2719581473998829,8.0,8
2,435.0,8.418841965999087,8.387875434186364,,,,0.0,0.0,103.076281072377,0.5959384600871745,31.32102718571488,2.00258264993215,0.2936384825247286,7.0,8
2,436.0,8.4625468917657,8.552965662865708,,,,0.0,1.0,23.56574928029133,0.5360525949807075,27.628101497429373,1.705278859315195,0.2983941854473909,6.0,8
2,437.0,8.565890197100064,8.612378618194478,,,,0.0,0.0,86.63737167844319,0.4906423302630103,31.33515649804577,1.9745779092349156,0.3097913368617457,5.0,8
2,438.0,8.828387283985974,9.12811352477556,,,,0.0,1.0,33.00743412221282,0.6803057569481357,39.35622799354372,1.7289051025924482,0.339700983321294,4.0,8
2,439.0,9.394127451014018,9.229170181499224,,,,0.0,1.0,32.63481222987677,0.5244843097191452,38.885185803241605,2.402662397684812,0.4088486585981102,3.0,8
2,440.0,9.646235990218177,9.518938085668612,,,,0.0,1.0,27.669902636937422,0.7003558143185181,33.311381787458814,2.409190427680389,0.4417245283767139,2.0,8
2,441.0,9.755346605828208,9.77788855143407,,,,0.0,1.0,27.74989097822001,0.451337813528833,36.637082480839126,2.1475112123068687,0.4563470776487468,1.0,8
2,442.0,10.146653727207818,10.319250398312365,catastrophic_failure_replacement,64.42290937601898,,0.0,1.0,22.439594925946142,0.5113832118459607,2.922450682166791,0.0,0.0,0.0,8
3,0.0,0.0,0.0,,,,2.0,0.0,102.2872694443486,0.8293232580957888,0.8533137553551406,0.0,0.0,93.0,10
3,1.0,0.0105643327054756,0.0,,,,2.0,0.0,104.05269557311388,0.6777599602594693,4.690588728007158,0.0423338666570114,0.0,92.0,10
3,2.0,0.100480835672904,0.0,,,,2.0,1.0,31.88084448096634,0.6644810676766572,0.0,0.0,0.0,91.0,10
3,3.0,0.1005888059249678,0.1487505830773473,,,,2.0,1.0,31.056272240253875,0.6411475834652295,2.552376930180929,0.0875505282438643,0.0,90.0,10
3,4.0,0.1009170541760761,0.0,,,,2.0,1.0,33.54590237402231,0.7334290302596788,0.0,0.0861854018429242,0.0,89.0,10
3,5.0,0.1579823301675816,0.1887388534389511,,,,2.0,1.0,31.31164499836552,0.7513771891036732,0.0,0.0,0.0,88.0,10
3,6.0,0.1580693008404695,0.1065028316471337,,,,2.0,0.0,105.05424095861444,0.624851267334775,4.347214295300588,0.0,0.0,87.0,10
3,7.0,0.1719823244304432,0.1912881722936096,,,,2.0,0.0,104.23999189567331,0.5459091584231164,0.0,0.1161924409255789,0.0,86.0,10
3,8.0,0.251489896607483,0.3297793295318484,,,,2.0,1.0,25.802750558325013,0.673499454243099,0.0,0.0,0.0,85.0,10
3,9.0,0.2697720750772339,0.3466433795128514,,,,2.0,1.0,29.67758556086554,0.6854891041234458,0.0,0.0,0.0,84.0,10
3,10.0,0.2737638264358307,0.2606211228311622,,,,2.0,0.0,99.34238569657474,0.6530861165321065,0.0,0.0,0.0,83.0,10
3,11.0,0.3986298346609923,0.3692624187850528,,,,2.0,0.0,114.95780883751048,0.8076400922052186,0.5414538877546315,0.0951177632536317,0.0,82.0,10
3,12.0,0.4497310761131383,0.178702121845276,,,,2.0,1.0,31.286421030752333,0.7954559256094452,2.07749364709597,0.0306551363037748,0.0,81.0,10
3,13.0,0.5351112460666428,0.532692758200909,,,,2.0,1.0,25.716322014347035,0.7663828162017035,0.0,0.671386707620251,0.0,80.0,10
3,14.0,0.6379446225528222,0.5151744056625134,,,,2.0,1.0,27.11589277342644,0.887262686835867,0.0812941569801782,0.0706803622169997,0.0,79.0,10
3,15.0,0.6772440186874812,0.611149985053231,,,,2.0,1.0,36.25880898875982,0.6001085345144508,1.4998950147681362,0.2075085260216636,0.0,78.0,10
3,16.0,0.6802106089069834,0.5194187385439695,,,,2.0,0.0,95.0199145976633,0.6279391379774857,0.0,0.0,0.0,77.0,10
3,17.0,0.6817321621813207,0.5407300355187189,,,,2.0,1.0,25.084285996924244,0.7018660567982133,0.0,0.0284765365512005,0.0,76.0,10
3,18.0,0.7800165440098932,1.0847909916323188,,,,2.0,1.0,31.97960433770823,0.7434388857180014,0.5357001080055028,0.0,0.0,75.0,10
3,19.0,0.7860208263917584,0.530825995497066,,,,2.0,0.0,104.9090136681014,0.6547381989888665,0.5455731913393683,0.0564957703397001,0.0,74.0,10
3,20.0,0.795339703855559,0.6599452235383709,,,,2.0,1.0,34.421211311565614,0.8113421688200186,0.9568937557173736,0.01496053653208,0.0,73.0,10
3,21.0,0.806604304899333,0.6314258193634833,,,,2.0,1.0,38.76856397483392,0.722385329556049,3.588396510832491,0.0,0.0,72.0,10
3,22.0,0.8919018261885985,0.8956329650370181,,,,2.0,1.0,31.66116788015128,0.845546544880991,0.74003187008177,0.1763256015570007,0.0,71.0,10
3,23.0,1.277462973039433,1.2540105367658525,,,,2.0,0.0,107.4840585321889,0.6862582395553297,0.0,0.0678764122737724,0.0,70.0,10
3,24.0,1.2999813796146005,1.2946714846849492,,,,2.0,1.0,28.05040170091397,0.6370639673742213,0.0,0.0121869371939234,0.0,69.0,10
3,25.0,1.3315950397132892,1.360021019601916,,,,2.0,0.0,101.87031231416152,0.8197548809611314,2.7160652274828854,0.0,0.0,68.0,10
3,26.0,1.412290501198045,1.3880878394996323,,,,2.0,1.0,28.5374170185265,0.823064571990435,0.0,0.0,0.0,67.0,10
3,27.0,1.4490937186898862,1.887574242992092,,,,2.0,1.0,33.214189833494764,0.6104808243384253,0.0,0.3308830002008707,0.0,66.0,10
3,28.0,1.4778424792958316,1.5149868010000247,,,,2.0,0.0,104.26477344754764,0.645498854374714,4.679018163152525,0.2012677598627967,0.0,65.0,10
3,29.0,1.4805880292325913,1.711004838759889,,,,2.0,1.0,22.987322110319177,0.6480774433983584,3.31567176963166,0.1756250964906026,0.0,64.0,10
3,30.0,1.4805898339533203,1.3582156866184811,,,,2.0,0.0,110.33136013126916,0.604483553688591,0.0,0.0674457658954129,0.0,63.0,10
3,31.0,1.4864263216306686,1.4894926088116651,,,,2.0,1.0,31.34107939011181,0.9368149645628304,0.0,0.2809714184094786,0.0,62.0,10
3,32.0,1.5086692333386669,1.2287980470824569,,,,2.0,0.0,96.63311044990962,0.7482547358673889,0.0,0.0,0.0,61.0,10
3,33.0,1.685863762788816,1.7547579597170504,,,,2.0,0.0,100.9240056271949,0.7104015320705377,6.38271661776457,0.321372715677061,0.0,60.0,10
3,34.0,1.6858739636662012,1.547009431529213,,,,2.0,1.0,31.704312497141814,0.5947487180064518,0.0,0.0,0.0,59.0,10
3,35.0,1.686463046718147,1.7152787436806018,,,,2.0,1.0,25.38611363476352,0.5161675179690342,3.47707006280769,0.0857791051988847,0.0,58.0,10
3,36.0,1.73792452352965,1.5385824993617891,,,,2.0,0.0,114.4542522703232,0.6354390668733194,4.747438966379327,0.1026235599566892,0.0,57.0,10
3,37.0,1.7396186877322064,1.3578283031657932,,,,2.0,1.0,26.42568049275802,0.6769357137422183,1.416980113143682,0.0,0.0,56.0,10
3,38.0,1.7666873470256583,1.9588223783648933,,,,2.0,1.0,36.21261120505131,0.6782184645408323,0.0611968406587872,0.2413658678257809,0.0,55.0,10
3,39.0,1.845846042567288,1.813626075147766,,,,2.0,1.0,26.61653786060363,0.842405644064727,7.12040095298261,0.0,0.0,54.0,10
3,40.0,1.8915204408341049,1.6304149605666205,,,,2.0,0.0,89.77208469926458,0.7611876244558861,2.037731046048441,0.0,0.0,53.0,10
3,41.0,1.8923733372702596,1.9633925962674612,,,,2.0,0.0,92.13047963554266,0.7281280307455943,2.014256496414523,0.37622041083636,0.0,52.0,10
3,42.0,1.906497279614628,1.6992048598878635,,,,2.0,1.0,36.65545960946737,0.6826791525559144,5.427428013037655,0.2633297899776967,0.0,51.0,10
3,43.0,1.922113554694439,1.8501529099552072,,,,2.0,0.0,103.89540564405624,0.7149186141968914,4.585914168973183,0.3621814702375319,0.0,50.0,10
3,44.0,2.31091056911997,2.2581296208024937,,,,2.0,0.0,100.28954299159538,1.0,2.959959478504316,0.2447531883727426,0.0,49.0,10
3,45.0,2.320509628912152,2.241743209542815,,,,2.0,1.0,29.157574113515963,0.6275450644004389,0.5923519199317484,0.0058243460092,0.0,48.0,10
3,46.0,2.4178886232481127,2.4882218116876365,,,,2.0,1.0,38.89049366602474,0.8476014239108742,8.283943198238202,0.4229121987626264,0.0,47.0,10
3,47.0,2.429309542403592,2.350108375537402,,,,2.0,1.0,29.602548930249323,0.8806994569863993,0.917498553361157,0.2149804641620389,0.0,46.0,10
3,48.0,2.453223513586109,2.3889247757478063,,,,2.0,0.0,110.70864600976196,0.8622268301213128,6.429017953004887,0.0,0.0,45.0,10
3,49.0,2.602358154704113,2.4486240062242848,,,,2.0,1.0,34.63178765791824,0.6081434150270769,6.069637415973352,0.1664559290578135,0.0,44.0,10
3,50.0,2.8369055146826323,2.7537414959741806,,,,2.0,1.0,23.061560323404137,0.6052548030120098,0.0,0.3198067200919671,0.0,43.0,10
3,51.0,2.855348192532127,3.162735957043544,,,,2.0,0.0,99.13783850780204,0.887088359611932,9.73972716959288,0.0953476109420284,0.0,42.0,10
3,52.0,2.9162013374056728,2.763715308071948,,,,2.0,0.0,93.99101050669032,0.7816211300081384,3.842661487397316,0.1634069696340852,0.0,41.0,10
3,53.0,3.04088851671644,2.9882125546691825,,,,2.0,1.0,30.36492244375949,0.7531799314906154,6.33361335577553,0.1424572893302645,1.671870799270612e-05,40.0,10
3,54.0,3.048715796044563,3.1863407702457938,,,,2.0,1.0,26.493182821466533,0.6891981773156238,0.0,0.1113186067509097,2.373228784255492e-05,39.0,10
3,55.0,3.788959850123736,3.8720529903791743,,,,2.0,1.0,28.030630789334296,0.6896973905686289,17.002267536307453,0.5158012276346648,0.0062245764510726,38.0,10
3,56.0,3.8265523643463726,3.795471378902418,,,,2.0,0.0,102.79524956159808,0.6820880581120976,15.13097939293224,0.4766495964565007,0.0068318881100657,37.0,10
3,57.0,3.848158528873372,3.780400416079546,,,,2.0,1.0,29.865902139033857,0.582982869657698,13.37316320519398,0.4598575159572906,0.0071937289010064,36.0,10
3,58.0,3.8485914100282512,3.612986468649741,,,,2.0,1.0,25.5627862478918,1.0,7.121349006960516,0.1358519895200229,0.0072010738117373,35.0,10
3,59.0,3.848609693531431,4.080882255800974,,,,2.0,1.0,28.508171871931182,0.7989204363977532,11.019674514079574,0.4061964286340236,0.007201384119555,34.0,10
3,60.0,3.8665801777036646,3.7759379363728343,,,,2.0,0.0,110.4806765280556,0.7445987776957241,14.822723889019349,0.3023568627898961,0.0075096120438891,33.0,10
3,61.0,4.018903897182854,4.065282305448076,,,,2.0,0.0,104.8390056100552,0.7235600827176931,15.611779888207757,0.2218122906780234,0.010381651516944,32.0,10
3,62.0,4.044319757419251,4.223255920674631,,,,2.0,1.0,30.06274485196213,0.457928249739357,8.223308700700422,0.4901427850463147,0.010906037557362,31.0,10
3,63.0,4.044474875632714,3.978800337900335,,,,2.0,0.0,109.45962258890935,0.7325833793439658,11.985251733957211,0.3512851219430417,0.0109092776582797,30.0,10
3,64.0,4.057279722933055,4.071121242373014,,,,2.0,1.0,25.5887931583217,0.6292664160927919,8.886809740566342,0.4671643779859906,0.0111784041252539,29.0,10
3,65.0,4.0572797818994815,3.832679610116815,,,,2.0,1.0,22.99537299877424,0.487557606322677,13.420045078896742,0.335625194906719,0.0111784053721341,28.0,10
3,66.0,4.068780197070353,4.120551627653828,,,,2.0,1.0,38.20945178942368,0.65072963624797,15.439598226873644,0.3689961934303764,0.0114229110964974,27.0,10
3,67.0,4.186237680637106,4.329342891051012,,,,2.0,1.0,23.776786985290208,0.7494141144405939,11.5739781573933,0.7317254378161694,0.014071598349633,26.0,10
3,68.0,4.329778903344198,4.431033856624397,,,,2.0,1.0,34.48228767291754,0.7196154697777739,16.697974401491827,0.6539327914087072,0.0176831193177929,25.0,10
3,69.0,4.548173811691654,4.597660568508704,,,,2.0,1.0,32.67188050332098,0.8793301333399942,15.10408770251566,0.5094795257982944,0.0239684215120786,24.0,10
3,70.0,4.827663999846628,4.8637284019131295,,,,2.0,1.0,29.72163793426157,0.7152769509447205,11.266959342098442,0.5470742486843322,0.0334035569633537,23.0,10
3,71.0,4.844889389518987,5.079775223152001,,,,2.0,1.0,36.17545113919546,0.8433030537272931,11.501491391808344,0.4539657827724758,0.0340361685955974,22.0,10
3,72.0,4.88871999138628,4.867801921767714,,,,2.0,0.0,108.35245013418444,0.6937870365609161,18.659332352864784,0.8872572822531982,0.0356726320586219,21.0,10
3,73.0,5.027504805930732,4.986898827065088,,,,2.0,0.0,103.11693396816486,0.8104378129227879,14.748415205601768,0.4676746694320302,0.0411077573807221,20.0,10
3,74.0,5.520592972328169,5.841867322256754,,,,2.0,1.0,23.222038492589984,0.7381314486059992,10.8915590065143,0.7669821435093394,0.0635338893215015,19.0,10
3,75.0,5.539325291719772,5.488728351708095,,,,2.0,1.0,33.603939936594585,0.7924265948381715,11.665167210386011,0.623974843371571,0.064481729371677,18.0,10
3,76.0,5.72611838411937,5.88043473961932,,,,2.0,0.0,104.9224934234554,0.631409099650274,24.090246889699884,0.8235402849717764,0.074317214442336,17.0,10
3,77.0,5.763926903857544,5.673412214916415,,,,2.0,0.0,88.96992048763433,0.7085093662852239,22.54356457007317,0.6696984087490174,0.0763929192986754,16.0,10
3,78.0,5.77396241830198,5.779631756593962,,,,2.0,1.0,30.17815926582376,0.818324412637779,17.06361130246779,0.7901971289331916,0.0769486749815177,15.0,10
3,79.0,5.774459302079069,5.841072004862223,,,,2.0,0.0,79.51670402032805,0.8511531421527995,14.908150593082766,1.071645131793193,0.0769762441889307,14.0,10
3,80.0,6.044986157381422,6.263777567747034,,,,2.0,0.0,105.31992728494212,0.6345738240596587,16.197705943783216,1.0898260346985025,0.0927194069864448,13.0,10
3,81.0,6.31304422649615,6.161743168787043,,,,2.0,1.0,37.589636854772834,0.551896755258513,21.074940358960944,1.0926972502793992,0.1097626204671947,12.0,10
3,82.0,6.424003808507647,6.481140985462828,,,,2.0,1.0,25.22561435453992,0.6367445235340645,25.9145865526266,1.0589053148326406,0.1172380208067487,11.0,10
3,83.0,6.77534505918784,6.88403782165538,,,,2.0,0.0,114.50574863112328,0.5327237941455996,20.48231507916297,1.1103746572878814,0.1425323031593404,10.0,10
3,84.0,6.77660163547892,6.868107913975548,,,,2.0,0.0,100.1649414962376,0.7791516985182725,22.939215385209764,1.2396539719382589,0.1426271991310204,9.0,10
3,85.0,6.859838473365382,7.1293333015780345,,,,2.0,0.0,102.88562479319364,0.6100767408847054,21.691766738946217,1.1697779804104629,0.1489835304047161,8.0,10
3,86.0,7.567292421947401,7.750367238045217,,,,2.0,1.0,35.19603578769793,0.6033404445488622,20.685809018704205,1.7588694400268632,0.2086016006757815,7.0,10
3,87.0,7.610408649822908,7.486054596166525,,,,2.0,1.0,31.90308581122544,0.7473639403307414,26.225548584229717,1.4520202516634209,0.2125586791836189,6.0,10
3,88.0,8.031137421842146,7.975577731319934,,,,2.0,1.0,23.78620379958234,0.6745858536861093,28.37524149647609,1.563740519139316,0.2531234375746044,5.0,10
3,89.0,8.810401919911946,9.011667889689935,,,,2.0,0.0,109.43792317298164,0.7046870852800662,35.18621800782829,2.0480751750891595,0.3376077047091644,4.0,10
3,90.0,8.92622526623167,9.114539543240443,,,,2.0,0.0,93.5138236505667,0.7142856756681878,38.08986488652089,2.135103481206348,0.3512014590612263,3.0,10
3,91.0,9.124663787713896,9.01635309295828,,,,2.0,1.0,22.1149367493232,0.7258471223228611,38.86140503450101,1.986235222187169,0.3751150651253392,2.0,10
3,92.0,9.605061370038449,9.586088237065264,,,,2.0,1.0,39.95124111443808,0.7828434458084449,38.15997821272848,2.3315858540194627,0.4362683570197417,1.0,10
3,93.0,10.014676645580275,10.314669800295478,catastrophic_failure_replacement,105.48019595507998,,2.0,0.0,100.21636176432696,0.5742021588302917,4.836792216702221,0.0,0.0,0.0,10
3,93.0,0.0,0.0,catastrophic_failure_replacement,105.48019595507998,,2.0,0.0,100.21636176432696,0.5742021588302917,4.836792216702221,0.0,0.0,84.0,11
3,94.0,0.3456377591886354,0.3786459316164861,,,,2.0,0.0,94.82532241780736,0.7278715824860124,1.538600339729788,0.1038679532652211,0.0,83.0,11
3,95.0,0.3608673838874265,0.3682548591472925,,,,2.0,1.0,27.570224955908063,0.8966120683335274,1.1666812596603575,0.0,0.0,82.0,11
3,96.0,0.3609021059067402,0.4432403575564105,,,,2.0,1.0,24.6325336825292,0.955458651963432,0.0,0.0,0.0,81.0,11
3,97.0,0.3609083188201696,0.437052552234957,,,,2.0,1.0,26.53785188350909,0.6008139537175161,0.0,0.1019693450146344,0.0,80.0,11
3,98.0,0.777307946627696,0.6633161554082474,,,,2.0,0.0,104.82576406313652,0.7958650132083442,0.0,0.0046752905240918,0.0,79.0,11
3,99.0,0.7853476810260026,0.8219621195758596,,,,2.0,1.0,30.59946022493898,0.6918140717990827,5.875391176599965,0.2248003754858513,0.0,78.0,11
3,100.0,0.8027775585039473,0.7346308326059493,,,,2.0,1.0,21.763640631878623,0.7740332401640208,0.0,0.0732479670537351,0.0,77.0,11
3,101.0,0.8571447749662917,1.089141836346704,,,,2.0,1.0,23.00713373945205,0.802439483988147,0.0,0.0848740691172325,0.0,76.0,11
3,102.0,0.8577615033214012,0.955793830600622,,,,2.0,1.0,34.40614442881402,0.7095757148263584,0.5373637086399011,0.0163794004396703,0.0,75.0,11
3,103.0,0.8634523112290095,0.8358714069998618,,,,2.0,1.0,27.267080589325168,0.736984696757984,3.0649244944429794,0.0,0.0,74.0,11
3,104.0,1.2556368785083254,1.161136070087055,,,,2.0,1.0,30.232500956903717,0.629863762799499,0.0,0.0,0.0,73.0,11
3,105.0,1.2965955449758186,1.2005915768937214,,,,2.0,1.0,37.54952957292971,0.5274958339715826,3.3281456406457077,0.0794993668463729,0.0,72.0,11
3,106.0,1.3262836886396645,1.38404904154035,,,,2.0,0.0,84.52809415416581,0.8099306901746044,2.415236885928112,0.0422407738692436,0.0,71.0,11
3,107.0,1.3262842385926843,1.4701545396646745,,,,2.0,1.0,21.79159975463407,0.6638799198030342,2.013978922821563,0.1786510986816858,0.0,70.0,11
3,108.0,1.4107953515917198,1.0022901500048664,,,,2.0,0.0,93.21860404873158,0.8045671133983681,7.6415393318272145,0.0893514986019793,0.0,69.0,11
3,109.0,1.4194189483133768,1.0794305804777262,,,,2.0,0.0,86.3298141322587,0.828297130829107,1.5339379316248267,0.0,0.0,68.0,11
3,110.0,1.4198248530848083,1.4071141211946965,,,,2.0,0.0,99.99138550929038,0.6866181536773741,4.988428460245725,0.0010921576974565,0.0,67.0,11
3,111.0,1.7157647778386829,1.5271633111343708,,,,2.0,1.0,31.86853710087052,0.7037801743191405,4.58394636729129,0.218241645370936,0.0,66.0,11
3,112.0,1.7158931187480555,1.7748400365310395,,,,2.0,1.0,35.45007885883513,0.8629479421927737,0.4062122501989149,0.0,0.0,65.0,11
3,113.0,1.7237804142772262,1.8130978150693315,,,,2.0,1.0,45.17906540502889,0.738598785010003,4.063662136191271,0.2147212275912525,0.0,64.0,11
3,114.0,1.967556498099411,1.8763173582821933,,,,2.0,0.0,110.79156193695984,0.7456335752899088,1.1445775623649137,0.0305165488354466,0.0,63.0,11
3,115.0,2.0326516119736806,2.324998844497244,,,,2.0,0.0,97.47057959207744,0.7644322732201758,5.108732234002276,0.0866736380733655,0.0,62.0,11
3,116.0,2.040833313229006,2.048400992877998,,,,2.0,1.0,26.30084871611173,0.6060475139986177,3.1080732012525387,0.2084862537429376,0.0,61.0,11
3,117.0,2.121747525082909,2.37220558548712,,,,2.0,0.0,107.75642202158532,0.6820802114183492,2.15359572140859,0.0437383141943124,0.0,60.0,11
3,118.0,2.1225879571100545,1.953695916918856,,,,2.0,1.0,31.927110449478192,0.5892490160019007,3.7451676983470312,0.0,0.0,59.0,11
3,119.0,2.1260060752743963,2.34521334156023,,,,2.0,1.0,37.15151727819105,0.5704185475587799,6.081269289444702,0.1527801404651488,0.0,58.0,11
3,120.0,2.221923526807944,2.305183745912432,,,,2.0,0.0,101.4608384790026,0.83095939825672,6.606809276153182,0.316639219233417,0.0,57.0,11
3,121.0,2.224854857665438,2.082009389477266,,,,2.0,1.0,25.71655123685253,0.5537399010939383,2.133950043297708,0.2815808871759647,0.0,56.0,11
3,122.0,2.370542012547041,2.686993236252819,,,,2.0,0.0,96.44050169573931,0.8229353095759376,0.269495532350728,0.1438649507506814,0.0,55.0,11
3,123.0,2.374232360566662,2.5434284273388625,,,,2.0,1.0,31.54660761561339,0.8649140137728301,0.6780108360349621,0.0,0.0,54.0,11
3,124.0,2.3914715560313846,2.169777981852047,,,,2.0,1.0,24.04957113583669,0.5998022163612786,2.3163651088953725,0.0,0.0,53.0,11
3,125.0,2.391483017348889,2.5899312778377346,,,,2.0,1.0,21.56403472797341,0.656701529572659,11.140097584097592,0.0,0.0,52.0,11
3,126.0,2.391996142223606,2.393486126064961,,,,2.0,1.0,35.09208047788516,0.8732810631313228,3.2957185770324124,0.2463154954668214,0.0,51.0,11
3,127.0,2.392503373459868,2.479307336720385,,,,2.0,1.0,24.802631235038287,0.7436828292167944,9.98197924975474,0.0614829538989044,0.0,50.0,11
3,128.0,2.5809842680956043,2.757530431327357,,,,2.0,1.0,29.58470779446927,0.7027726092725948,5.174137083066544,0.2652436755169979,0.0,49.0,11
3,129.0,2.615469141892861,2.5509446106221594,,,,2.0,1.0,37.34441419711847,0.8574063556510296,4.340690589593201,0.3525388089422671,0.0,48.0,11
3,130.0,2.7854951218967288,2.7851969073861325,,,,2.0,1.0,29.018250099025504,0.7839560289076787,5.045236435314736,0.2841707737162693,0.0,47.0,11
3,131.0,3.046411253567461,3.2493201450513256,,,,2.0,1.0,25.439872494413045,0.5626103392979285,9.246262187878514,0.2609473811675664,2.1540044577032136e-05,46.0,11
3,132.0,3.046422632238238,3.259333483220617,,,,2.0,1.0,32.62159768884494,0.786840246391192,8.399976335830068,0.0,2.1550607839267203e-05,45.0,11
3,133.0,3.107441627269505,3.021674286422079,,,,2.0,0.0,104.257157806378,0.6602890980383405,7.855656188135303,0.0312323417246055,0.0001154370327031,44.0,11
3,134.0,3.189241654820679,3.221615772679426,,,,2.0,0.0,101.21999027576815,0.6854450414764889,2.7976626393699355,0.2390451570220499,0.0003581240391926,43.0,11
3,135.0,3.1984581318724827,2.94163793725273,,,,2.0,1.0,29.33888962324344,0.752270568446402,1.8230370795934492,0.4021131578928681,0.0003938563010631,42.0,11
3,136.0,3.3870327541681187,3.6264386123987222,,,,2.0,1.0,26.04994499845173,0.6905948668447522,7.852144443512429,0.0594905309318087,0.0014979435279895,41.0,11
3,137.0,3.3874748949850986,3.427202410134467,,,,2.0,1.0,30.4166015409661,0.9116331641483216,0.0,0.3997637659850016,0.0015013679424371,40.0,11
3,138.0,3.39286407112705,3.328954144254138,,,,2.0,1.0,36.84624978145834,0.4615683714433728,2.6046233235271776,0.2916980861972852,0.0015434217838251,39.0,11
3,139.0,3.5284067026004595,3.736038218221146,,,,2.0,0.0,102.37963404858444,0.7764347751185451,12.07234136705934,0.0,0.0027921364335309,38.0,11
3,140.0,3.823012287723744,3.742626697101996,,,,2.0,0.0,108.11579113890689,0.6549080484090227,15.091889892477878,0.1736516683462594,0.0067734922574427,37.0,11
3,141.0,3.830566100449058,3.715340312089244,,,,2.0,1.0,29.330502926844733,0.7215516302015834,9.285760735206392,0.2286350155220111,0.0068984004721515,36.0,11
3,142.0,3.83058884433627,3.58859020100742,,,,2.0,1.0,29.282964687443062,0.7754238362224369,7.911770050686517,0.2344914586474585,0.0068987782833586,35.0,11
3,143.0,3.88953333195068,3.901937369543633,,,,2.0,0.0,100.18610800213015,0.7303790548290283,14.292225102439478,0.5091469417653062,0.0079126954865127,34.0,11
3,144.0,4.5630328022114695,4.580857264387262,,,,2.0,1.0,34.80217696209036,0.6777438707182039,15.687920418844053,0.8280962825344893,0.0244307154078903,33.0,11
3,145.0,4.583557458532075,4.766655990934267,,,,2.0,1.0,30.832192192386696,0.6781698483443792,11.15825798962466,0.4740775229195393,0.0250765422447256,32.0,11
3,146.0,4.585787663922141,4.450648679282839,,,,2.0,0.0,112.0356500059003,0.7206974916269419,9.648096184753497,0.3360045530640392,0.0251472251504764,31.0,11
3,147.0,4.801522607034335,5.040731015296783,,,,2.0,1.0,35.02091931273716,0.7407000838639233,10.950461970067984,0.5328413283677427,0.0324548370365578,30.0,11
3,148.0,4.918454336205404,5.121382699355439,,,,2.0,1.0,37.6479828951924,0.6373497963854878,12.692766663555206,0.7070960893906179,0.0368046704010531,29.0,11
3,149.0,4.924131703883715,4.753214325880285,,,,2.0,0.0,109.3022692346864,0.6486940147718634,10.110391469155914,0.5622251230076855,0.0370228281389044,28.0,11
3,150.0,4.931276244379937,4.825119933070433,,,,2.0,1.0,33.72783295766183,0.6420099597077742,10.721059509791464,0.6349115192509259,0.0372982793210627,27.0,11
3,151.0,5.045473181699604,5.169262450598337,,,,2.0,1.0,23.24154594786547,0.5998141409949159,19.92911919993955,0.6788824412687959,0.041839605370523,26.0,11
3,152.0,5.0904446135385975,5.191219434772192,,,,2.0,1.0,31.637849644909995,0.6837848379206635,11.694798191226813,0.7787883947079819,0.0436995868227253,25.0,11
3,153.0,5.090872264265168,5.111621665142822,,,,2.0,1.0,27.591754726952093,0.7117318970899965,16.46114383655173,0.8419295737144776,0.0437174682547335,24.0,11
3,154.0,5.098250057007311,5.186339943298372,,,,2.0,1.0,27.68831349477152,0.7356896384432112,9.926621465039622,0.5946919724004424,0.0440265330173118,23.0,11
3,155.0,5.121879959480866,5.024713130263084,,,,2.0,0.0,96.44122066281356,0.8360987700858917,11.50413673688536,0.8024323069175219,0.0450237456244652,22.0,11
3,156.0,5.3333309710588725,5.3218783110856975,,,,2.0,1.0,21.076806798396035,0.8754212377630582,15.481130980911912,0.5568389776583892,0.0544443342050254,21.0,11
3,157.0,5.404307856389879,5.238374000449596,,,,2.0,0.0,111.90724080025105,0.7292050611263654,13.196882347483008,0.7736759966174175,0.0578069626829809,20.0,11
3,158.0,5.675117015089692,5.649378301697432,,,,2.0,1.0,21.23934670638498,0.640570395485727,15.359033353515422,0.6290052712443379,0.0715625104442238,19.0,11
3,159.0,5.676417337981133,5.729014596262362,,,,2.0,0.0,96.18458269948782,0.6386502725957819,13.074218534909004,0.8417293618058277,0.0716320976704601,18.0,11
3,160.0,5.682020292353784,5.644751357293644,,,,2.0,1.0,29.454361896011928,0.6553432615627814,17.180575428707463,0.4528255327555266,0.0719323284859747,17.0,11
3,161.0,5.803930221046225,5.762611059800477,,,,2.0,0.0,102.38894948206372,0.538622832860502,14.551409982705335,0.5566412248277403,0.0786202468449633,16.0,11
3,162.0,5.92882226713118,6.069315053744147,,,,2.0,1.0,25.156045420857676,0.7061916960204135,16.38756298726432,0.9348922304948484,0.0857799987244342,15.0,11
3,163.0,5.994091433348863,6.225693881618661,,,,2.0,1.0,23.00967459734005,0.6771414100404217,17.834219833014636,0.9749556271271392,0.0896458351125304,14.0,11
3,164.0,6.008457298929234,5.979091010684928,,,,2.0,0.0,107.3464567028116,0.6631476336782076,15.684854380103106,0.883383639672677,0.0905081531948058,13.0,11
3,165.0,6.324750293528576,5.981293285953748,,,,2.0,1.0,31.491516591435435,0.7215036757579987,19.23686875913484,1.1213964191493924,0.1105396451431835,12.0,11
3,166.0,6.466969557210715,6.333551510854403,,,,2.0,1.0,31.375461429556417,0.7838532853763183,21.454990372593013,0.9482384707381458,0.1201987791062585,11.0,11
3,167.0,6.481802985713393,6.5195375271924165,,,,2.0,0.0,103.29834015474869,0.6007938728177081,19.773577972894863,1.0812206460050489,0.1212295203132269,10.0,11
3,168.0,6.492525204588289,6.578827994494409,,,,2.0,1.0,32.75051758140763,0.6939443660312464,21.565686404553,0.9410370802895552,0.1219773230468446,9.0,11
3,169.0,6.956079899480542,6.583219583832388,,,,2.0,0.0,102.44232265620674,0.7865336159237828,21.28917640193167,1.0547516988738774,0.1565056817107398,8.0,11
3,170.0,7.804562968457068,7.724145368556575,,,,2.0,1.0,37.34230233689456,0.6475699103443502,24.08938801582953,1.5228202243088202,0.2308382531786899,7.0,11
3,171.0,8.054277733528311,8.285083742329583,,,,2.0,1.0,34.60175227867897,0.6159430170058936,30.49791609120119,1.5442600724988698,0.2554572340764008,6.0,11
3,172.0,8.149190519033013,8.066838327864403,,,,2.0,0.0,88.78959849233262,0.6170262806343243,25.14502920550809,1.7399054735272776,0.2651416300129947,5.0,11
3,173.0,8.634339808907836,8.581199170135589,,,,2.0,0.0,97.18047721303124,0.8676992306580169,31.535166696387435,1.7596509010684265,0.3174578508224358,4.0,11
3,174.0,9.07375225299213,9.005245841556418,,,,2.0,0.0,99.78272612502668,0.7313712989693525,33.641132535748554,2.0012668655741392,0.3689046643072695,3.0,11
3,175.0,9.512376941237262,9.567143908875238,,,,2.0,0.0,107.9145377923513,0.6592784961265413,39.94122522872888,2.239071356677791,0.4241105342475879,2.0,11
3,176.0,9.876316601490586,9.88663311472162,,,,2.0,0.0,93.14902025895204,0.8031168487004042,37.27937890674392,2.5151698112085987,0.4728373000393505,1.0,11
3,177.0,10.699099057891068,10.766407329864244,catastrophic_failure_replacement,60.56338977778888,,2.0,1.0,31.38226011948293,0.7372038674778686,0.0,0.3057866635442174,0.0,0.0,11
3,177.0,0.0,0.0,catastrophic_failure_replacement,60.56338977778888,,2.0,1.0,31.38226011948293,0.7372038674778686,0.0,0.3057866635442174,0.0,91.0,12
3,178.0,0.010333462423405,0.2585509341297769,,,,2.0,0.0,103.48777710656536,0.7477980957378949,0.0,0.0,0.0,90.0,12
3,179.0,0.0103991444813135,0.1949666919984504,,,,2.0,0.0,102.9783341945548,0.6386545411636672,0.934573327713304,0.0725752660397599,0.0,89.0,12
3,180.0,0.0122714661924947,0.0863647678907797,,,,2.0,1.0,38.93321225411924,0.5978507794399125,0.0,0.0,0.0,88.0,12
3,181.0,0.0840229483137752,0.0,,,,2.0,1.0,31.22636885566452,0.8594481979872017,0.0,0.0,0.0,87.0,12
3,182.0,0.1313416727084135,0.0707168697795715,,,,2.0,1.0,24.272249854144956,0.9332462997329248,0.0,0.0,0.0,86.0,12
3,183.0,0.1313568459509016,0.0126507465019761,,,,2.0,0.0,105.77181339203162,0.8596661219734167,0.0,0.0,0.0,85.0,12
3,184.0,0.1313741389922917,0.2205066412869399,,,,2.0,1.0,33.04915578504668,0.8630812996823779,3.7876446782936153,0.0,0.0,84.0,12
3,185.0,0.2597105391765245,0.1960460407965701,,,,2.0,0.0,105.53246442128098,0.8338478843151608,6.83126859114086,0.0242937130830987,0.0,83.0,12
3,186.0,0.3940559451178613,0.4805526456005387,,,,2.0,0.0,97.2150696727438,0.7618337002926996,0.0,0.1162112756132716,0.0,82.0,12
3,187.0,0.4672286371693984,0.5503275101400632,,,,2.0,1.0,27.106406668881377,0.6247630572940074,0.4504563558042739,0.0,0.0,81.0,12
3,188.0,0.4887820133186065,0.4104468526978242,,,,2.0,0.0,101.4542312794165,0.829178885666804,0.0,0.3345275749687437,0.0,80.0,12
3,189.0,0.4916230763977594,0.6276742120626546,,,,2.0,1.0,25.66926236019713,0.749565753729485,0.0,0.1376828477231267,0.0,79.0,12
3,190.0,0.4945773954589828,0.3763408718559971,,,,2.0,1.0,26.5539738051028,0.5428453065983775,2.025361334244701,0.2879991134647514,0.0,78.0,12
3,191.0,0.7289882679408247,0.4823266445974718,,,,2.0,1.0,29.749466210579733,0.7991453821508,0.0,0.0,0.0,77.0,12
3,192.0,0.7317036974723808,0.5883029516833872,,,,2.0,1.0,33.70111018109926,0.7100273521370546,0.0,0.1901164479035409,0.0,76.0,12
3,193.0,0.9865982845988706,0.6467465313316845,,,,2.0,1.0,26.785485982954352,0.719701192610136,0.0,0.2353931692512127,0.0,75.0,12
3,194.0,1.0271156455991737,1.2758982714650844,,,,2.0,0.0,96.760088141103,0.6975634742432508,3.194725667862823,0.1987017200146132,0.0,74.0,12
3,195.0,1.0278477353155115,0.8037421525686221,,,,2.0,0.0,94.0899184246916,0.7021241832892338,0.0,0.0,0.0,73.0,12
3,196.0,1.0282286461964096,1.1015678929457808,,,,2.0,1.0,41.46006112305496,0.8024371448374764,5.02777780743937,0.0,0.0,72.0,12
3,197.0,1.1282886545671988,1.0751994291324998,,,,2.0,1.0,34.042224858592185,0.6184855329273584,4.882797800345085,0.0,0.0,71.0,12
3,198.0,1.1287353646600622,0.9826586235664,,,,2.0,1.0,22.273491853631448,0.7950426834109138,8.010725699259417,0.0352651061676971,0.0,70.0,12
3,199.0,1.1663426718134036,1.099057222956461,,,,2.0,1.0,23.862403064476517,0.7650248941518369,0.4834777318482086,0.1194373602170568,0.0,69.0,12
3,200.0,1.1671353193359075,1.0458451423746902,,,,2.0,1.0,32.331646463079714,0.7414812394545788,0.0,0.0,0.0,68.0,12
3,201.0,1.168802122793497,1.220594047173097,,,,2.0,1.0,34.397932993441486,0.5114042437879078,2.650334785228165,0.0561136727185005,0.0,67.0,12
3,202.0,1.1801224169756102,1.208059773028089,,,,2.0,0.0,114.16847388720235,0.5881571837391294,7.0082417578838765,0.0304587248835634,0.0,66.0,12
3,203.0,1.1826078521583314,1.2178049976190677,,,,2.0,1.0,25.84879501148741,0.7602469691605545,0.0,0.2387423307430259,0.0,65.0,12
3,204.0,1.3829835456276005,1.1715657971270916,,,,2.0,0.0,107.34246846266058,0.7275056977184226,0.0,0.0772655864051363,0.0,64.0,12
3,205.0,1.452058938175635,1.3547129332614007,,,,2.0,1.0,34.87495866344665,0.6671584935868884,0.0,0.0344738973639755,0.0,63.0,12
3,206.0,1.4537000008350796,1.4123267398941526,,,,2.0,1.0,37.13629459554316,0.7721174730351714,7.375988965091136,0.0,0.0,62.0,12
3,207.0,1.807625748468626,1.952211864877574,,,,2.0,1.0,24.433231239264195,0.681611282674152,1.6215809702611752,0.1272401298379525,0.0,61.0,12
3,208.0,1.9015146759574264,1.7531054299741564,,,,2.0,1.0,24.63811170807752,0.8534975892831739,2.1576348221673887,0.0,0.0,60.0,12
3,209.0,2.0270701949822323,2.2076403186709417,,,,2.0,1.0,32.72902805989255,0.7829912568045283,1.8837432729272483,0.1771647758033303,0.0,59.0,12
3,210.0,2.0324422542803706,2.28943325827136,,,,2.0,1.0,25.2542611426836,0.6644851256097781,2.365540905541863,0.0,0.0,58.0,12
3,211.0,2.03280018224466,2.2061051090788184,,,,2.0,1.0,31.58529195119512,0.7118663329521567,5.639765658680171,0.2119870978528419,0.0,57.0,12
3,212.0,2.1919292711592004,2.434002966089741,,,,2.0,1.0,24.01901181466748,0.6516049754612272,2.3401459983060726,0.0089266864125638,0.0,56.0,12
3,213.0,2.1936133547071988,1.983954027499987,,,,2.0,1.0,35.177632691997964,0.5663475216206949,2.5649853473922497,0.0,0.0,55.0,12
3,214.0,2.193624168161153,1.977574403450288,,,,2.0,0.0,105.67752073023549,0.7192294955537756,3.8995913138083567,0.2277217653376919,0.0,54.0,12
3,215.0,2.2015252900174764,1.974590999041855,,,,2.0,1.0,28.53662084763714,0.7218065998067366,1.1102382281079493,0.0242777095172999,0.0,53.0,12
3,216.0,2.201647880816237,1.9041519959765592,,,,2.0,1.0,23.15602802082021,0.8577104369650641,6.925983051990968,0.3051386898832519,0.0,52.0,12
3,217.0,2.202345320170886,2.1141327512868973,,,,2.0,1.0,27.953734408559423,0.8549444465592814,5.947675684559169,0.236395765502652,0.0,51.0,12
3,218.0,2.204307391273409,2.1520651195168456,,,,2.0,0.0,105.0880207108055,0.5633420706374377,1.985081317124884,0.0957008119562804,0.0,50.0,12
3,219.0,2.204324315326444,2.051231635673856,,,,2.0,1.0,35.77710800635675,0.8693165289824939,8.08846888181127,0.0141553171599683,0.0,49.0,12
3,220.0,2.2052302696793,2.015332314710493,,,,2.0,1.0,37.50296242712447,0.9021174115907244,5.254077692120564,0.065075914100916,0.0,48.0,12
3,221.0,2.880140780100815,3.109799346714204,,,,2.0,1.0,23.688895464814355,0.4915805000031069,0.0,0.4411412906279094,0.0,47.0,12
3,222.0,2.8801408409049687,2.6753112973062443,,,,2.0,1.0,29.37294777899198,0.8768765091862056,5.5394500970054645,0.0,0.0,46.0,12
3,223.0,2.880630881107368,2.9635171555721995,,,,2.0,1.0,38.56271362762425,0.5726331833223668,3.468492883536576,0.2590115504635022,0.0,45.0,12
3,224.0,2.8868293200011386,3.0607851191697377,,,,2.0,0.0,100.32952718094334,0.8625857173294375,7.174090385334382,0.1579254333221784,0.0,44.0,12
3,225.0,2.9286151957033697,2.81187606722986,,,,2.0,1.0,26.34050173524648,0.8172161382266827,4.574975146209247,0.3160210258435012,0.0,43.0,12
3,226.0,3.048382147604588,3.247639072044524,,,,2.0,1.0,35.04829558765152,0.7868404361897889,5.3096184485566855,0.0568845799634311,2.3408322068321543e-05,42.0,12
3,227.0,3.074974259568469,2.79822835061203,,,,2.0,1.0,29.866614405525716,0.7048862720175565,7.0540734133542005,0.3043366196994668,5.621139597840221e-05,41.0,12
3,228.0,3.082703697897708,3.252895583929099,,,,2.0,1.0,18.76787535271989,0.8262317119172133,4.63459990267909,0.3152961519439744,6.839901645955358e-05,40.0,12
3,229.0,3.6222759229321855,3.7243505267895296,,,,2.0,0.0,102.45275150020036,0.6370261648983356,8.549900581926451,0.3084904216304597,0.003872273242611,39.0,12
3,230.0,3.667608392980388,3.5864351249597046,,,,2.0,1.0,28.36766318941977,0.886163015910677,8.452141884878847,0.5027861521093713,0.0044570096637785,38.0,12
3,231.0,3.686789228008096,3.9802161359014776,,,,2.0,0.0,109.5835881677674,0.6492136806378516,7.05852783687984,0.3304559351442206,0.0047167944370795,37.0,12
3,232.0,3.752249932010233,3.894189551366284,,,,2.0,1.0,29.375658321500737,0.6320350184980826,8.53286539081063,0.4813768432875439,0.005658799602094,36.0,12
3,233.0,3.77476126273323,3.781680360953176,,,,2.0,1.0,34.308323105019646,0.5568009440380732,5.748180831210054,0.5776652118830662,0.0060025501423198,35.0,12
3,234.0,3.7808495288794113,3.850709458778888,,,,2.0,0.0,109.95943550772222,0.8608728837082322,8.360496770092164,0.4152498829434958,0.0060972598675119,34.0,12
3,235.0,3.793202803465626,3.991297443414495,,,,2.0,1.0,22.507944660611717,0.7141398956220154,14.696020100812824,0.3077895482613382,0.0062917068742572,33.0,12
3,236.0,3.9466204232338176,4.047249626972139,,,,2.0,0.0,95.17041972413756,0.8602813173710061,8.48535367980917,0.5162706902194959,0.0089609022568337,32.0,12
3,237.0,4.137807370293848,4.256795263887896,,,,2.0,1.0,32.11596480891395,0.7159376963199097,10.723640806983417,0.6286906689026446,0.01294605611895,31.0,12
3,238.0,4.215340059710553,4.348833615849528,,,,2.0,0.0,94.24630522723974,0.6287064205565726,13.255934432098076,0.6333907953340951,0.0147705146073725,30.0,12
3,239.0,4.256775838370806,4.344986461547483,,,,2.0,0.0,101.0105969242194,0.771335096472498,10.831665582301069,0.3462730904902414,0.0157948550791264,29.0,12
3,240.0,4.7269147648531575,4.653539366015197,,,,2.0,1.0,32.540291239000524,0.892923829262794,16.800069652034043,0.4211680969141816,0.0298223460506783,28.0,12
3,241.0,4.764054163718883,4.630905088249961,,,,2.0,1.0,32.03103131903233,0.7414424889944597,14.9122866619882,0.5636664426883554,0.0311188709253392,27.0,12
3,242.0,4.838169414251095,4.679443708216122,,,,2.0,1.0,21.55567596373575,0.8601946399382916,7.64010221333908,0.5319248919908441,0.0337886679548821,26.0,12
3,243.0,4.85674604551251,4.7776404818967695,,,,2.0,0.0,104.17778975181666,0.6995806615956683,20.345815860742363,0.7998299320556113,0.0344750587752634,25.0,12
3,244.0,5.004412277423463,5.022650087803487,,,,2.0,0.0,99.03848364728472,0.3641779282657355,14.98889062719065,0.4397097712607631,0.0401766857788591,24.0,12
3,245.0,5.393782467673313,5.025582662497271,,,,2.0,0.0,94.85510483699312,0.5903476940475766,15.893209300713796,0.8695732094980276,0.0573019450254013,23.0,12
3,246.0,5.410770494215144,5.185276809018835,,,,2.0,1.0,32.89442981093603,0.6185790711823943,12.067188484201232,0.619265603667598,0.0581181437577832,22.0,12
3,247.0,5.411356056612648,5.39362728377989,,,,2.0,1.0,36.20983105233516,0.61210028609744,19.592777896928716,0.9936966928483149,0.0581463803176249,21.0,12
3,248.0,5.6184772270015655,5.444187133031688,,,,2.0,0.0,108.24069157763462,0.6885441466587221,20.89186952174108,1.0584504731685107,0.0685642298832581,20.0,12
3,249.0,5.619454793030104,5.635081529451558,,,,2.0,1.0,19.52951820112982,0.8531107442124916,12.308766842412766,0.8226615918754452,0.0686154341272838,19.0,12
3,250.0,6.036106409387582,6.041403519527784,,,,2.0,1.0,23.3747974736061,0.8015683543107794,19.769389809342776,0.9340749983136508,0.0921794212912435,18.0,12
3,251.0,6.047400213697905,5.9172554254193015,,,,2.0,0.0,99.54096694245511,0.6506071706993367,15.962087209932,0.8680220278115097,0.0928664806244604,17.0,12
3,252.0,6.92569180997809,7.013807750891689,,,,2.0,1.0,33.3584730486453,0.6692967496192476,19.106506309574527,1.1905284673111485,0.1541105618692906,16.0,12
3,253.0,6.941365400393593,6.977763413786396,,,,2.0,0.0,110.84022119889175,0.7312170172935918,26.206770892755934,1.2528846742517803,0.1553436121941975,15.0,12
3,254.0,7.104493740679562,7.158513059096385,,,,2.0,1.0,37.02120239889069,0.6509593924880199,23.379831907107647,1.3813261334468474,0.168468688672777,14.0,12
3,255.0,7.120455884177221,7.188802963225533,,,,2.0,1.0,23.95681823742506,0.6280250298598898,28.757495930074068,1.2033134587276948,0.1697815669345068,13.0,12
3,256.0,7.444018492140048,7.445198379672543,,,,2.0,1.0,32.761608474733286,0.8194088157450384,21.340474503855265,1.4913505373274372,0.197493003584827,12.0,12
3,257.0,7.579050605482836,7.44165848536821,,,,2.0,0.0,105.250843570171,0.7064485271223445,26.603572887425678,1.5063779140573217,0.2096770444757272,11.0,12
3,258.0,7.64085944981105,7.57435482907692,,,,2.0,0.0,94.50354122460428,0.7431270969794072,30.291586603920297,1.492954923992736,0.2153757643290051,10.0,12
3,259.0,7.655683925555502,7.628878356249181,,,,2.0,1.0,30.690733990103425,0.9657024194649216,25.30086084978717,1.5632202430168414,0.2167539281467589,9.0,12
3,260.0,8.09620422530707,8.207691618372344,,,,2.0,1.0,37.08290515856706,0.8246219028615419,32.658102694394515,1.7343603574685638,0.2597129750603761,8.0,12
3,261.0,8.200238692889895,8.04085607215334,,,,2.0,1.0,32.13661973867054,0.8249913523164907,28.954687359085128,1.9603967622511191,0.2704248246302921,7.0,12
3,262.0,8.460175354401903,8.379948252611664,,,,2.0,0.0,94.5375515907815,1.0,26.759993778710545,1.858427784166619,0.2981351490081795,6.0,12
3,263.0,8.760613100452055,8.587901031032327,,,,2.0,0.0,97.15964706764896,0.7226020317131634,31.73293669974659,2.060820089913572,0.3318466329309983,5.0,12
3,264.0,8.97519333743094,8.914838380083411,,,,2.0,1.0,30.720059882117944,0.7418869205630116,36.38001545561966,1.997121052343392,0.3570293541967909,4.0,12
3,265.0,9.137506223758598,9.117096498668246,,,,2.0,1.0,37.27162428627189,0.8903650567223245,29.74637948733521,1.897722870347927,0.3766898264667552,3.0,12
3,266.0,9.181243821033323,8.993975660012946,,,,2.0,0.0,94.87685175660152,0.6675983163235087,34.264057412564696,2.041324347831872,0.3820777517506265,2.0,12
3,267.0,9.861343507289458,9.751256204855537,,,,2.0,1.0,32.163045471545864,0.672045455920342,37.00992687860264,2.304019444680495,0.4707803472502321,1.0,12
3,268.0,10.760586698304946,10.856740657177978,catastrophic_failure_replacement,247.9934613407726,,2.0,0.0,95.46541042067985,0.7426253821231142,0.0,0.0,0.0,0.0,12
3,268.0,0.0,0.0,catastrophic_failure_replacement,247.9934613407726,,2.0,0.0,95.46541042067985,0.7426253821231142,0.0,0.0,0.0,96.0,13
3,269.0,3.6966702259195767e-05,0.0,,,,2.0,0.0,92.15379274703903,0.8709403885142208,1.5061382703291455,0.0,0.0,95.0,13
3,270.0,3.754962515872785e-05,0.0299481392333596,,,,2.0,1.0,23.334202162017107,0.8037303453678515,0.0,0.1675137273204955,0.0,94.0,13
3,271.0,0.1127358088329466,0.0,,,,2.0,1.0,39.25293130457109,0.8531822402492553,0.1640855794844988,0.0634472317775239,0.0,93.0,13
3,272.0,0.2640532403767862,0.2674332207532912,,,,2.0,0.0,116.61759789257884,0.6298654455262315,0.0,0.0,0.0,92.0,13
3,273.0,0.2654685784095537,0.361002235214931,,,,2.0,0.0,98.40644322170732,0.6294977598099347,4.938911003105725,0.3502279892245085,0.0,91.0,13
3,274.0,0.285581713825536,0.4813267189081678,,,,2.0,0.0,108.07087654253492,0.6949930192578753,1.5468853304678876,0.0848426936747895,0.0,90.0,13
3,275.0,0.2920608449423751,0.2869443995167028,,,,2.0,1.0,27.528927835190657,1.0,3.8122834084713584,0.0,0.0,89.0,13
3,276.0,0.3075436446313901,0.3987235353101732,,,,2.0,0.0,95.29789216590456,0.6963372796909544,0.1301501890708889,0.0,0.0,88.0,13
3,277.0,0.3172959070236319,0.2255493504290664,,,,2.0,0.0,99.4193586878146,0.6995526247807764,0.0,0.0,0.0,87.0,13
3,278.0,0.3173135585984264,0.2384156573124712,,,,2.0,1.0,27.50339174800354,0.6922518410916934,1.9198714987665064,0.0410551075764278,0.0,86.0,13
3,279.0,0.3178721748791019,0.4940027069586157,,,,2.0,1.0,29.007712889431662,0.7093411717315037,3.626544610699164,0.0670811410198201,0.0,85.0,13
3,280.0,0.3178753694931723,0.3806742847751071,,,,2.0,1.0,33.58491670410921,0.8414238004381133,1.653205911981959,0.3708335751380496,0.0,84.0,13
3,281.0,0.3250853688749449,0.1444743026438809,,,,2.0,1.0,32.45480087203383,0.6083784264903581,0.0,0.100672946650466,0.0,83.0,13
3,282.0,0.3454606152586167,0.3029759622818284,,,,2.0,0.0,102.60558141323833,0.4931872841593497,0.0,0.2063629411014505,0.0,82.0,13
3,283.0,0.9964731586014216,1.011971271908552,,,,2.0,1.0,36.64419492998992,0.7021349866090051,1.3341220570039378,0.0,0.0,81.0,13
3,284.0,0.9971514549851532,1.2261076114509637,,,,2.0,1.0,30.00619296730902,0.7017824059447076,2.978711082120426,0.1848743794554691,0.0,80.0,13
3,285.0,0.9974697015233306,1.1042446588519907,,,,2.0,1.0,29.773803423822965,0.7039554137345472,1.9028765959167169,0.2418447143139272,0.0,79.0,13
3,286.0,1.096163323976655,1.1346507611827883,,,,2.0,1.0,33.381765442667216,0.727292770349569,2.1554601412141383,0.1618601391439749,0.0,78.0,13
3,287.0,1.1053253619957648,1.1127644794870528,,,,2.0,0.0,94.86708490660496,0.6506190492851321,0.0,0.0625470814216295,0.0,77.0,13
3,288.0,1.146811805735642,1.412172238993772,,,,2.0,0.0,97.58224757747766,0.8369613819777395,0.0,0.0,0.0,76.0,13
3,289.0,1.1552385248341956,1.1732153318379908,,,,2.0,1.0,28.91560043208345,0.5135722131658829,2.18345272151822,0.1298957801788161,0.0,75.0,13
3,290.0,1.2286874887462165,1.2945447331362223,,,,2.0,0.0,97.64645539476676,0.7834550423329881,3.600442117885621,0.1169405798519354,0.0,74.0,13
3,291.0,1.228691733626254,1.0900312673731225,,,,2.0,0.0,95.70115791624896,0.7691870676102411,0.0,0.1381727139492737,0.0,73.0,13
3,292.0,1.249567135235336,1.2600871279527,,,,2.0,1.0,26.725204525952563,0.8704285575604,1.4642544327284397,0.0,0.0,72.0,13
3,293.0,1.2584680396434955,1.3030266099734211,,,,2.0,1.0,32.38092376898149,0.7220336774832218,3.1144987205139767,0.0,0.0,71.0,13
3,294.0,1.2591482493064234,1.3533511052742817,,,,2.0,1.0,37.659567199253,0.7071475920867943,0.0,0.0,0.0,70.0,13
3,295.0,1.259149152844273,1.1231933781568424,,,,2.0,0.0,114.8366363561224,0.5689928704712942,1.029448027228567,0.3250204798640547,0.0,69.0,13
3,296.0,1.4202907933486502,1.4261771079340713,,,,2.0,1.0,34.78161915392582,0.7091868420216172,2.2208591056576386,0.0627102976467582,0.0,68.0,13
3,297.0,1.4483720028547928,1.541385135608471,,,,2.0,1.0,33.34234321787168,0.7416196724931692,0.2954035856672821,0.0356219977963486,0.0,67.0,13
3,298.0,1.4546731472291083,1.5804241200554396,,,,2.0,0.0,94.56121693489332,0.5614064291885745,4.291100739527776,0.1364953469363183,0.0,66.0,13
3,299.0,1.5856042683682372,1.4467211680861405,,,,2.0,1.0,31.483339256328755,0.616155998462793,3.6810606725388144,0.081857791412875,0.0,65.0,13
3,300.0,1.5928758876988387,1.7521155275980829,,,,2.0,1.0,23.968012396936544,0.5404514830751196,1.994937650956497,0.0782920547817966,0.0,64.0,13
3,301.0,1.5961255141548156,1.7109170936538196,,,,2.0,0.0,109.96326339989258,0.7216447602082905,1.8945871982906255,0.2052718842220142,0.0,63.0,13
3,302.0,1.6111340819334068,1.5375010274966616,,,,2.0,1.0,23.79948787459669,0.8718820130031273,4.196596826427313,0.0396971244224527,0.0,62.0,13
3,303.0,1.6209697034721575,1.2623168013955333,,,,2.0,1.0,29.799849084638357,0.6703063404294697,0.1379816758576324,0.1122773453922407,0.0,61.0,13
3,304.0,1.6670211553681669,1.8431155979187224,,,,2.0,1.0,24.230097159657063,0.6732945550546864,8.166641963193557,0.0,0.0,60.0,13
3,305.0,1.6765896850678448,1.5717360496995196,,,,2.0,1.0,29.62552353827545,0.7164992614227902,4.452402441863674,0.1010095156070532,0.0,59.0,13
3,306.0,1.8868815373716303,1.7707431942481513,,,,2.0,0.0,106.68496370281838,0.683268377100984,0.0,0.2664145943786487,0.0,58.0,13
3,307.0,1.8885034620498584,1.739511371040503,,,,2.0,1.0,30.895755277107583,0.7562368891978032,2.8285666292624327,0.5495481076068763,0.0,57.0,13
3,308.0,1.8887609566479235,1.8588475900154189,,,,2.0,1.0,32.78941663749033,0.7472977401535187,0.0,0.0,0.0,56.0,13
3,309.0,1.9338277501284336,1.98760164159063,,,,2.0,0.0,95.7379952128789,0.7391315396050229,4.509877829886648,0.3490870488031349,0.0,55.0,13
3,310.0,2.005595300590914,1.7552750221689668,,,,2.0,1.0,21.14535320247628,0.6468943620658019,4.871746463825582,0.213428931728138,0.0,54.0,13
3,311.0,2.0077428274158318,2.4010061321424256,,,,2.0,1.0,27.536762170841374,0.618025576809434,6.532817416783455,0.159467682364052,0.0,53.0,13
3,312.0,2.007746311319959,1.8440808264638973,,,,2.0,0.0,108.75767988820392,0.7857172201476521,2.685561389244194,0.2050193275618968,0.0,52.0,13
3,313.0,2.298583518618256,2.39844707733938,,,,2.0,0.0,90.8516209857379,0.7724770603596856,7.501064326423718,0.3472409208230489,0.0,51.0,13
3,314.0,2.299381382719048,2.207070132666523,,,,2.0,1.0,36.72664817708678,0.7276646064026524,5.980230448303537,0.179313492640973,0.0,50.0,13
3,315.0,2.3271693671717366,2.5717818511836006,,,,2.0,0.0,98.50881814451012,0.6851280877172375,9.26814444762366,0.1310084849762074,0.0,49.0,13
3,316.0,2.328132418762841,2.49344001345622,,,,2.0,1.0,32.33451387126051,0.6572683455187374,7.820688535387294,0.145746388840582,0.0,48.0,13
3,317.0,2.3285790107282915,2.300093995933395,,,,2.0,1.0,35.55219349067048,0.6700215520085303,3.317765212542945,0.598647306779483,0.0,47.0,13
3,318.0,2.340454678219746,2.079940973617189,,,,2.0,1.0,31.81038539320718,0.8173294410589863,5.9624120234069045,0.047897965533184,0.0,46.0,13
3,319.0,2.7024547562926884,2.8309815905198774,,,,2.0,1.0,31.64580339578925,0.8395911495504935,4.157914539099854,0.1187622689110189,0.0,45.0,13
3,320.0,2.703506205277523,2.733353776112293,,,,2.0,1.0,26.9779163218351,0.5790760005778516,7.315606315143255,0.0865849013019319,0.0,44.0,13
3,321.0,2.8951644521899857,2.957474755575514,,,,2.0,1.0,27.82501742730424,0.6643354354248667,10.663757707319451,0.1644453403582095,0.0,43.0,13
3,322.0,3.0356170641734246,3.090556911041669,,,,2.0,1.0,27.946046007515225,0.6223466351925633,4.616561444181956,0.111862934176616,1.2685752603338689e-05,42.0,13
3,323.0,3.220573216734916,3.295657473669683,,,,2.0,0.0,97.78024857280153,0.7210691500529439,12.50446612871376,0.0,0.0004865254394078,41.0,13
3,324.0,3.221411651400261,3.179081140429111,,,,2.0,1.0,24.676514935792213,0.710127571912297,3.97886294160575,0.3249296028011222,0.0004902311937579,40.0,13
3,325.0,3.2338803003934493,3.1282854037237176,,,,2.0,1.0,28.672949800728084,0.7353884074779554,11.133043557161066,0.5771423674797687,0.0005469999491213,39.0,13
3,326.0,3.2346860531185126,3.367299087317959,,,,2.0,1.0,30.752038205385368,0.7417964156367594,9.111747414586617,0.1312664194829032,0.0005507754352834,38.0,13
3,327.0,3.561393819437375,3.5630485427410754,,,,2.0,1.0,31.023396099177024,0.6793954890972856,6.093058362720365,0.2548705450667138,0.0031516302050248,37.0,13
3,328.0,3.561523761351713,3.7367365473860894,,,,2.0,1.0,31.00466378743517,0.5662286377518873,12.453710068323172,0.2774830032194912,0.0031530893456257,36.0,13
3,329.0,3.56152378176777,3.3729529016834374,,,,2.0,1.0,31.29777424592729,0.7949125842744262,8.556195908389256,0.3021623013094748,0.0031530895749077,35.0,13
3,330.0,3.582370797962039,3.523607455375507,,,,2.0,0.0,92.18326417217864,0.6607917913596679,7.409777978493002,0.3058947825700545,0.0033915574631894,34.0,13
3,331.0,3.593091311971321,3.641809877947431,,,,2.0,0.0,92.31049226482276,0.8429475213871418,6.565697069037244,0.6047668649378392,0.0035175730433586,33.0,13
3,332.0,3.5939077323999657,3.52191938894611,,,,2.0,0.0,112.02484086347722,0.7544570636525672,11.159448968331285,0.4941825829177658,0.0035272639460446,32.0,13
3,333.0,3.784356973025967,3.571276777346917,,,,2.0,1.0,24.72720967634141,0.698431519797041,7.6671413722073245,0.5776096782028003,0.0061521586113445,31.0,13
3,334.0,3.784773612387288,3.973714643777645,,,,2.0,0.0,110.34408503213956,0.9233644516952924,8.494145313357834,0.3648164221122337,0.0061586962269939,30.0,13
3,335.0,3.784997325905498,3.849010296941617,,,,2.0,1.0,18.79980699192683,0.7359259602788514,7.303314791583362,0.3700998252580368,0.0061622080167878,29.0,13
3,336.0,3.8030224638960552,3.7622539399096233,,,,2.0,1.0,30.426781603651964,0.6890262781961605,13.558823909606655,0.4693942315738285,0.0064484507752169,28.0,13
3,337.0,3.822824496663504,3.826668302229144,,,,2.0,1.0,25.01691404273781,0.7944475155171016,6.650738161374733,0.1406064524650751,0.0067704015230954,27.0,13
3,338.0,3.836690702154075,3.704832234188919,,,,2.0,1.0,27.749301617149232,0.7423243847601343,6.327902359040283,0.5528742074311713,0.0070005133107107,26.0,13
3,339.0,3.836896995731151,3.816962838474063,,,,2.0,0.0,105.29862257825164,0.6960542512832651,10.85661540926096,0.3448865463859584,0.0070039658146382,25.0,13
3,340.0,4.334946195523608,4.328668735884053,,,,2.0,1.0,21.111143375678548,0.7641062035646174,10.873178224748756,0.643139931992338,0.0178208134494295,24.0,13
3,341.0,4.413841600324796,4.180560030920561,,,,2.0,1.0,24.09665278226575,0.6358057427110313,7.163664232392546,0.5874024556836123,0.0199894807080898,23.0,13
3,342.0,4.416944618786513,4.678323450566468,,,,2.0,0.0,105.1419448125482,0.6885518353928208,8.408248122830168,0.5078031664807912,0.0200773205270805,22.0,13
3,343.0,4.4934034999672265,4.385240459845877,,,,2.0,1.0,28.41350570603332,0.6804636541478324,10.740250684973043,0.4878820131872087,0.0223025401371436,21.0,13
3,344.0,4.539024685964499,4.67736578281976,,,,2.0,0.0,105.91344000416706,0.8822051752427893,10.428131554725022,0.4560205839680843,0.0236859698400812,20.0,13
3,345.0,4.550921935757041,4.690482264289482,,,,2.0,0.0,103.78886242640064,0.718670569822785,17.486298800848964,0.504745330500124,0.0240535885081236,19.0,13
3,346.0,4.566083182799773,4.271385057233385,,,,2.0,1.0,32.0266776926988,0.8870393775366457,12.174427229549694,0.431032600461178,0.0245261653544826,18.0,13
3,347.0,4.631693364274663,4.425396798892514,,,,2.0,1.0,28.9067944539346,0.6352279500480855,9.346537915206197,0.485447119175701,0.0266242323501796,17.0,13
3,348.0,5.153949305641001,4.991844930053576,,,,2.0,1.0,34.3982197086967,0.6810219589986166,10.316295519825331,0.6262510112934859,0.0463949761127135,16.0,13
3,349.0,5.287304409979351,5.474901863752518,,,,2.0,1.0,34.4263624899889,0.8503135352943763,13.093719816345626,0.6896676608557489,0.0523176146391098,15.0,13
3,350.0,5.33110805704089,5.302104564670442,,,,2.0,0.0,98.96613177849756,0.6062395388473077,16.411335109585348,0.5094375169359526,0.0543406477360095,14.0,13
3,351.0,6.31954507559364,6.42349406973498,,,,2.0,0.0,100.26763523432392,0.7431540509922451,22.84071524957848,0.8233666828696795,0.1101937950889798,13.0,13
3,352.0,6.378435681277597,6.422685296437973,,,,2.0,1.0,28.246256101564548,0.559257125753091,17.938512929196545,1.367124409978263,0.1141382765252961,12.0,13
3,353.0,6.470942267783078,6.512647411842387,,,,2.0,0.0,97.00317682035212,0.6580913391466023,17.456472145744776,1.0996114553723404,0.1204744022628314,11.0,13
3,354.0,6.502111354325912,6.8223275287508,,,,2.0,0.0,104.94828346575768,0.6687590078381709,25.71111159464527,0.9352108638448388,0.1226478393809847,10.0,13
3,355.0,7.0130037996619805,7.120431146424012,,,,2.0,1.0,31.55989430174665,0.6902237193664612,20.71403413184066,1.2330471063641015,0.1610419949610149,9.0,13
3,356.0,7.073800544106211,7.208283413072179,,,,2.0,1.0,26.76696514650592,0.7896667234757578,22.157329416203595,1.1821603926767428,0.1659585087316006,8.0,13
3,357.0,7.49262493996808,7.150045360849047,,,,2.0,0.0,92.41364467426482,0.6689922665404701,25.31026249909414,1.390974257546025,0.2018367885122319,7.0,13
3,358.0,7.915997819290375,7.939422102650962,,,,2.0,1.0,30.053561179224623,0.6390368408584913,25.25943381304051,1.6795192383170676,0.2416703455926772,6.0,13
3,359.0,7.962250366163669,7.924215882946909,,,,2.0,1.0,30.791202352510137,0.874689985576791,30.160309106496243,1.6324220193083887,0.2462392869649146,5.0,13
3,360.0,9.008089124631567,8.565375266723494,,,,2.0,0.0,94.16119620038285,0.6293089921054527,34.493758018503804,1.8914718437171447,0.3609713492951612,4.0,13
3,361.0,9.108726353574172,9.063510857980472,,,,2.0,1.0,20.362287088869127,0.6637078534524921,36.60709114465547,1.995584565040364,0.373165376628516,3.0,13
3,362.0,9.23691625515842,9.40475631858587,,,,2.0,1.0,26.74794750770748,0.907605271923444,40.17384349032969,2.2345691893908106,0.3889912437385933,2.0,13
3,363.0,9.777609845867524,9.849770994761268,,,,2.0,0.0,100.60251940649808,0.8097714578934873,41.50447759752237,2.5667158642669508,0.4593599522280041,1.0,13
3,364.0,10.315933856129597,10.277846881513389,catastrophic_failure_replacement,412.5882602930198,,2.0,1.0,21.600560933259608,0.7338117756546777,0.0,0.0,0.0,0.0,13
4,0.0,0.0,0.0,,,,3.0,1.0,30.676450132147725,0.6477610428741443,0.0,0.0594168416350279,0.0,84.0,15
4,1.0,5.715969723173095e-05,0.0,,,,3.0,1.0,31.31241890928132,0.6165375872985421,0.0,0.1491995588933368,0.0,83.0,15
4,2.0,0.0580595343458604,0.111422085689242,,,,3.0,1.0,25.54050666484462,0.6102528259258796,6.930909219091512,0.0,0.0,82.0,15
4,3.0,0.0639079022337072,0.0,,,,3.0,1.0,26.9928515085666,0.495607281055876,5.709296084633397,0.0129563818102586,0.0,81.0,15
4,4.0,0.0642263938906499,0.0,,,,3.0,1.0,25.032222978323556,0.4174804948056325,0.0,0.0,0.0,80.0,15
4,5.0,0.0730744765952833,0.1832045830136315,,,,3.0,1.0,38.73595109482945,0.5697465218352085,0.0,0.0352474821648668,0.0,79.0,15
4,6.0,0.085889764736323,0.0,,,,3.0,0.0,98.3120780406435,0.6373754731737966,0.0,0.0,0.0,78.0,15
4,7.0,0.1269141912176712,0.1754172556643273,,,,3.0,1.0,25.02320134947549,0.4111477179972714,0.0,0.1380683196949698,0.0,77.0,15
4,8.0,0.142672654727812,0.0624087267353732,,,,3.0,1.0,37.26641193854762,0.5405317111566401,1.0271085548540295,0.0773029143870348,0.0,76.0,15
4,9.0,0.1429732818046855,0.0,,,,3.0,0.0,99.991090403542,0.5246776717066124,2.5082952838043955,0.0,0.0,75.0,15
4,10.0,0.1430664305236758,0.3925663715801394,,,,3.0,0.0,95.51596553866978,0.4788476283363052,0.0,0.0,0.0,74.0,15
4,11.0,0.2048988906322802,0.0012227091706993,,,,3.0,1.0,20.92652420825123,0.4487518167337889,0.0,0.0,0.0,73.0,15
4,12.0,0.2049635595578737,0.1405380723186473,,,,3.0,0.0,105.34974823415828,0.6091064664578437,0.0,0.0,0.0,72.0,15
4,13.0,0.2584916007085214,0.4393665534836943,,,,3.0,0.0,108.466642142886,0.3772869674844721,0.0,0.0411520621541821,0.0,71.0,15
4,14.0,0.3699474924413146,0.3746031936484444,,,,3.0,1.0,34.89569862774866,0.5859886349247871,0.0,0.131434674026097,0.0,70.0,15
4,15.0,0.6550611137688168,0.6895367328258617,,,,3.0,1.0,28.17667952384348,0.4814947144219512,0.0,0.0,0.0,69.0,15
4,16.0,0.6687092671562189,0.7868298231890734,,,,3.0,1.0,35.7610379122057,0.6278109041524138,1.5600730685528157,0.3194793599630834,0.0,68.0,15
4,17.0,0.6749132459890332,0.5911454358584864,,,,3.0,1.0,37.49860909577298,0.4597715271816415,0.973430360604294,0.0487607113694139,0.0,67.0,15
4,18.0,0.6768816917443796,0.67331721541081,,,,3.0,1.0,30.03368166339271,0.662384954425401,0.0,0.0,0.0,66.0,15
4,19.0,0.676929381223545,0.5040255272155699,,,,3.0,1.0,30.966796597369893,0.556142707163744,0.0,0.0,0.0,65.0,15
4,20.0,0.6886824842069639,0.6138048410647807,,,,3.0,1.0,37.46437743532492,0.6508555777562287,0.0,0.0,0.0,64.0,15
4,21.0,0.6991376058287206,0.7126111895617719,,,,3.0,1.0,22.96110682189307,0.4913828980725691,0.0,0.0820165373332516,0.0,63.0,15
4,22.0,0.7411628082911477,0.7281841136116738,,,,3.0,1.0,32.77126135888722,0.3888226290711627,3.0675433225700424,0.1981942447493683,0.0,62.0,15
4,23.0,0.7526147560972847,0.7033099781679087,,,,3.0,0.0,91.84676472823789,0.4372986023941633,0.0,0.0,0.0,61.0,15
4,24.0,0.8512024751515108,1.0606719784008578,,,,3.0,0.0,95.39944868523597,0.5915457994504362,1.4701044765417388,0.1186153641554864,0.0,60.0,15
4,25.0,0.8791314393542007,0.7091594110206019,,,,3.0,0.0,103.78219716329666,0.4468326939064599,0.2813385711130665,0.0,0.0,59.0,15
4,26.0,0.879499954952955,1.1567414997258585,,,,3.0,1.0,26.52224529514912,0.5935448252702861,0.0883998488443899,0.0872644851950528,0.0,58.0,15
4,27.0,0.9244331452367576,1.1637400208412665,,,,3.0,0.0,107.16461872613384,0.6059784747299775,2.8595635293827,0.2191973386012516,0.0,57.0,15
4,28.0,0.9362992447171268,0.9467887697109112,,,,3.0,1.0,28.633548840521705,0.5235563183036114,0.0,0.0,0.0,56.0,15
4,29.0,1.3214062519649288,1.3922394795580206,,,,3.0,0.0,94.84713648995422,0.3865899035530985,0.0,0.0892531913151021,0.0,55.0,15
4,30.0,1.3509311057829871,1.5959883911102877,,,,3.0,0.0,110.06686065965955,0.5811836189610434,0.0,0.0,0.0,54.0,15
4,31.0,1.49852622272526,1.5317418906292903,,,,3.0,0.0,98.86573474474302,0.508022717176238,2.442362979788264,0.0,0.0,53.0,15
4,32.0,1.4985394048518728,1.573831913603866,,,,3.0,1.0,34.8821372882689,0.4530701365206954,2.1472238067126987,0.1054687826495068,0.0,52.0,15
4,33.0,1.6021822776799373,1.7423304820894732,,,,3.0,1.0,25.14148377433017,0.524197682789962,3.209679352345096,0.0313125485242094,0.0,51.0,15
4,34.0,1.819464364910229,1.6438196682484885,,,,3.0,1.0,39.23853653372458,0.7587147119014246,7.364054765676801,0.2638822267391317,0.0,50.0,15
4,35.0,2.3817750605735624,2.5407246092098483,,,,3.0,1.0,22.78841856718598,0.6549927327339609,5.775407091102951,0.5189023733215468,0.0,49.0,15
4,36.0,2.6120587929734005,2.3660237493623675,,,,3.0,0.0,102.02672286181156,0.4224601129772758,0.368199264166126,0.0540958376891326,0.0,48.0,15
4,37.0,2.613620484543652,2.6937883087593804,,,,3.0,1.0,29.29964523256259,0.5222634265540066,1.9740060761666705,0.0366155512815508,0.0,47.0,15
4,38.0,2.7375542208702592,2.9878188667218484,,,,3.0,0.0,101.19752347766983,0.4544788363079866,4.028872133648742,0.3551728688043932,0.0,46.0,15
4,39.0,2.7589396636739614,2.8246816938095973,,,,3.0,1.0,36.06188557330454,0.4645521928142779,5.40603045394507,0.2998270817401476,0.0,45.0,15
4,40.0,2.7637710357740217,2.839807173988191,,,,3.0,1.0,23.66436695137412,0.5756947695320327,8.877597671721164,0.2154639996060041,0.0,44.0,15
4,41.0,2.7781754599866417,2.912771783521364,,,,3.0,0.0,106.60439629379768,0.672078200281823,7.170740407509153,0.0,0.0,43.0,15
4,42.0,2.8199688315533025,2.899780303439748,,,,3.0,0.0,97.13481568715196,0.4841422430638712,4.380391978113238,0.4127798945080502,0.0,42.0,15
4,43.0,2.832895736749193,2.921912783606704,,,,3.0,1.0,22.69578536474093,0.4666503275698089,1.4981316891117356,0.0022165536851779,0.0,41.0,15
4,44.0,2.855752914160437,2.9500527837133395,,,,3.0,1.0,26.648398000824933,0.5472885436316478,1.8873291200071003,0.210099877098912,0.0,40.0,15
4,45.0,3.376603180415322,3.328554506363205,,,,3.0,1.0,31.096728066449955,0.555050827001668,2.718745459413247,0.4518666290111846,0.0014182995549893,39.0,15
4,46.0,3.3825032487784465,3.4577220714926886,,,,3.0,1.0,31.890711267105768,0.5933393960254205,6.8866016550724325,0.3370783155482054,0.0014630873532606,38.0,15
4,47.0,3.4245691091640387,3.1873800058786843,,,,3.0,1.0,36.86661593342323,0.725248124093858,10.652627000739187,0.2823370583093582,0.0018025892845634,37.0,15
4,48.0,3.425330302549422,3.609158789496965,,,,3.0,1.0,39.45734738680465,0.6364138052240329,8.618988502376833,0.4559288876144849,0.0018090586626678,36.0,15
4,49.0,3.4280350753822577,3.3847026050986675,,,,3.0,1.0,34.143788133305165,0.4103037634593736,11.092368486769129,0.4311464942448122,0.0018321402575749,35.0,15
4,50.0,3.4908731345606867,3.810058930813709,,,,3.0,1.0,35.7733146338052,0.5277209396015263,6.002051636272512,0.4773146075218117,0.0024095643423343,34.0,15
4,51.0,3.5653819052048816,3.644406405896407,,,,3.0,1.0,30.398143433458618,0.5367203511786536,5.298706938995688,0.140142216862156,0.003196566987331,33.0,15
4,52.0,3.618664762179506,3.6857009482603793,,,,3.0,1.0,34.50418988079584,0.7632058770555944,8.998059019336903,0.0060556480969727,0.0038274608796262,32.0,15
4,53.0,3.810676859908544,3.86103381158613,,,,3.0,1.0,33.725254535983325,0.6299490775284724,3.6668159249732586,0.366523524624031,0.0065719697119117,31.0,15
4,54.0,3.8454330872478857,3.77412180640385,,,,3.0,1.0,31.68050869629713,0.8272138599701537,11.63543871617195,0.0893326928650517,0.0071475710501349,30.0,15
4,55.0,4.125114671340676,4.181890732428493,,,,3.0,0.0,104.29711607837066,0.5571796375428113,11.83761426518333,0.3224245717264735,0.0126588302366603,29.0,15
4,56.0,4.147711741345797,4.011657110935962,,,,3.0,1.0,25.99848881506707,0.7089442422049732,9.266183218447154,0.3800802435147296,0.01317242241223,28.0,15
4,57.0,4.148536076149252,4.060930210856246,,,,3.0,0.0,98.4939501312423,0.514208186532828,7.8901577570261185,0.3635216191689812,0.0131913511821632,27.0,15
4,58.0,4.148662292130669,4.325248945450767,,,,3.0,1.0,29.36209469682865,0.6084719444290044,8.436452384688376,0.1819991360664912,0.0131942506136288,26.0,15
4,59.0,4.369587974133797,4.582168842791527,,,,3.0,1.0,34.47286031615687,0.4999658628474899,8.025249274681322,0.541198977078011,0.0187577121889191,25.0,15
4,60.0,4.418769745842382,4.631467669676328,,,,3.0,1.0,36.4446356881291,0.7117222379389688,13.782069464382786,0.5397541849900747,0.0201290759171765,24.0,15
4,61.0,4.494449620226911,4.597250332675103,,,,3.0,1.0,27.324124298200054,0.5674984262057747,12.662301183892694,0.4706600087099636,0.0223337966739635,23.0,15
4,62.0,4.698731356698225,4.690318210807055,,,,3.0,1.0,30.78544099407199,0.6192915970377113,7.325485447543093,0.2683223335872711,0.0288568822222979,22.0,15
4,63.0,4.834109621818907,4.87495988454699,,,,3.0,1.0,20.92695852763596,0.5716485295253236,11.441162041797522,0.4622769954136279,0.0336395810484869,21.0,15
4,64.0,5.244439336986709,5.252407530654846,,,,3.0,1.0,27.35576770704046,0.6161718448803745,14.779521915015613,0.7800952640852618,0.0503750793741333,20.0,15
4,65.0,5.463619688796237,5.329276412079904,,,,3.0,0.0,97.28151342337082,0.5286688050326646,15.130511610061014,0.8632089532211401,0.0606942197102447,19.0,15
4,66.0,6.044479541476804,6.055017206387387,,,,3.0,1.0,24.35147877008709,0.5500112607313492,20.7400272191089,1.01464027814896,0.0926885567847081,18.0,15
4,67.0,6.075533330051403,6.038280844154204,,,,3.0,0.0,104.3121627435338,0.4363406075874809,20.40275707273061,0.8291299397005503,0.0945890526425707,17.0,15
4,68.0,6.137556361938825,6.043836398319192,,,,3.0,1.0,20.72867133735523,0.6423711457160748,14.169556092948692,0.8857279085767931,0.0984425992434279,16.0,15
4,69.0,6.514789103567906,6.646016426763158,,,,3.0,0.0,95.92698822259396,0.4543723552855865,17.388694211667932,0.8682372825422078,0.1235374244255968,15.0,15
4,70.0,6.638089431946341,6.631542182489761,,,,3.0,1.0,26.208336992608544,0.4598813498930911,21.958902263811098,0.9399225751428152,0.1323569471483965,14.0,15
4,71.0,6.721179698849196,7.0802496013546765,,,,3.0,1.0,35.22484611468216,0.5133597540072855,20.7809724126868,1.2432544563868777,0.1384717835112739,13.0,15
4,72.0,7.211443509455476,7.348465863936695,,,,3.0,1.0,25.53891673620397,0.6855156003656875,22.226073385510148,1.2108837532728098,0.1773625643333466,12.0,15
4,73.0,7.272116412830933,7.333226922752978,,,,3.0,1.0,24.582242604444083,0.6250747034560172,22.92017163112448,1.0631066229527848,0.1825097864477944,11.0,15
4,74.0,7.538203377915412,7.623015643144919,,,,3.0,1.0,35.5949233580959,0.591786718776559,24.593891990911818,1.774418581556012,0.2059528989932286,10.0,15
4,75.0,7.68804304427008,7.684385794911295,,,,3.0,1.0,35.93096247375165,0.4277697465882616,24.52190865197896,1.3127089702060113,0.2197774758492909,9.0,15
4,76.0,7.692009343607275,7.437935604346677,,,,3.0,0.0,97.52558845157864,0.6758336708789916,25.013836694259258,1.5498883295464114,0.2201495168049796,8.0,15
4,77.0,7.84329593929264,7.864810128096652,,,,3.0,0.0,102.7366292250836,0.5364274417884811,24.683040496383224,1.54455084363482,0.2345751555556858,7.0,15
4,78.0,8.008714421103113,8.093691315787039,,,,3.0,1.0,32.33315449414327,0.5184968779582052,31.06162698899946,1.645016036569718,0.2508722015216629,6.0,15
4,79.0,8.13975992344194,7.99531015037554,,,,3.0,0.0,110.16685083270234,0.5571905634924034,26.88974586061229,1.5225975163252492,0.264171320706199,5.0,15
4,80.0,8.204382565358616,8.14563558236094,,,,3.0,1.0,29.914060889194968,0.411110689400604,26.358982765659235,1.5140077172774191,0.2708559788660873,4.0,15
4,81.0,8.49642450591368,8.300396755989915,,,,3.0,1.0,36.84654927182353,0.5180520965172494,36.9981293177852,1.9558788358030743,0.3021068234920843,3.0,15
4,82.0,8.836765161697388,8.73925631404321,,,,3.0,1.0,38.2539428888073,0.5374457232496228,29.318424946794007,2.0066904036614037,0.3406782755280433,2.0,15
4,83.0,9.283066097937992,9.441718265265695,,,,3.0,0.0,105.0832248568077,0.5587643026788467,35.45492596097242,1.9462859654547584,0.3947691959105775,1.0,15
4,84.0,10.023910045090192,10.121550020154626,catastrophic_failure_replacement,715.3149043875592,,3.0,0.0,100.65660239370072,0.4827813151578193,0.0,0.0,0.0,0.0,15
4,84.0,0.0,0.0,catastrophic_failure_replacement,715.3149043875592,,3.0,0.0,100.65660239370072,0.4827813151578193,0.0,0.0,0.0,82.0,16
4,85.0,0.1021888462342173,0.1237489969817051,,,,3.0,1.0,33.94358584671303,0.5979980269682247,0.0,0.0,0.0,81.0,16
4,86.0,0.1025188728712042,0.0548829846990676,,,,3.0,1.0,15.849344019228653,0.4882328111126086,0.8182026507930232,0.0,0.0,80.0,16
4,87.0,0.1353356655006137,0.236407790975021,,,,3.0,1.0,36.00015784986494,0.6069938314577484,2.874318297355974,0.1775769626318761,0.0,79.0,16
4,88.0,0.1502968912746791,0.0050683976744353,,,,3.0,0.0,84.9725848851769,0.4841681899515081,4.566348442348017,0.1007771453471499,0.0,78.0,16
4,89.0,0.1659935590305138,0.0,,,,3.0,0.0,90.0992484333462,0.5606558322544701,0.0,0.3098192631374734,0.0,77.0,16
4,90.0,0.2908556250405447,0.1458841389122606,,,,3.0,0.0,103.15539995622323,0.6513439959214057,1.0498943867869004,0.0,0.0,76.0,16
4,91.0,0.5201836262211613,0.499991427298297,,,,3.0,1.0,23.620739165634383,0.5376865458671264,0.0,0.0,0.0,75.0,16
4,92.0,0.6820413940847386,0.719251772178861,,,,3.0,1.0,24.62414905172256,0.4899743676160074,0.0,0.1714051075502954,0.0,74.0,16
4,93.0,0.6884589500342585,0.6574946066411715,,,,3.0,1.0,33.43677784291126,0.5965295050807791,3.517631140774161,0.0729633889964617,0.0,73.0,16
4,94.0,0.7300331555255162,0.7340801743023884,,,,3.0,1.0,31.577256409029427,0.8309566555732687,8.92317576176224,0.0,0.0,72.0,16
4,95.0,0.7313160768631496,0.8876172761609764,,,,3.0,0.0,100.06687794059368,0.5728248364204706,0.0794415820039053,0.0,0.0,71.0,16
4,96.0,0.7349557991888924,0.8890271466955071,,,,3.0,1.0,42.293609223545104,0.5904028410693308,0.0,0.1647060836587346,0.0,70.0,16
4,97.0,0.7535993134148083,0.6230270926216981,,,,3.0,1.0,36.38802180995949,0.5122360827911583,0.7380248821953451,0.0,0.0,69.0,16
4,98.0,0.8672898985405343,0.7249660178431349,,,,3.0,1.0,15.609996834588038,0.596002878558613,1.1971889469158217,0.0,0.0,68.0,16
4,99.0,0.8679589946589706,0.9491192045986524,,,,3.0,0.0,105.96621487178568,0.5611091853600834,5.893937630043951,0.1469744971918422,0.0,67.0,16
4,100.0,0.8691050167773541,0.7132137679557427,,,,3.0,1.0,29.31137950858624,0.544995026274199,2.511125342620573,0.0,0.0,66.0,16
4,101.0,0.8809763803212306,0.9383970764425332,,,,3.0,1.0,29.19647952376714,0.58068593651677,4.953606618914074,0.0,0.0,65.0,16
4,102.0,0.8810186215788316,0.7367819299675057,,,,3.0,1.0,29.321523249230264,0.6024414001457357,2.3535613168373466,0.0,0.0,64.0,16
4,103.0,0.881501436732237,0.9938408460977276,,,,3.0,1.0,30.606321336620194,0.5645281951967615,0.0,0.0411776706893556,0.0,63.0,16
4,104.0,0.88360551945116,1.0219645126764465,,,,3.0,1.0,25.933645441081502,0.5524489882390683,0.0,0.0,0.0,62.0,16
4,105.0,0.891460796747275,0.4898333193769205,,,,3.0,1.0,35.67213612308291,0.6008065617107278,0.0,0.0,0.0,61.0,16
4,106.0,0.924470159475486,1.009134917244954,,,,3.0,0.0,104.09690102602652,0.5395602401427708,0.7325847394835162,0.0,0.0,60.0,16
4,107.0,0.9563881095866223,1.1276375207553917,,,,3.0,1.0,27.147193189461017,0.5760006964968489,1.9293243174533723,0.0452602629662975,0.0,59.0,16
4,108.0,1.0498411233509355,1.2924145906728548,,,,3.0,0.0,91.22243520026468,0.6306137278151454,0.0,0.0045514261673277,0.0,58.0,16
4,109.0,1.1484698420187822,1.1906257620251255,,,,3.0,1.0,24.966023274658983,0.5346246525939645,0.0,0.080675269969897,0.0,57.0,16
4,110.0,1.270422439941812,1.3601727872622722,,,,3.0,1.0,22.058559116428093,0.7256355449506773,6.294633036334305,0.2414306905112965,0.0,56.0,16
4,111.0,1.3221310409237732,1.1245809400250113,,,,3.0,1.0,26.56235164730463,0.5662947112043406,5.494391262912434,0.0368460241849958,0.0,55.0,16
4,112.0,1.6145274491024175,1.811107794204312,,,,3.0,0.0,96.61586911972596,0.540385264831684,0.0,0.0,0.0,54.0,16
4,113.0,1.6145332836416475,1.5937638013698088,,,,3.0,1.0,35.05989787212804,0.4508429711906933,3.302971653698762,0.142217232041889,0.0,53.0,16
4,114.0,1.6992251357804733,1.7066749367416718,,,,3.0,0.0,106.16882579569668,0.5803227093614539,1.9740592443162008,0.0472817100929799,0.0,52.0,16
4,115.0,1.767691498331345,1.969774344353892,,,,3.0,1.0,25.816288478875418,0.7696062886242224,0.0,0.0,0.0,51.0,16
4,116.0,1.767947512732766,1.6842496699717058,,,,3.0,1.0,24.95678203201627,0.5663265778124073,1.4612083787121308,0.0,0.0,50.0,16
4,117.0,1.807211929846462,1.737388761718042,,,,3.0,1.0,27.7046632622548,0.4698479828178902,0.0,0.1250567702892657,0.0,49.0,16
4,118.0,2.3380433667201483,2.3975849821834427,,,,3.0,1.0,33.60026213510718,0.7301595245104318,3.694022502564295,0.0,0.0,48.0,16
4,119.0,2.338043387771126,2.3248342633862764,,,,3.0,1.0,34.57160907841633,0.4838494816289243,2.305527834790861,0.182213197923223,0.0,47.0,16
4,120.0,2.6363673372336995,2.487100788772936,,,,3.0,1.0,29.28388628390745,0.8052168196339103,10.764542027530148,0.1901818957035161,0.0,46.0,16
4,121.0,2.988996713327226,2.854099627987684,,,,3.0,1.0,27.266957125933647,0.5568924864024225,4.755251925989208,0.2359476558435199,0.0,45.0,16
4,122.0,2.989814282535358,2.932745769422452,,,,3.0,0.0,106.62446900669556,0.7559140073984352,8.151425308963653,0.1405890195340119,0.0,44.0,16
4,123.0,2.9958143040897163,3.049550641105961,,,,3.0,1.0,34.09416058126371,0.5022163505616014,7.239217699301672,0.4205448240497278,0.0,43.0,16
4,124.0,3.000382355066595,2.995777473087655,,,,3.0,0.0,97.43099146891228,0.653414881800179,12.21422718273186,0.3223634768355692,1.4619539695078823e-09,42.0,16
4,125.0,3.0025945762467887,3.0676819649559217,,,,3.0,0.0,97.4762445149391,0.491309379718783,4.141505619158515,0.3593724517013406,6.731825900400794e-08,41.0,16
4,126.0,3.0254405683137007,2.895174305715695,,,,3.0,1.0,17.74250831412965,0.7607154509110897,1.826091026225643,0.1588395675693316,6.4722251612408764e-06,40.0,16
4,127.0,3.0335302974432468,3.054400260639787,,,,3.0,1.0,28.15620861252144,0.3918088837335944,4.310582545897336,0.0313476260237709,1.1242808466325927e-05,39.0,16
4,128.0,3.538085920735988,3.711275148101616,,,,3.0,1.0,31.677302162838323,0.535655483954168,7.824286820634051,0.2859007294743154,0.0028953645809429,38.0,16
4,129.0,3.545502175926488,3.7497144497151913,,,,3.0,0.0,99.66827412269852,0.7079203208526847,10.698557105419102,0.0,0.0029757262394053,37.0,16
4,130.0,3.663167677564618,3.530849730134477,,,,3.0,0.0,100.66419850783733,0.6127670482559369,9.25347979802602,0.5229049951670512,0.0043979136856644,36.0,16
4,131.0,3.663275003400023,3.5887783073159603,,,,3.0,1.0,24.618356516734217,0.5920113569079674,14.149974777407836,0.2873154477431947,0.004399337301353,35.0,16
4,132.0,3.663926256257145,3.341405186772982,,,,3.0,1.0,34.063862612016685,0.4914119104858956,6.740381017680354,0.5663373931269489,0.0044079807374762,34.0,16
4,133.0,3.714390380057703,3.6455817159610455,,,,3.0,1.0,32.184545258720235,0.3608373079996219,8.237400533391574,0.3376480746822319,0.0051035361511898,33.0,16
4,134.0,3.876740808609809,4.056516935500703,,,,3.0,1.0,27.740500585811496,0.5523553452677593,5.745935189784765,0.4747441417458665,0.0076867444548178,32.0,16
4,135.0,3.8890439698573287,4.02095041305008,,,,3.0,1.0,33.09278393235592,0.6977306838619174,5.239049812725441,0.3076941058252452,0.0079039918033967,31.0,16
4,136.0,4.029613635071909,4.067574291495203,,,,3.0,0.0,102.73292771918976,0.501211769704992,6.358465548912561,0.2798577183348835,0.0106010423752599,30.0,16
4,137.0,4.030030130145303,3.9327559069906775,,,,3.0,1.0,34.8234761578545,0.5823335017894521,10.42808583853108,0.4056024164818568,0.0106096206900715,29.0,16
4,138.0,4.333120301427179,4.462975535884753,,,,3.0,1.0,41.388231382464696,0.3810565102842496,6.210131453004298,0.3261205048711416,0.0177720973807729,28.0,16
4,139.0,4.333195704041673,4.047586312622872,,,,3.0,1.0,32.683498433848115,0.8379841216864752,11.317708937858797,0.329397064319508,0.0177741078527517,27.0,16
4,140.0,4.354475593494065,4.395163093537263,,,,3.0,0.0,98.55476402834196,0.6398442173362449,12.920389969523711,0.6378137095939267,0.018346041333711,26.0,16
4,141.0,4.384925444575555,4.1137159821404445,,,,3.0,1.0,20.498716891122392,0.5009418061606552,10.324678284975263,0.5190114852392148,0.0191801848703279,25.0,16
4,142.0,4.390232296078844,4.445562226326913,,,,3.0,0.0,104.18517062553462,0.4377315924918383,6.442393261192618,0.4841372432577659,0.0193274583706065,24.0,16
4,143.0,4.45268349975958,4.389020978974562,,,,3.0,1.0,41.72532833994495,0.575382683254688,12.603026045458916,0.119060347420219,0.0211028935047374,23.0,16
4,144.0,4.454001184434278,4.58707653963807,,,,3.0,0.0,99.6572093923127,0.656758709456124,10.36920489752011,0.6389889598475592,0.0211411944433628,22.0,16
4,145.0,4.488883673104226,4.53061020971687,,,,3.0,1.0,32.23767620491458,0.894882398283191,12.37777998738953,0.5103391156409182,0.0221677459203633,21.0,16
4,146.0,4.634283899896063,4.67406631420578,,,,3.0,1.0,39.613415224944006,0.4592204199987982,17.308993471300127,0.5614191292394168,0.0267088386545948,20.0,16
4,147.0,4.760605592463378,4.740180034832907,,,,3.0,0.0,97.91383270588898,0.6247925255567113,14.854652835525426,0.5396589495635838,0.0309973205221332,19.0,16
4,148.0,4.766462299443099,4.876578706772958,,,,3.0,1.0,36.97753666959753,0.5835933717482666,12.993534605945644,0.8084899656176353,0.031203890553538,18.0,16
4,149.0,4.795217892569975,5.124285991670223,,,,3.0,0.0,85.67129382669195,0.6808039037452527,7.980476991755246,0.6505840094941793,0.0322280728180338,17.0,16
4,150.0,4.841287318266495,4.871613433199728,,,,3.0,1.0,24.842690057621645,0.4905382826563784,11.561171893914862,0.8011674967591125,0.0339033898840902,16.0,16
4,151.0,4.84315011418237,4.839620600832734,,,,3.0,1.0,29.114601191800418,0.588988668186623,8.340008877108321,0.7398285871699948,0.0339720234341048,15.0,16
4,152.0,5.286472057865001,5.510763665037847,,,,3.0,1.0,36.766280787913615,0.5920715594620034,16.2566132755277,0.7383358322162007,0.0522795447139741,14.0,16
4,153.0,5.449856895182703,5.235369466011072,,,,3.0,1.0,28.365727791784444,0.5692889072662403,15.79722840450286,0.712131312294412,0.0600179880687423,13.0,16
4,154.0,5.643776749665306,5.578818744396356,,,,3.0,1.0,22.549906980921563,0.4381257819095461,20.54881713544469,0.8280191022648754,0.0698955550207084,12.0,16
4,155.0,5.708284501206482,5.706055213112723,,,,3.0,1.0,31.839633362002807,0.5700024759191322,12.4279319205211,0.7569553553897063,0.0733480493947524,11.0,16
4,156.0,7.179581112222534,7.1478232121276335,,,,3.0,0.0,105.943467965696,0.5052839055541554,18.12156767043485,1.4827408194433302,0.1746889827364735,10.0,16
4,157.0,7.322744422490216,7.412959706125656,,,,3.0,1.0,31.512422692885902,0.6732374727434272,21.885402516610057,1.4236908695218358,0.1868611934217027,9.0,16
4,158.0,7.756412824929627,7.831981697699012,,,,3.0,1.0,27.13298313248948,0.5528751768027522,28.494493065456656,1.4611020239322563,0.2262346296115503,8.0,16
4,159.0,7.885833711843556,8.11600316302918,,,,3.0,1.0,22.83094993130548,0.5855478074419777,31.303338850413567,1.430673670412255,0.2387137105978698,7.0,16
4,160.0,7.891829751926725,8.112871867355148,,,,3.0,1.0,26.42557438846773,0.5514796216980978,29.45492937068741,1.735024693510296,0.2392999832183548,6.0,16
4,161.0,7.912552223732404,8.047330223906286,,,,3.0,1.0,30.506842127539077,0.6340274183650225,29.17048665040745,1.560143868961512,0.2413316935089819,5.0,16
4,162.0,8.191620335919431,8.550900113189178,,,,3.0,1.0,29.77952729900031,0.6655965508735375,30.49505524765505,1.6357007490785311,0.2695292171233219,4.0,16
4,163.0,8.48644744522912,8.668444027037774,,,,3.0,1.0,24.22422889978239,0.3815325028100401,35.09942106851061,2.0857514807819566,0.3010110556926113,3.0,16
4,164.0,9.404466908884702,9.229888609412344,,,,3.0,1.0,30.320196347722646,0.4670389038107965,33.599301818483525,1.8926993151173015,0.4101719638699918,2.0,16
4,165.0,9.499885453778422,9.243459633820391,,,,3.0,0.0,105.25496934102846,0.3806887282283694,38.28525883187077,2.0458034266197864,0.4224851091224033,1.0,16
4,166.0,10.072096962729754,10.263641674141391,catastrophic_failure_replacement,238.3640963680964,,3.0,1.0,31.43163492712241,0.5270243277088016,5.31107153524243,0.0,0.0,0.0,16
4,166.0,0.0,0.0,catastrophic_failure_replacement,238.3640963680964,,3.0,1.0,31.43163492712241,0.5270243277088016,5.31107153524243,0.0,0.0,84.0,17
4,167.0,4.05844826855699e-05,0.0,,,,3.0,1.0,27.90161463398999,0.6082435190802653,1.486760828606155,0.0670924627861998,0.0,83.0,17
4,168.0,0.0008278160815239,0.2213350929390651,,,,3.0,1.0,28.741814233163392,0.5442103783028418,0.0,0.062905919696465,0.0,82.0,17
4,169.0,0.0112998323970757,0.0,,,,3.0,1.0,24.102816411997683,0.6040186641982009,0.0,0.1485004703163563,0.0,81.0,17
4,170.0,0.1385964272902987,0.2908555295584846,,,,3.0,1.0,37.43486380721952,0.6976410325237313,0.7011351913031882,0.0,0.0,80.0,17
4,171.0,0.1556698893897848,0.1830409841317774,,,,3.0,0.0,87.53278825894986,0.6425287710005047,2.095039588179408,0.0,0.0,79.0,17
4,172.0,0.1592345230629096,0.0,,,,3.0,1.0,33.7383413260311,0.6162451119651836,0.0,0.0,0.0,78.0,17
4,173.0,0.1892752081775913,0.1065378312578807,,,,3.0,1.0,25.49360952415357,0.6309155518978998,1.262832810098942,0.0587807721264396,0.0,77.0,17
4,174.0,0.1903128752933615,0.2148317440882358,,,,3.0,1.0,25.00587830089212,0.7275487875792809,1.2639716107121337,0.0,0.0,76.0,17
4,175.0,0.1917327416942043,0.0,,,,3.0,1.0,31.14135662231767,0.4978005948102832,5.734735357141421,0.3707134540835567,0.0,75.0,17
4,176.0,0.3530886737892016,0.4063893185407284,,,,3.0,1.0,35.483671831048945,0.4405490069869618,0.0,0.0,0.0,74.0,17
4,177.0,0.3531053459121133,0.2838601685704792,,,,3.0,1.0,27.83426341860014,0.7592741156228975,0.0,0.0,0.0,73.0,17
4,178.0,0.3691651834542101,0.2739403168469675,,,,3.0,0.0,95.81938713536243,0.7066105688594722,0.8456013267565885,0.2218150331383815,0.0,72.0,17
4,179.0,0.4057246717793948,0.4279273971210466,,,,3.0,1.0,25.961703540229237,0.6291291272631442,0.0,0.1966047675601701,0.0,71.0,17
4,180.0,0.4368657760455804,0.4266831159429094,,,,3.0,0.0,100.29335426434244,0.4905740226032721,0.0,0.1095475289580355,0.0,70.0,17
4,181.0,0.522553497520194,0.4154832099125446,,,,3.0,1.0,34.316000876531426,0.5598714538821136,0.0,0.0,0.0,69.0,17
4,182.0,0.5490317577730695,0.3591001462139374,,,,3.0,0.0,93.79690578567116,0.2680488088683217,0.0,0.0173005108514976,0.0,68.0,17
4,183.0,0.5628599987428103,0.728222581887118,,,,3.0,1.0,36.63670529952883,0.5577182961861444,0.0,0.1330723213542729,0.0,67.0,17
4,184.0,0.6765981278983667,0.9623089281645296,,,,3.0,1.0,22.239548688358926,0.5980129336436563,1.9089668033766416,0.0947297697132547,0.0,66.0,17
4,185.0,0.6772756588002576,0.814569592267624,,,,3.0,1.0,27.31523730416638,0.7184109916129745,0.0,0.0797814807659877,0.0,65.0,17
4,186.0,0.6775882445452726,0.693670114417002,,,,3.0,0.0,83.55951339783769,0.6145805029808775,0.0,0.0,0.0,64.0,17
4,187.0,0.6788762485663055,0.6425987229211751,,,,3.0,0.0,86.82135842266568,0.3786465509750197,2.790981028930076,0.053602612380848,0.0,63.0,17
4,188.0,0.7478893688896863,0.6172506185743785,,,,3.0,1.0,21.891256938489107,0.5416692166724493,2.6445299539777545,0.0,0.0,62.0,17
4,189.0,0.7478954459159187,0.5108887511208327,,,,3.0,0.0,111.2513082285636,0.7923185738982101,0.3561084457386386,0.0,0.0,61.0,17
4,190.0,0.8208632517356437,0.871096053161848,,,,3.0,1.0,36.02897137929711,0.6166319438736088,0.0,0.0,0.0,60.0,17
4,191.0,0.8212936933962222,0.7571515025480678,,,,3.0,0.0,106.86617799073252,0.4695407219817499,1.9179883454100324,0.0,0.0,59.0,17
4,192.0,0.8214267122292198,0.7790641489794441,,,,3.0,0.0,95.35752160853008,0.5395423787376254,0.0,0.0780737474291936,0.0,58.0,17
4,193.0,1.4101811294865247,1.38093264577869,,,,3.0,0.0,103.51927815454694,0.522991873801258,0.0,0.0,0.0,57.0,17
4,194.0,1.413634329256582,1.437203236061492,,,,3.0,1.0,34.14103474160602,0.5493492808149049,0.0,0.0,0.0,56.0,17
4,195.0,1.9199622431848784,2.007009442789927,,,,3.0,0.0,96.32870677195976,0.4374247479411058,0.0,0.1196518958266145,0.0,55.0,17
4,196.0,2.110810580358596,2.1900535428448324,,,,3.0,1.0,24.048799707917706,0.601413395504053,3.0665260771984406,0.2227684753371529,0.0,54.0,17
4,197.0,2.1357900804730465,2.2386488945353205,,,,3.0,1.0,30.308012388147823,0.6880212950324205,3.8688464173528474,0.1176386857345797,0.0,53.0,17
4,198.0,2.231533617559636,2.026487869952001,,,,3.0,1.0,26.83384873293499,0.6149191606605944,5.080555245859487,0.0724430855564977,0.0,52.0,17
4,199.0,2.2384748038899027,2.308770652121092,,,,3.0,1.0,35.325255501909744,0.5676940609681623,1.3740890814907338,0.0668212804970241,0.0,51.0,17
4,200.0,2.3597016484738127,2.5659733592199663,,,,3.0,1.0,37.68027098982077,0.470195476929902,3.6520998395674913,0.0375574808683678,0.0,50.0,17
4,201.0,2.4249134519086097,2.1313715914934592,,,,3.0,1.0,34.361293784552046,0.5019126601767064,11.144209705814724,0.2451378128077363,0.0,49.0,17
4,202.0,2.425113354228496,2.631712166011964,,,,3.0,1.0,26.04217547523321,0.5700012316319217,7.480191045264835,0.2544561350480032,0.0,48.0,17
4,203.0,2.4636565288684684,2.3868032181533314,,,,3.0,1.0,32.15704167607483,0.653875002699926,4.414012371787007,0.3016906689596621,0.0,47.0,17
4,204.0,2.472431738385349,2.53629634648022,,,,3.0,1.0,33.64083992929319,0.6040270529595773,0.0,0.0950385555123375,0.0,46.0,17
4,205.0,2.4730236418661304,2.482011963688973,,,,3.0,0.0,101.99446550386156,0.7079239125608733,8.47677151902985,0.4078506749079412,0.0,45.0,17
4,206.0,2.60932674065249,2.437535036012764,,,,3.0,1.0,33.47685858379462,0.5250110489687198,3.417439199001016,0.3154097759697872,0.0,44.0,17
4,207.0,2.7997661753337426,2.6911644192191377,,,,3.0,0.0,100.00967771346392,0.6953144005788247,6.415519971775286,0.0496759016020033,0.0,43.0,17
4,208.0,2.8016332058807656,2.836770120747148,,,,3.0,1.0,36.758321221498136,0.3612604465090251,4.543950630733608,0.060652749483963,0.0,42.0,17
4,209.0,2.8289976195764157,2.7042535262540413,,,,3.0,1.0,30.64271160480872,0.5323669795800776,7.358054426389597,0.1353449920478339,0.0,41.0,17
4,210.0,2.829001073934253,2.755981874708288,,,,3.0,1.0,38.34186146684179,0.702924516012861,9.482890138303835,0.264488149822042,0.0,40.0,17
4,211.0,3.218736339333645,3.1659728012427943,,,,3.0,1.0,25.29019553311741,0.5161549818021102,11.818089346365255,0.1477706273322706,0.0004784558614508,39.0,17
4,212.0,3.234834616208204,3.0966026659420973,,,,3.0,1.0,36.76762784494253,0.6317406523054245,9.658948887368258,0.3654133949031606,0.0005514729696965,38.0,17
4,213.0,3.374061613552405,3.6895168538161407,,,,3.0,0.0,98.41204670564316,0.4289661815526274,14.222015013374778,0.3462436116913941,0.0013992209073342,37.0,17
4,214.0,3.40455609411565,3.457553271866879,,,,3.0,1.0,31.74931452304845,0.4342998441328455,6.759343381551359,0.4475221549499908,0.0016366563328611,36.0,17
4,215.0,3.4322289120919427,3.4259374387596124,,,,3.0,1.0,37.22828161968221,0.6396397047103064,5.679649020384597,0.107625329823808,0.0018682183244818,35.0,17
4,216.0,3.4393421773634443,3.317789806618103,,,,3.0,1.0,30.592248082489157,0.4807722454624995,2.9582068917975404,0.2680172548669634,0.0019302154881045,34.0,17
4,217.0,3.4626517060263446,3.386426501216651,,,,3.0,1.0,22.376317775243184,0.5082954928963315,0.0,0.2734950677573784,0.0021404660108908,33.0,17
4,218.0,3.4626908017084275,3.705737439438083,,,,3.0,1.0,31.134275497594498,0.6827742480677059,6.319850005660901,0.610786392935214,0.0021408277798558,32.0,17
4,219.0,3.462708909302476,3.4277053919777445,,,,3.0,1.0,27.781311898292667,0.4164079480214145,11.171309832588928,0.2558297933340573,0.0021409953474788,31.0,17
4,220.0,3.462736083020236,3.4943066510772542,,,,3.0,1.0,37.66228493326789,0.4859814237357533,4.63206881071419,0.3523734186752204,0.0021412468252891,30.0,17
4,221.0,3.616420247549344,3.553472666919814,,,,3.0,1.0,26.41960438740765,0.4609242669184161,9.117637969048625,0.6056083409451964,0.0037997392158879,29.0,17
4,222.0,3.841927744041682,3.789819110189886,,,,3.0,1.0,30.72862645041937,0.5831562303703604,9.843259645717136,0.4279736031259376,0.0070884232618711,28.0,17
4,223.0,3.847039476612784,3.7864141490393193,,,,3.0,1.0,30.030859301742765,0.6218585696359353,11.616724232496844,0.3152319659924184,0.0071747587494045,27.0,17
4,224.0,4.017089771673276,3.9292095337691255,,,,3.0,0.0,105.6425410468388,0.6568499833712786,10.213348966084656,0.2338661804297374,0.0103447160364239,26.0,17
4,225.0,4.019617880082862,3.625800529548974,,,,3.0,1.0,26.8991655898368,0.4779802710104995,16.43848319894153,0.3532438204216586,0.0103962062138466,25.0,17
4,226.0,4.1358246981419,4.339958864641732,,,,3.0,0.0,100.78657365850596,0.3115256492576489,3.5053078900185515,0.7714272854422426,0.0129009774490913,24.0,17
4,227.0,4.136317689893141,4.0094798327890055,,,,3.0,1.0,27.79279711412628,0.4758622458151824,11.637005932700538,0.3860348482470694,0.0129121789236408,23.0,17
4,228.0,4.151991820334702,3.850561904902326,,,,3.0,1.0,27.000147457565664,0.4842478303651829,13.18298207252553,0.2528412842675246,0.0132708515411806,22.0,17
4,229.0,4.528606333692771,4.314029380457596,,,,3.0,1.0,25.7760730029812,0.5688535530424029,11.248212126158643,0.5350905903959285,0.0233663732340565,21.0,17
4,230.0,4.53866385595082,4.51127062390755,,,,3.0,1.0,28.62535451079356,0.5056868597580788,9.30546881024264,0.4572848268100827,0.0236748646160944,20.0,17
4,231.0,4.541821860198988,4.713120303641359,,,,3.0,0.0,101.8507178366666,0.6790156112500736,11.714456712211785,0.4078627902117414,0.0237721464858746,19.0,17
4,232.0,5.480535503257077,5.474031297571367,,,,3.0,1.0,36.135157371178245,0.3387694356474431,15.95248677726546,0.8686157710376162,0.0615305638291884,18.0,17
4,233.0,5.528876776682352,5.825093458272776,,,,3.0,1.0,23.89050360051732,0.5204098057590167,13.99779711795517,0.7101917330557496,0.0639521775164332,17.0,17
4,234.0,5.528964881053813,5.645793338480123,,,,3.0,1.0,39.254373232084845,0.6285960228572706,12.929172333144544,0.5744688504839573,0.0639566336960352,16.0,17
4,235.0,5.766069508657915,5.717642548802989,,,,3.0,0.0,98.48722544024923,0.8209512131641534,14.118233524798146,0.8425056010348375,0.0765114052672704,15.0,17
4,236.0,5.820715992634968,5.736157180134813,,,,3.0,1.0,37.06229684927465,0.476021182488878,18.715416971897625,0.6265673266442157,0.0795643871110667,14.0,17
4,237.0,5.957298516307191,6.075911569160586,,,,3.0,1.0,36.23126653577183,0.5034474255402744,19.120242100426623,1.0185581215902255,0.087456145145527,13.0,17
4,238.0,6.091250050099963,6.017591691701219,,,,3.0,0.0,105.66574200379272,0.5959403927161186,23.30089399740183,0.9882109372689202,0.0955582687224302,12.0,17
4,239.0,6.154884786685965,6.252233960523176,,,,3.0,1.0,38.24065217023521,0.6499760202093035,21.45587897649468,0.957259892106932,0.0995329801726255,11.0,17
4,240.0,6.306539335831431,6.223975078691613,,,,3.0,0.0,105.51791295130302,0.5805888829439163,18.864977848608984,0.9981537500065062,0.1093320237940056,10.0,17
4,241.0,6.422996464449218,6.544955340736595,,,,3.0,1.0,30.9672682014723,0.5906158664689726,16.70270474140402,1.084740105370203,0.1171690479563184,9.0,17
4,242.0,6.760104443615406,6.443510218630575,,,,3.0,1.0,28.68141938028112,0.3931119913144839,21.92332397365655,1.338108151031578,0.1413838542689632,8.0,17
4,243.0,6.907729664569318,6.76510658499026,,,,3.0,1.0,26.12791604949748,0.4174930176801196,25.824457487666837,1.2968301565869598,0.1527035113135503,7.0,17
4,244.0,7.265454001239627,7.471756653801005,,,,3.0,1.0,27.6157043050514,0.36397167120266,21.752798467870026,1.135147712900268,0.1819409783669114,6.0,17
4,245.0,7.367266150194482,7.219900319937208,,,,3.0,0.0,84.53264255761508,0.4034971194885169,26.600851130293524,1.5022625886445644,0.1907301362663453,5.0,17
4,246.0,7.649315500315472,7.6859366941657346,,,,3.0,0.0,96.35998428648637,0.5868715921088158,24.61782239723076,1.5726705243365988,0.2161613462147371,4.0,17
4,247.0,8.406455180997614,8.262978445379064,,,,3.0,0.0,97.03272015976953,0.6118345787959955,29.83924746892451,1.5844157114919004,0.2922975762413594,3.0,17
4,248.0,8.984597716329272,8.89047376916284,,,,3.0,1.0,24.56919192087252,0.5134691914070102,31.640953624183187,1.775546362654594,0.3581540982629353,2.0,17
4,249.0,9.31774825263444,9.34788556551828,,,,3.0,1.0,35.65169877417159,0.4958758346455624,39.59330681986968,2.271231353986444,0.399139429836655,1.0,17
4,250.0,10.191671619113642,9.969112599447252,catastrophic_failure_replacement,530.1641428299529,,3.0,0.0,100.63515565828956,0.7270750342161126,4.015771944012393,0.1816847625537294,0.0,0.0,17
4,250.0,0.0,0.0,catastrophic_failure_replacement,530.1641428299529,,3.0,0.0,100.63515565828956,0.7270750342161126,4.015771944012393,0.1816847625537294,0.0,74.0,18
4,251.0,3.546552097434521e-07,0.0,,,,3.0,1.0,36.889643468688085,0.5810827152754691,0.0,0.0205738502086538,0.0,73.0,18
4,252.0,0.0049521694276454,0.0,,,,3.0,1.0,34.84905676277751,0.6277152696564808,0.0,0.3656259540538522,0.0,72.0,18
4,253.0,0.0459378690248716,0.0,,,,3.0,1.0,27.37640538373612,0.6650208908866582,0.0,0.1457568603182676,0.0,71.0,18
4,254.0,0.0467786389374358,0.2729338056075372,,,,3.0,0.0,93.13666344833187,0.5125865511854673,0.0,0.0,0.0,70.0,18
4,255.0,0.1058567040745909,0.1284079363073753,,,,3.0,0.0,103.13870331762728,0.6168962549405026,0.0690700142361988,0.082673189459471,0.0,69.0,18
4,256.0,0.1059017452869933,0.0502838162826483,,,,3.0,1.0,29.44315029773044,0.5735166065438118,0.0,0.0160760632260015,0.0,68.0,18
4,257.0,0.231640184024439,0.1916849055337549,,,,3.0,1.0,38.75592092530764,0.5448590705524858,0.0,0.0,0.0,67.0,18
4,258.0,0.2382087570355922,0.2776827323037096,,,,3.0,1.0,25.16492860103541,0.580026650341685,3.536544963213876,0.0,0.0,66.0,18
4,259.0,0.2672672324385618,0.2668496256305621,,,,3.0,1.0,34.78739507751174,0.5276411092901195,0.0,0.0,0.0,65.0,18
4,260.0,0.3555857571735955,0.3094643060612972,,,,3.0,1.0,24.837110946892224,0.6051426359249166,0.0,0.0,0.0,64.0,18
4,261.0,0.3591127756810683,0.2819493676314519,,,,3.0,1.0,28.317306465736387,0.4881509557537457,2.321064612688325,0.0201791998577841,0.0,63.0,18
4,262.0,0.3591141730299462,0.6372774561520512,,,,3.0,0.0,98.57482085541648,0.413388775836371,2.688081508567598,0.0,0.0,62.0,18
4,263.0,0.3757464654853472,0.5178379059763731,,,,3.0,1.0,19.233571515576507,0.4957417614854028,0.2508463839851529,0.0,0.0,61.0,18
4,264.0,0.4321639318629515,0.4976084877195855,,,,3.0,1.0,29.00348550469888,0.4440183397670356,3.703394086544185,0.0,0.0,60.0,18
4,265.0,0.4912740623903574,0.2693666605796472,,,,3.0,0.0,103.82216153302436,0.3990688264298725,2.457036113169158,0.2453986916445505,0.0,59.0,18
4,266.0,0.8066424225868213,0.6665831481134161,,,,3.0,1.0,19.883698134291468,0.6093589580967871,0.0,0.0,0.0,58.0,18
4,267.0,0.8178896231237511,0.9320133392081186,,,,3.0,1.0,23.72409441280941,0.6585196635110244,0.0,0.2142167199064166,0.0,57.0,18
4,268.0,0.8179692464864861,0.6266937196400469,,,,3.0,0.0,101.42259597287608,0.5656764452401444,2.3470566034309384,0.2549704622203266,0.0,56.0,18
4,269.0,1.1738152392724208,1.070116699374717,,,,3.0,1.0,34.94584052068816,0.5581600730115666,5.330408810259069,0.1166815570605313,0.0,55.0,18
4,270.0,1.2392004382140225,1.3517212472138862,,,,3.0,1.0,32.64222594447901,0.600859175159307,0.0224775490270232,0.3483039644563802,0.0,54.0,18
4,271.0,1.2393667258155114,1.424704993848955,,,,3.0,0.0,101.46385197320984,0.4379327302652883,0.0,0.2439276340932524,0.0,53.0,18
4,272.0,1.2499475376193938,0.9820965504502104,,,,3.0,1.0,34.814656138411735,0.5821563339198067,3.170469502357011,0.1833609505215599,0.0,52.0,18
4,273.0,1.3721740747675466,1.3223288812567706,,,,3.0,1.0,41.93953966762365,0.429888732300336,0.0,0.0803484096101695,0.0,51.0,18
4,274.0,1.3809160225206456,1.244687171581789,,,,3.0,1.0,30.27540731402481,0.5170008579705939,1.912545059360125,0.0761224800675199,0.0,50.0,18
4,275.0,1.4138631303685147,1.385079575690281,,,,3.0,1.0,34.16605609387773,0.4382226153848837,0.7501599793232137,0.0634354445695159,0.0,49.0,18
4,276.0,1.418201334321371,1.4133860244394196,,,,3.0,1.0,26.233246083945424,0.7046582350434967,0.0,0.0,0.0,48.0,18
4,277.0,1.4613545111398525,1.5067262011020888,,,,3.0,1.0,32.44989542843062,0.4260900215916989,1.087723541625515,0.2449028506155535,0.0,47.0,18
4,278.0,1.4615431988909804,1.5007025947761343,,,,3.0,1.0,24.58194239274872,0.4093688316778002,0.0,0.0,0.0,46.0,18
4,279.0,1.4615438484006953,1.315448132929825,,,,3.0,1.0,30.519688777819965,0.7257931629235155,0.2909838699918246,0.1163059881423683,0.0,45.0,18
4,280.0,1.6399103014425551,1.6476236269311069,,,,3.0,0.0,93.84610475092344,0.4502665075443518,0.0,0.2944912908232504,0.0,44.0,18
4,281.0,1.6412389563646892,1.8587827914350388,,,,3.0,1.0,26.348125204733694,0.5844734727756744,4.573848725400546,0.0723894990526444,0.0,43.0,18
4,282.0,1.653813997685414,1.5259065369039695,,,,3.0,0.0,97.0452477172984,0.4852758115178148,4.123888313970136,0.0274804421392932,0.0,42.0,18
4,283.0,1.653818909205981,1.3823204445617443,,,,3.0,1.0,29.98912729083072,0.7726665197560945,0.0,0.0,0.0,41.0,18
4,284.0,1.6759093567147376,1.7310945708416683,,,,3.0,0.0,106.95380053842226,0.4837664149364737,0.0,0.0,0.0,40.0,18
4,285.0,1.8939700273406248,1.7626342754492357,,,,3.0,0.0,98.30159641828864,0.7290907804276716,5.672477786093934,0.0,0.0,39.0,18
4,286.0,2.1566368374310305,2.2035757586464717,,,,3.0,1.0,28.45673117992834,0.8356338685977844,6.500653245716803,0.0,0.0,38.0,18
4,287.0,2.44834732971859,2.6672003949901795,,,,3.0,0.0,86.09947874891363,0.5557317461327079,4.618112169344164,0.1335091162285251,0.0,37.0,18
4,288.0,2.488260344618105,2.7054058180183875,,,,3.0,0.0,101.54278509542058,0.4999302210261946,6.765934908674177,0.2147390556991446,0.0,36.0,18
4,289.0,2.68338859641477,2.8566140725183087,,,,3.0,0.0,99.41628378553332,0.5427408181281685,2.7551037374812246,0.4398045292189702,0.0,35.0,18
4,290.0,2.837039170596435,2.7069589006443064,,,,3.0,0.0,100.1217101530569,0.6120476732861907,9.277538222590442,0.1624275764685125,0.0,34.0,18
4,291.0,3.285286597063731,3.232818225625959,,,,3.0,1.0,27.54965142254664,0.5934152073837535,3.123375333766825,0.5497530144958129,0.000813884424642,33.0,18
4,292.0,3.793450838694088,3.96901913695617,,,,3.0,1.0,26.650178872297747,0.6324590156820045,13.063840594803793,0.3793709271699223,0.0062956423342435,32.0,18
4,293.0,3.8404535542006752,3.97744388950607,,,,3.0,1.0,28.85694290908593,0.8374455443805588,8.140295719651242,0.6198541715095709,0.0070636217676854,31.0,18
4,294.0,3.899379386339783,3.844940576974881,,,,3.0,1.0,28.70251302698746,0.484898008971937,7.1255761952019006,0.3105575001321606,0.0080888328057292,30.0,18
4,295.0,3.957885772605346,3.989455540486823,,,,3.0,1.0,14.620930929150424,0.3635422812427951,8.601521054071119,0.398027398212932,0.0091754515335974,29.0,18
4,296.0,4.027357868742858,3.893099144813093,,,,3.0,0.0,100.34084226536793,0.6783556101527396,7.388187671817066,0.2930476846254666,0.0105546419046786,28.0,18
4,297.0,4.029804836690591,4.19397326703289,,,,3.0,1.0,34.938125145392604,0.5881652652834259,10.687068988212324,0.3745855802481723,0.0106049800167133,27.0,18
4,298.0,4.032091017956911,4.055646719772716,,,,3.0,1.0,19.983985289194795,0.6288519837174905,8.648552779222506,0.4434224454945691,0.0106521186934733,26.0,18
4,299.0,4.033355881946,3.9734041095042,,,,3.0,0.0,91.45484737007068,0.6525914118157767,12.709113671012222,0.4387915124439771,0.0106782437875239,25.0,18
4,300.0,4.05574427930318,3.9331850220058175,,,,3.0,0.0,104.53728759865778,0.6726437029394685,11.116078984489612,0.1765493138111975,0.0111459598328139,24.0,18
4,301.0,4.144560430239203,4.130188335483593,,,,3.0,1.0,38.61483496478131,0.4898371378687329,12.07559452210531,0.4019652884124967,0.0131001857846934,23.0,18
4,302.0,4.174978335061553,4.2525616806486966,,,,3.0,0.0,95.69639014129314,0.5149309269586901,8.137828845917193,0.228431999116144,0.0138057408786402,22.0,18
4,303.0,4.222171008793588,4.244930447724167,,,,3.0,1.0,25.214657133230425,0.5263154713248684,11.08303393646866,0.5813635273521395,0.0149370197473553,21.0,18
4,304.0,5.243866105036498,5.245058595195284,,,,3.0,0.0,96.33266083523549,0.6501575092848951,16.305357795656576,0.6539694780385512,0.0503493509733166,20.0,18
4,305.0,5.382294232259945,5.34535046316719,,,,3.0,1.0,25.92102075999951,0.5965203532784725,13.407791912298991,0.6618029516991437,0.05675325809059,19.0,18
4,306.0,5.796913110952155,5.8136302459607565,,,,3.0,0.0,87.95037875755551,0.4579319102505578,15.23951214133185,0.857211132378094,0.0782272295021606,18.0,18
4,307.0,6.202515213915142,6.385726587386349,,,,3.0,1.0,24.28338259486845,0.4955283460843847,18.68235686039436,1.1342457782845254,0.1025610369535794,17.0,18
4,308.0,6.203504857776521,6.328758997062441,,,,3.0,1.0,34.96454738473557,0.4139333360250073,19.905063175167005,0.8847667202190495,0.1026244337379776,16.0,18
4,309.0,6.602780490089993,6.538855127554697,,,,3.0,0.0,110.95137365626154,0.5617866643429834,22.9208171945108,1.3328205614386994,0.1298002725977308,15.0,18
4,310.0,6.648693886909674,6.662846552290665,,,,3.0,1.0,29.132044663416,0.4519071594456758,18.689067750658,1.2044724064502337,0.1331296708037203,14.0,18
4,311.0,6.652924571223123,6.894841201560031,,,,3.0,1.0,28.50004039514501,0.7250855554129234,22.68614573396655,0.9951479370002608,0.1334385792304563,13.0,18
4,312.0,6.780543030354675,6.83640766663649,,,,3.0,0.0,101.81932199738822,0.6610125922004959,22.1235500083117,1.262664180457424,0.1429250560436331,12.0,18
4,313.0,6.947170862383649,7.152645583935929,,,,3.0,1.0,21.615282948427584,0.6522530230713368,20.238182827478763,0.9188443162941948,0.1558015781685048,11.0,18
4,314.0,6.947313183579089,6.951578180584439,,,,3.0,1.0,26.30062953789557,0.5841807409363545,23.80626630838856,1.336436589579268,0.1558128136925728,10.0,18
4,315.0,6.988447251330885,7.009725457644312,,,,3.0,1.0,29.07390087645279,0.6479452384084959,20.00442587169757,1.1843782823015512,0.1590771147664889,9.0,18
4,316.0,7.64292320771529,7.908274917721739,,,,3.0,1.0,33.8079702392597,0.5729652416123407,28.13913564173924,1.481129354033627,0.2155673591274123,8.0,18
4,317.0,7.759798712438151,8.027897693081512,,,,3.0,1.0,24.47837013978376,0.525920170058718,23.136893019355437,1.4404584869598922,0.2265568378292787,7.0,18
4,318.0,7.9785251606910546,8.028389947467403,,,,3.0,0.0,95.12233257356768,0.5038332314667716,29.276787677181236,1.6270357471246506,0.2478571277563389,6.0,18
4,319.0,8.114967001043748,8.038409358525348,,,,3.0,1.0,31.17254723590375,0.6655056203800853,35.451039187714464,1.502101014750296,0.2616288742176648,5.0,18
4,320.0,8.240190734863637,8.42034143041508,,,,3.0,0.0,117.31518586372331,0.5788887707221029,27.59529300688701,1.7008726807427927,0.274595989377507,4.0,18
4,321.0,8.465784013198771,8.224319465942683,,,,3.0,1.0,30.007111973150767,0.5117966956009864,25.272588098851767,1.7290291096178556,0.2987479487893926,3.0,18
4,322.0,8.881153754240843,8.85203938158312,,,,3.0,0.0,103.89725629909935,0.4988730750619611,32.548197892244524,1.7912167790818028,0.3458796948102117,2.0,18
4,323.0,9.101248001836042,9.146453847691856,,,,3.0,0.0,97.22613406446708,0.31641495562402,34.625630375643205,1.8221854878466408,0.3722522717990829,1.0,18
4,324.0,10.111961957152015,10.152814131254084,catastrophic_failure_replacement,565.4665258312627,,3.0,1.0,29.38449204190272,0.6402238677046925,2.52553673348147,0.5324500250182617,0.0,0.0,18
4,324.0,0.0,0.0,catastrophic_failure_replacement,565.4665258312627,,3.0,1.0,29.38449204190272,0.6402238677046925,2.52553673348147,0.5324500250182617,0.0,109.0,19
4,325.0,0.0539440396222887,0.0,,,,3.0,1.0,26.638722660041456,0.6632928211504128,2.512082547969358,0.0356710616098691,0.0,108.0,19
4,326.0,0.0726224105573651,0.1749736743086974,,,,3.0,1.0,22.278039890187124,0.612080279212174,3.8010028086590566,0.0592406784688733,0.0,107.0,19
4,327.0,0.0726246128510338,0.0600035080115336,,,,3.0,1.0,27.08409162381328,0.4283273862392675,1.3823971307844,0.0,0.0,106.0,19
4,328.0,0.180196259196455,0.0456618971439176,,,,3.0,1.0,23.230435554064435,0.6609726124250612,0.9611498947848452,0.0,0.0,105.0,19
4,329.0,0.1816816316281822,0.2582830976252825,,,,3.0,1.0,26.77957823780896,0.4838284472316702,5.009977329250045,0.0525058149772321,0.0,104.0,19
4,330.0,0.2259331529066006,0.3326423005181492,,,,3.0,0.0,94.73112045213414,0.5774176821269458,0.0,0.2424079135498211,0.0,103.0,19
4,331.0,0.226188446261033,0.5007814658613305,,,,3.0,0.0,97.54631405713388,0.4992017664546477,1.42014723707504,0.0,0.0,102.0,19
4,332.0,0.2522997640720175,0.2354885855164624,,,,3.0,0.0,100.28430395641226,0.6444531731946579,0.9424472471063624,0.0,0.0,101.0,19
4,333.0,0.2533042888410308,0.3293476638806624,,,,3.0,1.0,25.34686993801836,0.5638760565172058,2.067463897778888,0.0,0.0,100.0,19
4,334.0,0.2603008512588052,0.278314486043493,,,,3.0,1.0,25.275568896577376,0.6082230523109057,1.1699197859116577,0.0,0.0,99.0,19
4,335.0,0.2603294543668358,0.2610852841875613,,,,3.0,1.0,36.66768904536124,0.3601293581144308,2.44061107586622,0.0264344075015227,0.0,98.0,19
4,336.0,0.2603342267181606,0.2453149204115807,,,,3.0,1.0,38.16272920843676,0.5562452332599168,0.4495061650093498,0.0,0.0,97.0,19
4,337.0,0.2960814408855279,0.4089607356286466,,,,3.0,1.0,35.4517239476038,0.6008972345992063,0.0,0.0,0.0,96.0,19
4,338.0,0.3034298447393351,0.2665929873134155,,,,3.0,1.0,30.97432480066156,0.6387566955914059,0.0,0.0,0.0,95.0,19
4,339.0,0.589085422103904,0.7403023301896048,,,,3.0,0.0,89.38526753888382,0.6809788976576256,0.0,0.3195099095130986,0.0,94.0,19
4,340.0,0.6430940877539728,0.7879887341643715,,,,3.0,1.0,28.07560109864337,0.5506080471381418,4.073394968628289,0.2535549993133227,0.0,93.0,19
4,341.0,0.71400900404916,0.9516346448815258,,,,3.0,1.0,32.70262101882762,0.431855546448172,0.0,0.1985880069910272,0.0,92.0,19
4,342.0,0.7181742683190234,0.5786081402672678,,,,3.0,1.0,27.60819655844281,0.4874345077754857,2.396805938450397,0.058683778191688,0.0,91.0,19
4,343.0,0.7188013451729376,0.7552291134230201,,,,3.0,0.0,96.00019236568232,0.541557727601707,0.0,0.0,0.0,90.0,19
4,344.0,0.7695275162801277,0.7354556294541059,,,,3.0,1.0,27.862445278137898,0.5094219364386298,0.0,0.1106545263999514,0.0,89.0,19
4,345.0,0.8149893679522571,0.8076781239853063,,,,3.0,0.0,99.3137862864966,0.7375139458193716,0.0,0.0,0.0,88.0,19
4,346.0,0.8172332482338676,0.8830734075708799,,,,3.0,0.0,96.73824761578209,0.3727011686672209,0.0,0.0,0.0,87.0,19
4,347.0,1.3105727529548217,1.0677759151930228,,,,3.0,0.0,92.62142202481596,0.5858221694356524,0.0,0.0,0.0,86.0,19
4,348.0,1.485899465538251,1.6612652721684935,,,,3.0,1.0,27.8155828846548,0.4915866770924438,0.0,0.1207037076872999,0.0,85.0,19
4,349.0,1.4858994655400788,1.4352144931688082,,,,3.0,1.0,31.051042260739663,0.5654845739372577,0.1506969282662296,0.0975283016775592,0.0,84.0,19
4,350.0,1.4899597631315278,1.1382891232229049,,,,3.0,1.0,30.40247852088153,0.4607042056825537,6.489320289632956,0.0412442145137967,0.0,83.0,19
4,351.0,1.517635751661063,1.6186102010132957,,,,3.0,1.0,29.31633622774789,0.5849698876149909,2.2885869322089127,0.0979832159034171,0.0,82.0,19
4,352.0,1.535373097289166,1.2777471166132837,,,,3.0,1.0,19.931663620040997,0.8221580715668235,0.0,0.0,0.0,81.0,19
4,353.0,1.535407819665404,1.791462416517198,,,,3.0,1.0,25.58209752048665,0.4677440608606325,1.7823982036245836,0.0,0.0,80.0,19
4,354.0,1.5356160217564625,1.558317123733383,,,,3.0,1.0,37.34170909469675,0.7272939154937446,2.204104834856592,0.0581811502974269,0.0,79.0,19
4,355.0,1.5363785995649093,1.919315443369393,,,,3.0,1.0,27.46415193931381,0.716376124002948,7.076947057788065,0.163767942083922,0.0,78.0,19
4,356.0,1.5367976350997736,1.4425299521389512,,,,3.0,0.0,94.9625825992148,0.4655099931482264,1.4917232307915334,0.0,0.0,77.0,19
4,357.0,1.894469653785296,1.8734905585534656,,,,3.0,0.0,106.62004131463844,0.4004618168184058,2.55147785646442,0.1376811955650964,0.0,76.0,19
4,358.0,1.894482359005992,1.8184898755985464,,,,3.0,0.0,106.9170598926963,0.4305845731089922,4.765806928843567,0.1299609389525228,0.0,75.0,19
4,359.0,1.8951964736838147,1.988057186001416,,,,3.0,1.0,31.277876770061457,0.5119923207604747,1.2353612498760462,0.1762309387231473,0.0,74.0,19
4,360.0,1.8964398822890365,2.091179073217008,,,,3.0,1.0,32.25542106082185,0.3867839308448888,4.117971163868615,0.0,0.0,73.0,19
4,361.0,1.896455567307327,2.0694762100439306,,,,3.0,0.0,106.5735702878114,0.4935737593919099,2.9567104627437306,0.0,0.0,72.0,19
4,362.0,1.903328850014255,2.0264182542162352,,,,3.0,0.0,102.1648474021368,0.5274136715858033,3.9737032623774846,0.0523714372791964,0.0,71.0,19
4,363.0,1.9072733618123945,1.9425755079270204,,,,3.0,1.0,29.556595277280493,0.3437142036010814,4.272752171858656,0.1511096679813723,0.0,70.0,19
4,364.0,1.948718549878124,1.7412532840567805,,,,3.0,0.0,95.26406376668176,0.7506725450000509,5.889461029542359,0.1114936934797781,0.0,69.0,19
4,365.0,1.9498108832350225,2.357933255489014,,,,3.0,1.0,33.72009563904398,0.7171212913805626,4.5003311020297065,0.2871593692373108,0.0,68.0,19
4,366.0,1.949981098436692,2.070898512605445,,,,3.0,0.0,100.3667059914769,0.4849711818795879,4.960123645609172,0.4960070608893603,0.0,67.0,19
4,367.0,1.951467079123434,1.863964328748538,,,,3.0,1.0,28.571515792900257,0.4717344487513643,0.0,0.0,0.0,66.0,19
4,368.0,1.9532554356473293,2.019267309415214,,,,3.0,0.0,99.44282087484834,0.6576631125224564,4.388909332273649,0.0,0.0,65.0,19
4,369.0,2.039087678707183,2.034934476495839,,,,3.0,1.0,28.108507308462254,0.514383818170644,4.990446025550782,0.4356715070616803,0.0,64.0,19
4,370.0,2.040557370756276,2.2377843141642395,,,,3.0,1.0,27.165285011478915,0.5942760104610648,6.497217927588699,0.2554733471294795,0.0,63.0,19
4,371.0,2.215262324881936,2.176665443877957,,,,3.0,0.0,92.80609550910768,0.7560328136125867,5.782536476187786,0.0414384314127327,0.0,62.0,19
4,372.0,2.226062114889731,2.414568298324905,,,,3.0,1.0,23.30905506702456,0.5561567387305552,6.464957034665907,0.2964827375165104,0.0,61.0,19
4,373.0,2.2266109431418752,2.217547789052239,,,,3.0,0.0,98.00857088407032,0.5992798268064079,0.0,0.2365839388538493,0.0,60.0,19
4,374.0,2.4166564764464886,2.110015578271485,,,,3.0,0.0,96.35132322210896,0.5903821121129009,8.281888792712472,0.0,0.0,59.0,19
4,375.0,2.4480316527251924,2.721608177370036,,,,3.0,0.0,95.33094506724522,0.5508737644737434,5.563118158052259,0.2183179171377512,0.0,58.0,19
4,376.0,2.448383231631039,2.456514338024216,,,,3.0,1.0,30.137554062172704,0.5198562674834297,1.5219470839693678,0.1570625717125638,0.0,57.0,19
4,377.0,2.4618495134235454,2.450834977803605,,,,3.0,1.0,19.56200466398966,0.6811363513682727,7.77633646783184,0.2039058676540459,0.0,56.0,19
4,378.0,2.4947542589961857,2.442061481501272,,,,3.0,1.0,28.44755748763798,0.5678470110217473,1.12564536799824,0.2920113981889804,0.0,55.0,19
4,379.0,2.5185359497010285,2.5078093191218658,,,,3.0,0.0,107.58285447194892,0.5951174126412645,3.571765569112756,0.0,0.0,54.0,19
4,380.0,2.568897149165505,2.4841462914532744,,,,3.0,1.0,31.421516090361308,0.5558281334543212,0.0,0.2808350699521122,0.0,53.0,19
4,381.0,2.787630986223208,2.7637247465640566,,,,3.0,0.0,90.0035709344709,0.6495286007709373,10.93147326361682,0.1825112860536752,0.0,52.0,19
4,382.0,2.8622186083135683,2.865449940074732,,,,3.0,0.0,88.20607226144647,0.5661743425697058,11.056017091410451,0.3367478861935423,0.0,51.0,19
4,383.0,2.8722977718785474,2.793261033499515,,,,3.0,1.0,23.4296706988345,0.5094283312957377,5.963875942807362,0.3527855211179469,0.0,50.0,19
4,384.0,2.883589470307685,2.876650592791913,,,,3.0,1.0,33.94009107364613,0.5120273573565585,3.4075200188261183,0.0,0.0,49.0,19
4,385.0,2.886386006726236,2.8223486800871824,,,,3.0,1.0,25.768784170361968,0.5853767008711653,12.225009727474362,0.130868072855443,0.0,48.0,19
4,386.0,3.0599411748202034,3.0174849459004918,,,,3.0,0.0,112.36120634095865,0.4414709241717389,7.381491281824424,0.0368307635467351,3.5929444388261786e-05,47.0,19
4,387.0,3.102859739975364,3.206407987364237,,,,3.0,0.0,100.02621039260944,0.6724595181070487,4.421053275067896,0.2824502292753169,0.0001058012610779,46.0,19
4,388.0,3.112456199056075,2.853742692528517,,,,3.0,1.0,30.57648172282208,0.5377602684469126,4.8192038507566135,0.054228399210022,0.0001264639670613,45.0,19
4,389.0,3.3669561085877286,3.2520031652636034,,,,3.0,1.0,27.175101189602135,0.4663090881426194,7.433923203113906,0.3098298075051059,0.0013465678562984,44.0,19
4,390.0,3.379831318142129,3.4909875813548124,,,,3.0,1.0,26.789757629405475,0.4879872361308182,5.276988328102223,0.3988027380289614,0.0014427183024158,43.0,19
4,391.0,3.393731063502028,3.4132018825841666,,,,3.0,1.0,33.833370280797936,0.6131199662101927,8.95594544639998,0.0296297897029869,0.0015502415036643,42.0,19
4,392.0,3.460816433721389,3.4793049200259603,,,,3.0,1.0,32.76150562518372,0.6503995792549196,9.68874498296574,0.1440282508835742,0.0021235178558769,41.0,19
4,393.0,3.465807035368325,3.4546316646940247,,,,3.0,0.0,97.87019885765494,0.6949302277210643,6.528000782056765,0.3944760888525871,0.0021697619419862,40.0,19
4,394.0,3.523512321187605,3.4196261949999114,,,,3.0,1.0,44.45210518903593,0.7590423121972882,8.538039665192937,0.2882878895481112,0.0027406515043523,39.0,19
4,395.0,3.539852522197015,3.5417150111827422,,,,3.0,1.0,31.536624148908427,0.5056849599839051,11.51898264824928,0.0138602552844797,0.0029144074572247,38.0,19
4,396.0,3.542884401279909,3.622547664084218,,,,3.0,1.0,32.22843328449649,0.5083589545223396,6.815085595984129,0.4286822199355339,0.0029472347315304,37.0,19
4,397.0,4.228039008381299,4.539026713128835,,,,3.0,0.0,98.55863913993709,0.516887774079222,7.898557131507626,0.4379046883847555,0.0150807980610612,36.0,19
4,398.0,5.265637489339433,5.266460424253544,,,,3.0,1.0,32.826250615758255,0.6487380879595235,8.639697952715423,0.5823861623576078,0.0513311323310029,35.0,19
4,399.0,5.267732656309983,5.464562744832274,,,,3.0,1.0,26.788061597280247,0.6657549793760342,11.772053755061624,0.6300479669778833,0.0514261140049472,34.0,19
4,400.0,5.55621538795733,5.7331141277259965,,,,3.0,1.0,29.84097217731793,0.4583547289060241,16.74839806340563,0.7596193478020085,0.0653423710962984,33.0,19
4,401.0,5.809442056958702,5.819127931737536,,,,3.0,1.0,29.10145199438524,0.6129310846236781,17.24505944809055,0.853720013282641,0.0789296467140834,32.0,19
4,402.0,5.816884259341524,5.964041433768994,,,,3.0,1.0,36.57442945041919,0.5462479596641894,17.219626246790863,0.9600450387891992,0.0793483693052604,31.0,19
4,403.0,5.846984996912465,5.798940883574589,,,,3.0,1.0,26.510684411620986,0.5521296073571489,21.348240330495997,0.8585989874755713,0.0810532357264467,30.0,19
4,404.0,5.8506293936491405,5.834190336462154,,,,3.0,1.0,25.63530931555149,0.6732733646735325,16.492003143436307,0.773116304155688,0.0812608793993646,29.0,19
4,405.0,5.851525350831088,5.564467370434015,,,,3.0,1.0,24.745752158512843,0.6164957130440517,19.63540048953605,0.7546165799666896,0.0813119682643236,28.0,19
4,406.0,5.883074727074719,6.034211318138837,,,,3.0,0.0,117.26574806785784,0.6332627206264796,16.351972479155805,0.9764246484068196,0.0831211988189697,27.0,19
4,407.0,5.89033454076083,5.918976867113448,,,,3.0,1.0,27.38888802743835,0.4991360325838274,18.24641677145809,0.7783978189032472,0.0835403375751511,26.0,19
4,408.0,5.974826295244235,5.939373490108714,,,,3.0,0.0,98.03188894012445,0.4193920752368788,15.28174007078345,0.7723828231562369,0.0884959148687653,25.0,19
4,409.0,6.040533731254004,6.170822046364276,,,,3.0,1.0,29.138077867958973,0.5609717129329022,17.512627364477886,0.7852532315340948,0.0924484537089339,24.0,19
4,410.0,6.0753156120268414,6.080908788202375,,,,3.0,0.0,94.4682984176809,0.5605012135517609,20.175337095560277,0.8263315259776638,0.0945756611357602,23.0,19
4,411.0,6.162347028108408,6.103596898736661,,,,3.0,1.0,31.526574061385038,0.4725871114128005,16.450383418952953,0.8010858264345424,0.1000043872618608,22.0,19
4,412.0,6.203970685244973,6.37383671786796,,,,3.0,1.0,26.437755386868535,0.4789039264794951,23.83321765240427,0.5384475104662614,0.1026542815190914,21.0,19
4,413.0,6.23467004016097,6.331694078082439,,,,3.0,0.0,104.42090861773048,0.576328075529723,18.410773456585115,0.7302386697219381,0.1046309026871497,20.0,19
4,414.0,6.243483654128499,6.117618285130811,,,,3.0,0.0,110.49505188312108,0.7404900210617732,17.67566074925125,1.0898808684669594,0.1052018621459876,19.0,19
4,415.0,6.349029538783104,6.26871157581084,,,,3.0,0.0,93.10141157661216,0.5605509583884346,19.3025910790514,0.9902985230151596,0.1121599885164177,18.0,19
4,416.0,6.590691872925179,6.620590992743042,,,,3.0,1.0,30.16878050997943,0.4805201810748061,23.56866186597725,1.094436012825509,0.1289306812629092,17.0,19
4,417.0,6.717550509839575,6.892599553300178,,,,3.0,1.0,24.494034849214767,0.50541611405311,22.607921809041358,1.252109442351419,0.1382018179320848,16.0,19
4,418.0,6.717697847914399,6.460780307731099,,,,3.0,1.0,21.72843602785349,0.5250482165701726,23.452770960764017,1.092717465665909,0.1382127728838735,15.0,19
4,419.0,7.008832610276875,6.757284871869334,,,,3.0,0.0,90.16929181556856,0.6328252348938305,26.233358210665177,1.427669024779456,0.160707388972193,14.0,19
4,420.0,7.2580799615451905,7.415294089395297,,,,3.0,0.0,96.97938689382902,0.7501309774992859,23.085527859606877,1.5643429035505267,0.1813124495891269,13.0,19
4,421.0,7.36194126749805,7.567237904672235,,,,3.0,0.0,86.2035290945149,0.6745952773633559,22.3541437350398,1.4985659856433788,0.1902653162110249,12.0,19
4,422.0,7.612061818736857,7.533474511609453,,,,3.0,1.0,32.96313770107227,0.4888561282303365,30.861694466574196,1.197039976103504,0.2127111421985033,11.0,19
4,423.0,7.715713461644071,8.010630782765624,,,,3.0,1.0,23.313402701769608,0.5735782207036288,23.10014488258802,1.328536740566881,0.2223795345233111,10.0,19
4,424.0,7.774468138216157,7.688174799694246,,,,3.0,1.0,29.300033098618314,0.4507786694423105,26.39708646286669,1.5693450087178238,0.2279554600284126,9.0,19
4,425.0,7.867618771393804,8.11898990572665,,,,3.0,1.0,21.996123198254065,0.5821858826849051,31.13389805713757,1.4414958029789204,0.2369371250362532,8.0,19
4,426.0,8.34655553310496,8.526600080381007,,,,3.0,1.0,31.67893896622733,0.49180516642579,27.12898955377827,1.8174263151971013,0.2858565606857526,7.0,19
4,427.0,8.459697201636924,8.273422836787113,,,,3.0,1.0,23.73018699896319,0.6545260424975239,32.5818763034462,1.7456556517321191,0.2980829353356206,6.0,19
4,428.0,8.522701154966105,8.649038360362665,,,,3.0,1.0,33.53617919831204,0.5946099510950946,30.45517937687695,1.8944876343502,0.3050022804706395,5.0,19
4,429.0,8.907585220571335,8.907725312637195,,,,3.0,1.0,33.76736589746207,0.4959128698333063,32.48793192799493,2.0346921600949077,0.3489956313831286,4.0,19
4,430.0,9.485427224108886,9.250597211118873,,,,3.0,1.0,31.24478840907784,0.6318268693564426,34.30000946092827,1.9812569132620348,0.4206076627921269,3.0,19
4,431.0,9.647216053713896,9.69759745259544,,,,3.0,1.0,34.32141896281565,0.6763937105724606,39.630834547488256,2.0642568348792203,0.4418548126475173,2.0,19
4,432.0,9.90059515059627,9.798750709519684,,,,3.0,1.0,29.800731424835988,0.5577727462849355,38.338389913679066,2.66398041124045,0.4761821343243277,1.0,19
4,433.0,10.022742142521736,10.015092088585387,catastrophic_failure_replacement,192.3134370969096,,3.0,1.0,28.49098731476105,0.6776298084362264,0.0,0.0298272607877681,0.0,0.0,19
5,0.0,0.0,0.0,,,,2.0,0.0,98.1021641513166,0.6327850604023587,0.0,0.1064927198133859,0.0,96.0,21
5,1.0,0.1006470836540968,0.2272239380093855,,,,2.0,1.0,22.85266550231777,0.5574394498055125,0.0,0.0808383043969622,0.0,95.0,21
5,2.0,0.1006766480433102,0.0,,,,2.0,1.0,30.44037570668148,0.6122962873057856,1.7955298214059332,0.0589956148890602,0.0,94.0,21
5,3.0,0.1056058188901182,0.0396916318781904,,,,2.0,1.0,28.21013336737608,0.4668923673215868,3.8303409514926425,0.0,0.0,93.0,21
5,4.0,0.1094589314942938,0.1250161526694245,,,,2.0,0.0,101.65152354591864,0.7315979625934975,0.0,0.0,0.0,92.0,21
5,5.0,0.1152429394546738,0.0100707414499953,,,,2.0,0.0,91.65401922663906,0.542322697745396,0.0210594820190772,0.0,0.0,91.0,21
5,6.0,0.7171696683013591,0.6006405570410059,,,,2.0,0.0,101.35093315590912,0.4345733718943465,2.0800050242077743,0.0,0.0,90.0,21
5,7.0,1.007983619269115,0.901104954158749,,,,2.0,1.0,32.725923759172616,0.6435813120679209,0.0,0.0094388907269642,0.0,89.0,21
5,8.0,1.0080724187140542,0.995703814397582,,,,2.0,1.0,27.936221234555934,0.610371944926496,2.955728593102327,0.0,0.0,88.0,21
5,9.0,1.008072425086977,0.8876241316385405,,,,2.0,1.0,35.87433202664462,0.4496643755382081,2.636152087057845,0.0315811516518172,0.0,87.0,21
5,10.0,1.029198903814298,1.192926430584822,,,,2.0,1.0,27.81702591500506,0.5473211180086694,0.0,0.0,0.0,86.0,21
5,11.0,1.1604345576499184,0.923535651123117,,,,2.0,0.0,102.16218182230948,0.7292204630233143,1.343155968453727,0.1566820887300791,0.0,85.0,21
5,12.0,1.1817658020990351,1.4507704020932235,,,,2.0,0.0,106.01334139225858,0.5674712063850097,4.825492865027875,0.0,0.0,84.0,21
5,13.0,1.1820018200756504,1.3779125425765866,,,,2.0,1.0,34.25208265431164,0.5490123562241214,2.5356072009322945,0.3724248600699317,0.0,83.0,21
5,14.0,1.2176504526262844,1.1269122302620531,,,,2.0,1.0,36.14163345868638,0.4480947504262685,0.0,0.0,0.0,82.0,21
5,15.0,1.2181160508712825,1.3765298215247657,,,,2.0,1.0,31.688531940071,0.7137575646281379,4.542496633011766,0.3559220396204871,0.0,81.0,21
5,16.0,1.2247961699357202,1.2562363066501754,,,,2.0,1.0,29.821027312657023,0.5114036846271951,4.705224090672963,0.1812397239010248,0.0,80.0,21
5,17.0,1.2247974602243548,0.9394170710977104,,,,2.0,1.0,20.353729155328168,0.5347979394896591,0.1021900432357543,0.0008241242318711,0.0,79.0,21
5,18.0,1.2339607155495378,1.2329495787182447,,,,2.0,1.0,24.30875831601981,0.4679077391871331,0.0,0.150223055974027,0.0,78.0,21
5,19.0,1.2347199666489264,1.302277544093035,,,,2.0,1.0,29.181810359462617,0.6620156223348871,1.2359006088277638,0.0,0.0,77.0,21
5,20.0,1.3388239052237023,1.504371194801169,,,,2.0,1.0,30.027674096692323,0.5564556551972699,0.0,0.0,0.0,76.0,21
5,21.0,1.3618714470217042,1.2135371854647388,,,,2.0,0.0,85.75064836749937,0.5321847925394906,4.4106171384747626,0.0,0.0,75.0,21
5,22.0,1.5109909896615263,1.4585281254185265,,,,2.0,1.0,33.10306281426171,0.6569095692856326,1.8373787748690305,0.3386404041482759,0.0,74.0,21
5,23.0,1.5740203494619636,1.4497955447653474,,,,2.0,1.0,31.623145221258447,0.4693071952932112,2.653010709011557,0.0687206701695316,0.0,73.0,21
5,24.0,1.6377712982975292,1.7869493379487265,,,,2.0,1.0,21.432469737932298,0.5911089074163847,0.7385043040698451,0.3739095141564366,0.0,72.0,21
5,25.0,1.6674442519945036,1.591872692908514,,,,2.0,0.0,84.50156565701994,0.4588950124506592,6.237620031878336,0.1179760568705171,0.0,71.0,21
5,26.0,1.6674472579462496,1.8504149076394032,,,,2.0,1.0,31.510551381283967,0.5857118913562179,3.1365929228417544,0.0573810879589099,0.0,70.0,21
5,27.0,1.9885354384644325,1.9395147820158736,,,,2.0,1.0,32.86654553819572,0.443612910608285,8.237885739057477,0.3287651206176216,0.0,69.0,21
5,28.0,2.1077674471842083,2.3269942530929413,,,,2.0,1.0,31.543522534667247,0.5742641908629379,5.346486640154172,0.0,0.0,68.0,21
5,29.0,2.13633854303385,2.3656578552810075,,,,2.0,1.0,33.04757013754202,0.6179391649464838,5.015989672429,0.2742668866704199,0.0,67.0,21
5,30.0,2.1399236874127854,2.027808974832773,,,,2.0,0.0,97.71310670572672,0.3733890019671926,5.135719075191836,0.2921276539135183,0.0,66.0,21
5,31.0,2.480050489537692,2.2454199749470605,,,,2.0,1.0,38.04882567026897,0.4209563322065788,7.546473207195676,0.0291083050956479,0.0,65.0,21
5,32.0,2.6468367209939103,2.9235227524126497,,,,2.0,1.0,29.190579707469528,0.4731227788416116,9.65000967113776,0.0,0.0,64.0,21
5,33.0,2.6472918932492595,2.4873670079122925,,,,2.0,0.0,87.3405485046451,0.6278958504919151,6.373431596201193,0.1608069206992997,0.0,63.0,21
5,34.0,2.739605266380077,2.935518098812892,,,,2.0,1.0,32.196570916458434,0.6888819427460601,10.27823657991825,0.0835724238959209,0.0,62.0,21
5,35.0,2.740826463623608,2.654065714776205,,,,2.0,1.0,24.65580957270519,0.6760403337299097,6.577416661190211,0.2935460734088903,0.0,61.0,21
5,36.0,2.775355843872158,2.847409744716678,,,,2.0,0.0,100.32569994239007,0.473940603353011,9.947383989656128,0.2458480550765348,0.0,60.0,21
5,37.0,2.7755001983822067,2.8566919934079,,,,2.0,0.0,96.03720951327954,0.4686576770309204,7.074624453998832,0.2103339444806565,0.0,59.0,21
5,38.0,2.802279721741332,2.84258645125074,,,,2.0,1.0,35.42829368981297,0.6608466433775428,4.555521105545648,0.4451951868869772,0.0,58.0,21
5,39.0,2.803337699401852,2.6867521777398324,,,,2.0,0.0,94.36917775769412,0.5735766653018687,10.425127355467,0.3328902970383995,0.0,57.0,21
5,40.0,2.8084632125614752,2.8350740888104053,,,,2.0,1.0,25.916411558481297,0.6175098536028416,0.0,0.1920599029464158,0.0,56.0,21
5,41.0,2.8439458318786324,2.83415156484646,,,,2.0,1.0,32.42554562238807,0.5631318431412362,4.136266552698103,0.2489427747234658,0.0,55.0,21
5,42.0,3.014167267170436,2.9328688445359483,,,,2.0,1.0,30.803691024680305,0.5108581006989137,4.492554868737052,0.0542071484376317,2.00711459078521e-06,54.0,21
5,43.0,3.0451367462750945,3.1053348541781225,,,,2.0,1.0,29.596172262536207,0.6110277889147369,4.95462429222645,0.2393624655954523,2.037325864302263e-05,53.0,21
5,44.0,3.045197930803679,2.960670301208772,,,,2.0,0.0,107.62329581235149,0.6274027201661782,3.745832633800517,0.3360498476389555,2.0428529489341808e-05,52.0,21
5,45.0,3.067723863982925,3.103666775732997,,,,2.0,0.0,96.8493461183191,0.7284051311548635,7.663462691298268,0.4363081116257573,4.586521752777765e-05,51.0,21
5,46.0,3.0813826050139297,3.0348273278679105,,,,2.0,1.0,36.37806294405311,0.6540342027398128,6.936000537630719,0.1892095245047892,6.62312839885333e-05,50.0,21
5,47.0,3.0813927448926397,2.953096588760335,,,,2.0,0.0,100.73779992969824,0.8602797863023843,4.562538230104209,0.0003216472037951,6.624778921158271e-05,49.0,21
5,48.0,3.0815440720823117,3.1146124133062125,,,,2.0,0.0,93.4925167608328,0.5848916454064402,8.737443292122043,0.047107511997905,6.64943569176518e-05,48.0,21
5,49.0,3.0821760360310595,3.1332836447563555,,,,2.0,0.0,101.8629882700133,0.5683430273705669,9.88339269378246,0.2589407424325503,6.752900897778025e-05,47.0,21
5,50.0,3.1487536290191285,3.1199769042425323,,,,2.0,0.0,109.5767682325623,0.4740008680147546,5.596953511457226,0.0640506315245912,0.0002212764214636,46.0,21
5,51.0,3.254511103067797,3.341881207562806,,,,2.0,1.0,24.94133863691749,0.523591905432142,5.164367185311575,0.1762741649422462,0.0006477590158478,45.0,21
5,52.0,3.978565207682288,3.8970343280871353,,,,2.0,0.0,107.61920070964058,0.3893314360135262,18.24536552809338,0.3583450562060231,0.0095758986568628,44.0,21
5,53.0,3.9899339783755017,3.906536787509661,,,,2.0,1.0,25.775341618142114,0.622680717976147,6.975277232177389,0.2568264166030956,0.0097996928154234,43.0,21
5,54.0,4.043528273024155,3.918614793384237,,,,2.0,1.0,34.70679375923247,0.4266399821319343,12.047054483792415,0.258844477784679,0.0108895125660077,42.0,21
5,55.0,4.050670723180592,4.146155790170114,,,,2.0,1.0,38.0288662033837,0.7300015390339056,8.705227746045288,0.3194952513037973,0.0110390896854882,41.0,21
5,56.0,4.2808264470765485,4.254760072759416,,,,2.0,1.0,27.8701854172229,0.4873086269252053,11.788128713040056,0.3522933753132781,0.0164051638753073,40.0,21
5,57.0,4.289293455669741,4.499417586907065,,,,2.0,0.0,105.51499272269858,0.5197837772279083,10.64260582072461,0.7704075105361857,0.0166227761483282,39.0,21
5,58.0,4.3683233058090245,4.424752163992163,,,,2.0,1.0,35.382420832627226,0.5837900426493858,14.99310561842494,0.6165177715100383,0.0187230866922013,38.0,21
5,59.0,4.454906501317188,4.995092923290325,,,,2.0,0.0,80.35510397362525,0.4980588590047643,12.726575550910932,0.4835062070828149,0.0211675292757502,37.0,21
5,60.0,4.4701844643601225,4.410658420842726,,,,2.0,1.0,15.209757757244612,0.5260142756097471,7.220657632289247,0.7120331876202338,0.0216144235924586,36.0,21
5,61.0,4.472483139651366,4.444380517019471,,,,2.0,1.0,29.15134882199264,0.579542063775998,14.673424943526207,0.4994014813285858,0.0216820659655754,35.0,21
5,62.0,4.517477521538246,4.3255826867873175,,,,2.0,1.0,19.391647004691528,0.5298796912121886,16.68769013662973,0.4341757826034181,0.0230273802837385,34.0,21
5,63.0,4.5539517109030445,4.514015421074734,,,,2.0,1.0,34.668791104734744,0.6775925994555755,9.432278841601798,0.6286382445992804,0.024147659198185,33.0,21
5,64.0,4.562172160292326,4.585963150894212,,,,2.0,0.0,110.81635288826324,0.5623781558944111,15.956067786360125,0.2770976582189364,0.0244038185839239,32.0,21
5,65.0,4.566751493887255,4.4351382191240045,,,,2.0,0.0,102.19931955531732,0.5060458988255937,13.276654320973336,0.5587748803186933,0.0245471024359794,31.0,21
5,66.0,4.566762154360839,4.36064825889109,,,,2.0,0.0,102.7277461713294,0.5521607551644757,11.478462691110773,0.584354414758739,0.0245474364833741,30.0,21
5,67.0,4.568228285950255,4.661565995181253,,,,2.0,1.0,25.80185401491892,0.5906294319179616,14.400662757898118,0.4852667957876093,0.0245933995685447,29.0,21
5,68.0,4.863399565122192,4.885130081153638,,,,2.0,1.0,23.36806553177008,0.5435880098952701,14.455822941826888,0.701167287544665,0.0347225793929757,28.0,21
5,69.0,4.876451114841261,4.919054615087859,,,,2.0,0.0,112.42587780651915,0.5167343847628567,17.80976453646194,0.8057284967532562,0.0352106878638901,27.0,21
5,70.0,4.978036869231549,4.989762176108561,,,,2.0,0.0,110.39427981704466,0.4459774267939005,9.90105875949438,0.561648378692487,0.0391262985603934,26.0,21
5,71.0,5.020323707794716,5.013663427138166,,,,2.0,0.0,99.92125865420768,0.7384524279655219,10.880219128850204,0.4907775473271342,0.0408170788427739,25.0,21
5,72.0,5.155865009709917,5.237528145808214,,,,2.0,0.0,100.68622036509905,0.6757974293916847,16.8096165675021,0.9895327626538246,0.0464775394009154,24.0,21
5,73.0,5.58754681618739,5.564556269256989,,,,2.0,0.0,102.21496769312266,0.4150168702565783,15.136189950059896,0.7066007679000373,0.0669539852596149,23.0,21
5,74.0,5.597483041593856,5.405499375507933,,,,2.0,0.0,99.66858239709278,0.5653139113440864,16.226959314182167,0.7256160398436167,0.0674691815136767,22.0,21
5,75.0,5.646763560759266,5.664256315517669,,,,2.0,1.0,36.861331797431696,0.4262345791202487,16.23515042478148,0.8623558575361965,0.0700535734656306,21.0,21
5,76.0,5.696408704904087,5.56810176133267,,,,2.0,0.0,96.84178025656432,0.571936325858345,19.131998291536483,0.7321004492202937,0.0727061990388253,20.0,21
5,77.0,5.704991006060422,5.438163424582126,,,,2.0,0.0,94.30660270515534,0.6823199474072643,19.239227260508923,0.8522694875921325,0.0731697634286777,19.0,21
5,78.0,5.805662446272147,5.795386800553425,,,,2.0,1.0,40.60588192998255,0.4801741431891733,11.829781545981378,1.051151027411596,0.0787174176242181,18.0,21
5,79.0,5.981273327922635,5.984287209351378,,,,2.0,1.0,36.95872053646792,0.4069319340399259,15.69916840461845,0.7273057461412431,0.088879906557829,17.0,21
5,80.0,6.030288250712859,5.990738970779813,,,,2.0,0.0,111.60728699963173,0.4235741310636667,17.9474602774617,0.8717191542948798,0.0918264688240839,16.0,21
5,81.0,6.174289198009211,5.979414755517902,,,,2.0,1.0,33.40898942450295,0.5462414603203952,15.430285902737326,1.0981404847880387,0.1007611191259795,15.0,21
5,82.0,6.196695949458929,5.984789973226501,,,,2.0,1.0,35.63736322117403,0.5914411233572408,15.848891411642176,0.8912724094893721,0.1021886499328712,14.0,21
5,83.0,6.216191530497735,5.952226004083824,,,,2.0,1.0,30.158113210525915,0.5653450806484525,19.998026762732945,1.0697877388113046,0.1034388796084536,13.0,21
5,84.0,6.335256317321722,6.308478165320457,,,,2.0,1.0,29.54280474409032,0.5368950825789053,23.03651410492977,0.9911044902653664,0.1112393470223445,12.0,21
5,85.0,6.4026156297492935,6.428920199387131,,,,2.0,0.0,91.37259485102707,0.5488756589025171,21.340251340644404,0.9089356925782304,0.1157779312381418,11.0,21
5,86.0,6.929034784429838,6.911498470323595,,,,2.0,1.0,27.31563829252397,0.5455574192761214,23.396810102681005,1.4346055906335908,0.1543731433725962,10.0,21
5,87.0,7.054178260570999,6.976455566100738,,,,2.0,1.0,37.37740066685862,0.6502686572750553,27.607026243610093,1.2289783280217088,0.1643636136848649,9.0,21
5,88.0,7.600315257793607,7.733610900656856,,,,2.0,1.0,37.89055074420964,0.4652526066155759,23.548891601052404,1.401322696558196,0.2116290047108866,8.0,21
5,89.0,7.618031677193601,7.710461176695768,,,,2.0,0.0,101.70570595163764,0.5794731426809234,27.97182962394533,1.6253928288558634,0.2132621657156354,7.0,21
5,90.0,7.820426159984612,7.852216002348734,,,,2.0,1.0,26.950174687748635,0.4176236989424081,30.399479400202296,1.4449013749537547,0.2323650836386399,6.0,21
5,91.0,7.875003852312459,7.803993252955845,,,,2.0,1.0,26.811648050090525,0.526429858368411,32.25653935863223,1.527050710050862,0.2376566256006131,5.0,21
5,92.0,8.020119351879734,7.916410515244306,,,,2.0,0.0,93.51008924645838,0.4378564206318964,28.16646756904453,1.8395672030288004,0.2520159830711739,4.0,21
5,93.0,8.607688559420653,8.725324926649735,,,,2.0,1.0,26.592379593363216,0.5718149165707008,35.401269614873875,1.9706290236325832,0.3144617097945729,3.0,21
5,94.0,9.195679728617256,9.20468320425114,,,,2.0,1.0,28.84694904606537,0.5373147822500599,33.74329610630931,2.1525540517732877,0.3838644729959879,2.0,21
5,95.0,9.65986797551167,9.581941216660356,,,,2.0,1.0,32.04932284127583,0.6443347133166306,37.89257060283215,2.475426963620319,0.4435384145124592,1.0,21
5,96.0,10.11884545110457,10.374797199780865,catastrophic_failure_replacement,1058.7172266518062,,2.0,1.0,31.8784023289353,0.4920507063330336,2.223109812034464,0.0,0.0,0.0,21
5,96.0,0.0,0.0,catastrophic_failure_replacement,1058.7172266518062,,2.0,1.0,31.8784023289353,0.4920507063330336,2.223109812034464,0.0,0.0,91.0,22
5,97.0,0.0067039042829462,0.16536534460277,,,,2.0,1.0,33.13342125025768,0.4205210221001474,0.0,0.0,0.0,90.0,22
5,98.0,0.0076658817802418,0.0,,,,2.0,1.0,27.463376815160046,0.3219124883206382,0.0,0.0,0.0,89.0,22
5,99.0,0.007704839211608,0.0,,,,2.0,0.0,115.39143469382869,0.8369309347101954,0.0,0.0,0.0,88.0,22
5,100.0,0.0357693426366939,0.0,,,,2.0,1.0,31.173341787848223,0.5905600929068762,0.0,0.0204501901350505,0.0,87.0,22
5,101.0,0.6727023560979695,0.838744975453154,,,,2.0,1.0,25.051583344031712,0.3889694854410253,1.923491414477944,0.2724767788642628,0.0,86.0,22
5,102.0,0.6727029155975667,0.57651686788132,,,,2.0,0.0,100.56247014896994,0.4390047433214084,1.7930489224033503,0.0,0.0,85.0,22
5,103.0,0.7271994980433112,0.6967558027190055,,,,2.0,1.0,29.84852849311285,0.4775688514208976,1.7608846698735767,0.0919839242092942,0.0,84.0,22
5,104.0,1.0438451165811378,1.096384775025482,,,,2.0,0.0,103.29937738219678,0.5464194650592894,1.981876579904423,0.0363397719523122,0.0,83.0,22
5,105.0,1.0660410103046054,1.0388546750990837,,,,2.0,0.0,93.45840433953757,0.5486785316431055,6.139743329939257,0.1585730682494579,0.0,82.0,22
5,106.0,1.0660588000111992,0.9228363832184217,,,,2.0,1.0,28.583708465755134,0.5006347772660799,0.0,0.3853482131076717,0.0,81.0,22
5,107.0,1.2147339326780917,0.874965028027973,,,,2.0,1.0,40.61472717835688,0.4231345286880946,2.0812307017642127,0.1129116187356634,0.0,80.0,22
5,108.0,1.2809435390373811,1.3938188529620148,,,,2.0,1.0,29.05602290426428,0.5063951639344038,2.011760677665889,0.0737020017442829,0.0,79.0,22
5,109.0,1.3281260648781743,1.3004445871318575,,,,2.0,0.0,105.41686040682326,0.574393066950972,2.428977955563397,0.0,0.0,78.0,22
5,110.0,1.356146233615516,1.0523153698887302,,,,2.0,1.0,29.25476615860686,0.4715449026078747,1.4147655607500518,0.062235168589554,0.0,77.0,22
5,111.0,1.3572787688005097,1.3535723420847816,,,,2.0,0.0,101.65431661950568,0.6305781668997484,1.7475090128248472,0.0694234333547509,0.0,76.0,22
5,112.0,1.3585952279374285,1.315546539957528,,,,2.0,0.0,98.36514141861686,0.4229198451808509,4.551930931821761,0.0,0.0,75.0,22
5,113.0,1.59577285111841,1.575245848387925,,,,2.0,1.0,26.664251630784808,0.634935274310995,4.173937872893515,0.1755526722553825,0.0,74.0,22
5,114.0,1.5962253462781422,1.5082087322647617,,,,2.0,1.0,31.351341288681468,0.4531623512710915,0.0,0.0,0.0,73.0,22
5,115.0,1.869342121447704,1.812383252246549,,,,2.0,1.0,26.747453611497484,0.5185299567241952,1.49520018460584,0.1804781900560509,0.0,72.0,22
5,116.0,1.8701354353860704,1.5917539613807423,,,,2.0,0.0,99.1598599243848,0.5836891708986575,5.90737798113782,0.0,0.0,71.0,22
5,117.0,1.8807980271975009,1.4393171067543171,,,,2.0,1.0,28.12499187674254,0.3433192798656831,5.603994938067567,0.0,0.0,70.0,22
5,118.0,1.8822225668702015,1.996148454367028,,,,2.0,1.0,35.54736043439872,0.6214705074406408,0.0,0.3816473672985918,0.0,69.0,22
5,119.0,1.9126650512518732,2.120028543177325,,,,2.0,1.0,27.92607583902565,0.2902961012059433,5.303483195055888,0.0,0.0,68.0,22
5,120.0,1.9150577558869488,1.884477966322485,,,,2.0,0.0,112.82413119382588,0.4673931824599693,5.0046276561385135,0.0,0.0,67.0,22
5,121.0,2.027230159386445,1.9645979811879255,,,,2.0,0.0,98.7460282329524,0.4730070975641532,1.5386419911396407,0.1489688247261385,0.0,66.0,22
5,122.0,2.1094884231361646,2.2784913203436243,,,,2.0,0.0,101.63766705906728,0.5768353565907871,9.448240832148151,0.252840361841363,0.0,65.0,22
5,123.0,2.1117009200719994,2.155093924366455,,,,2.0,0.0,95.66641936166111,0.544065946719689,0.0,0.086135256638479,0.0,64.0,22
5,124.0,2.1727940385619187,2.0335371162805864,,,,2.0,0.0,88.91679710156086,0.4791913440169055,6.083173670463513,0.0902770727633196,0.0,63.0,22
5,125.0,2.532158322199132,2.622009079488066,,,,2.0,1.0,24.43750324261529,0.590111108622193,0.765569652840286,0.0,0.0,62.0,22
5,126.0,2.56176500625828,2.510177906519369,,,,2.0,1.0,32.095229882971736,0.6536526375468444,2.5192584849811754,0.3033240902369094,0.0,61.0,22
5,127.0,2.867401590425942,2.746616715909085,,,,2.0,0.0,98.92066467996916,0.5435005037820517,4.210309220114288,0.2034761372922438,0.0,60.0,22
5,128.0,2.867750315265896,2.6345402327917284,,,,2.0,1.0,25.211239946111096,0.4623003613931586,4.997737936773551,0.2585776071307303,0.0,59.0,22
5,129.0,3.0024972118209683,2.936910191407293,,,,2.0,0.0,98.15707527408183,0.6349188250205342,5.777450901829393,0.1531087666869349,6.236066878783221e-08,58.0,22
5,130.0,3.0066728337498168,3.0939838300797904,,,,2.0,1.0,24.030716121592867,0.6753845485130886,8.311978859748603,0.0141327280129085,4.452671025269352e-07,57.0,22
5,131.0,3.0093209023591534,3.0534786739550137,,,,2.0,0.0,115.47695853031694,0.561688398304099,6.708610723888631,0.3256145419046625,8.68792207888713e-07,56.0,22
5,132.0,3.00933985087944,3.169950699891879,,,,2.0,1.0,20.50260364317115,0.5853441714264869,6.607746114995566,0.1524637628445058,8.723281445017829e-07,55.0,22
5,133.0,3.012186354344997,2.891864103824247,,,,2.0,0.0,98.49659668323012,0.3470878093645283,4.993846944646366,0.1664897221726568,1.4850723222183638e-06,54.0,22
5,134.0,3.452695227400353,3.709443013146136,,,,2.0,1.0,27.30223866815182,0.6592830699065099,5.89589782458331,0.2073564483447457,0.0020493296891105,53.0,22
5,135.0,3.481766430658792,3.478779237041777,,,,2.0,0.0,102.67373002633482,0.4819391255300734,9.186429871558207,0.2041556810344247,0.0023209889370971,52.0,22
5,136.0,3.4957742842484527,3.742967762229005,,,,2.0,1.0,32.41178992640758,0.618406122712531,7.054637861394909,0.2566839399809553,0.0024579214092206,51.0,22
5,137.0,3.525070218099295,3.610382204496661,,,,2.0,0.0,106.18938436520114,0.64399069128741,8.641718873884676,0.32401772107988,0.0027569873393484,50.0,22
5,138.0,3.558746623664776,3.683472452541817,,,,2.0,1.0,25.012739880598307,0.4477356486142754,10.086464935522876,0.4127333276848146,0.0031219778945678,49.0,22
5,139.0,3.607746831385218,3.512913351926567,,,,2.0,1.0,29.21275886102223,0.4715034457824014,4.694932044181211,0.4244495588996498,0.0036935621105877,48.0,22
5,140.0,3.607757806033108,3.6784530176845993,,,,2.0,1.0,28.2298731414548,0.4808585479467107,13.610249132903355,0.2358467826467874,0.0036936955079417,47.0,22
5,141.0,3.643041498165612,3.8086657662551433,,,,2.0,1.0,37.93615676293511,0.40673901661978,4.90210765114529,0.5967151100953645,0.0041350236836307,46.0,22
5,142.0,3.6777623552746577,3.731803769135394,,,,2.0,1.0,33.32829860723605,0.6674704651544077,9.452108045436267,0.1592032161478394,0.0045936181022745,45.0,22
5,143.0,3.7999709915781312,3.445880668056964,,,,2.0,0.0,84.88228339517985,0.5372913830294929,11.829960910782082,0.1650695557087323,0.0063995358736649,44.0,22
5,144.0,3.827463987189113,3.894335918650573,,,,2.0,1.0,34.436176113596446,0.6296839314504035,7.485571993570462,0.4244603273933398,0.006846966500949,43.0,22
5,145.0,3.833756093144054,3.875149327434445,,,,2.0,1.0,28.86388824254212,0.6857346675888228,4.712496493259219,0.4220096872248472,0.0069514922285483,42.0,22
5,146.0,4.153761720110845,4.242983369448641,,,,2.0,1.0,29.60069744427331,0.5914944609302977,14.622654872907244,0.4470534321806131,0.0133116610679313,41.0,22
5,147.0,4.293531500537015,4.53623089435543,,,,2.0,1.0,34.482798487070085,0.6988602797454876,11.233409055791924,0.5685328112996468,0.0167322374288154,40.0,22
5,148.0,4.391378133987351,4.332735538762239,,,,2.0,1.0,36.8301861125972,0.4951434702287606,14.805382719162974,0.5369677328044118,0.0193593311173812,39.0,22
5,149.0,4.414378347350084,4.302919086000592,,,,2.0,0.0,101.3909165377911,0.4639674385159411,13.675621223302048,0.5500543789729448,0.0200046610945275,38.0,22
5,150.0,4.415896998926823,4.662539995777309,,,,2.0,1.0,25.62701890091839,0.5336502280274471,10.303082565037936,0.3798186144342863,0.0200476431156998,37.0,22
5,151.0,4.42658573037391,4.519590698162526,,,,2.0,0.0,112.12867159354688,0.5422287934436623,14.226170537620474,0.5755212186007626,0.0203514684610646,36.0,22
5,152.0,4.519433154595845,4.400695265522061,,,,2.0,0.0,95.27541525531277,0.5896581572268342,14.313415605339957,0.597802142075035,0.0230867711128508,35.0,22
5,153.0,4.885366034845104,4.687508343031956,,,,2.0,1.0,35.73210268860867,0.6056546281207255,14.944731887304211,0.5529182457825674,0.0355460508534755,34.0,22
5,154.0,4.929462125081706,4.757325709829172,,,,2.0,1.0,21.570196106387897,0.6022248513357529,16.611703134058022,0.6200327729997608,0.0372282409212481,33.0,22
5,155.0,4.952911320113603,4.7140544175873575,,,,2.0,0.0,100.750592481372,0.2303140941161518,10.813173290239003,0.7611208633557088,0.0381386262422785,32.0,22
5,156.0,5.0902991460120095,5.421971006703148,,,,2.0,0.0,96.15999927590404,0.6268292265414275,15.412951903618774,0.7614735894423097,0.0436935051981853,31.0,22
5,157.0,5.193718980360361,5.138192144005002,,,,2.0,1.0,37.39091480108953,0.4917629070822293,12.349909917775252,1.0833334791046592,0.048124029647933,30.0,22
5,158.0,5.318913220970656,5.2127304586135255,,,,2.0,1.0,36.36411951346122,0.583672032063242,13.299893886240826,0.7353215875813351,0.053773585263925,29.0,22
5,159.0,5.342042009564514,5.00849357765611,,,,2.0,1.0,32.16504194693955,0.5951244385200419,13.623318211155173,0.7044695121492968,0.0548516077456498,28.0,22
5,160.0,5.391198528565119,5.238022365310497,,,,2.0,0.0,99.0291204428728,0.5785707979428084,16.554444532638797,0.842302949257982,0.0571783040301198,27.0,22
5,161.0,5.733143594041975,5.612608151731664,,,,2.0,1.0,29.770877426548328,0.4493907775872094,21.12621555709116,0.9170247709806332,0.0747007390565268,26.0,22
5,162.0,5.747088267256693,6.131656046556306,,,,2.0,0.0,94.3387877723702,0.6570780071009303,18.517284741637027,0.7276537134557749,0.0754649394809937,25.0,22
5,163.0,5.790836490722995,6.082201718600527,,,,2.0,1.0,27.511874792509463,0.5968082098220621,21.547994990903756,0.6739486486278928,0.0778876831795104,24.0,22
5,164.0,5.795422590090541,5.787522775684545,,,,2.0,1.0,28.462028182932578,0.5861316747025107,20.589599751274207,1.0851906066413868,0.0781438745718851,23.0,22
5,165.0,6.000831712890764,6.081565885511417,,,,2.0,0.0,93.12999644835384,0.5268408844271084,20.54268811161624,0.6117982423402757,0.0900499096909091,22.0,22
5,166.0,6.027185677119941,6.247989453818929,,,,2.0,0.0,95.23966537255744,0.6536296318971435,17.921108282961807,0.6785100593515405,0.0916385312376011,21.0,22
5,167.0,6.080804077675863,5.90298811374979,,,,2.0,1.0,30.10465601525494,0.5876494772900114,17.047749981997683,0.8300335125339539,0.0949135376502422,20.0,22
5,168.0,6.134898469698858,5.970209735847545,,,,2.0,1.0,25.02976846015189,0.4317684967088149,20.66779801109204,0.9305056020971731,0.0982758841532024,19.0,22
5,169.0,6.424175526212123,6.505651890626695,,,,2.0,1.0,36.97154433664134,0.5577585133612515,20.178567770196505,1.019614695887288,0.1172497803431006,18.0,22
5,170.0,6.639230212578171,6.646083791865252,,,,2.0,0.0,93.21297075215368,0.6675838468379173,16.007531645392405,1.0974283394172248,0.1324399654014176,17.0,22
5,171.0,6.898955085324102,7.03042295465031,,,,2.0,1.0,37.63962692475669,0.5587109187992606,16.67906533585303,1.3315036188301923,0.1520185075737467,16.0,22
5,172.0,6.906424431904382,6.929806553440347,,,,2.0,1.0,35.75126554142041,0.6791396956292501,21.66646203694512,1.220914658010996,0.1526015184217947,15.0,22
5,173.0,7.443465399937547,7.645903678412737,,,,2.0,0.0,104.34578611955097,0.4943352587083435,30.52254521390009,1.675825296021182,0.1974438476044214,14.0,22
5,174.0,7.620707815823606,7.821411354362742,,,,2.0,0.0,90.18519745728452,0.4932156007844309,29.48563371026186,1.174340117055905,0.2135094071921336,13.0,22
5,175.0,8.087241357060178,8.190357017268674,,,,2.0,1.0,29.39102829124724,0.6072211157321106,31.51294317192562,1.4941854544351678,0.2588002462498347,12.0,22
5,176.0,8.127888020769568,8.15786202228354,,,,2.0,0.0,94.7085348287141,0.5607318820697191,26.65442870145236,1.532602968148836,0.2629523555355204,11.0,22
5,177.0,8.155817410840168,8.340197966708434,,,,2.0,1.0,33.11506740106411,0.618475681990326,30.463987490943232,1.6488893653449663,0.2658245317392262,10.0,22
5,178.0,8.16612877178695,8.072923132944036,,,,2.0,0.0,95.47437971221078,0.6567310026738435,32.20055982016975,1.4622854533985865,0.2668888648668492,9.0,22
5,179.0,8.486269678931652,8.294464565381379,,,,2.0,1.0,33.172572397662705,0.5631042603481465,30.08865202759694,2.004959149196474,0.3009915498996481,8.0,22
5,180.0,8.768942246554191,8.38052940373726,,,,2.0,0.0,102.54422919520394,0.5908267591647145,31.065341065321824,2.0499750501085936,0.3328069464407772,7.0,22
5,181.0,8.769013263868848,8.590315737005943,,,,2.0,1.0,29.969825768000515,0.5500410634026177,31.54732088001868,2.0784820330603067,0.3328151403869469,6.0,22
5,182.0,8.792008442445916,9.1831445846705,,,,2.0,1.0,30.91328663308796,0.4742575421099124,31.99179215155347,1.9370785839704887,0.3354736179736475,5.0,22
5,183.0,9.071439768670242,9.23257329236405,,,,2.0,0.0,108.24203288242502,0.4018365061519,38.361350587695824,2.07994973960155,0.3686238086459055,4.0,22
5,184.0,9.20262049956001,9.295521505833548,,,,2.0,1.0,26.7058886868295,0.4926669681902619,38.58398644675477,2.1539838123770463,0.3847250106156206,3.0,22
5,185.0,9.767876285651598,9.848842353408685,,,,2.0,1.0,31.458359269962425,0.6503891655067482,38.96990494101995,2.5134011516679307,0.4580414941788526,2.0,22
5,186.0,9.842094688398532,9.952514632121012,,,,2.0,0.0,96.00951046521048,0.5390742232761662,38.407009560922056,2.603574034207417,0.4681425972501141,1.0,22
5,187.0,10.005204242562744,9.925032782437723,catastrophic_failure_replacement,211.59910275549828,,2.0,0.0,89.52981567963047,0.6340264470324029,0.0,0.0,0.0,0.0,22
5,187.0,0.0,0.0,catastrophic_failure_replacement,211.59910275549828,,2.0,0.0,89.52981567963047,0.6340264470324029,0.0,0.0,0.0,70.0,23
5,188.0,0.0007070364288996,0.3120393676440711,,,,2.0,0.0,95.30169953570302,0.7041246457566441,0.0,0.0,0.0,69.0,23
5,189.0,0.0084477329227978,0.0371411619684306,,,,2.0,1.0,26.138043614311428,0.5802089158213269,0.0,0.125465420966096,0.0,68.0,23
5,190.0,0.0086423530227883,0.1434103457612046,,,,2.0,1.0,25.4527263071121,0.8264440429905981,0.0,0.0,0.0,67.0,23
5,191.0,0.0097100719795883,0.1355514401635396,,,,2.0,0.0,103.00436722491057,0.7957024130656554,1.833147900766656,0.0,0.0,66.0,23
5,192.0,0.2564277324792068,0.0487299393435772,,,,2.0,0.0,102.47606847617112,0.6424299414348249,3.5924446078083863,0.0,0.0,65.0,23
5,193.0,0.3374838665334984,0.4252181174509489,,,,2.0,1.0,30.072161811673848,0.6100479946878059,0.6579216452028519,0.0117482058650671,0.0,64.0,23
5,194.0,0.3683995646401772,0.376604672420226,,,,2.0,1.0,28.180850435515293,0.4895147969127063,0.0,0.0,0.0,63.0,23
5,195.0,0.4716141076611418,0.3912515918514574,,,,2.0,1.0,33.55062117646894,0.666380847221259,0.0,0.105435713856373,0.0,62.0,23
5,196.0,0.5171582127037085,0.3061336417309257,,,,2.0,0.0,106.43661710826268,0.4664669710396466,4.518430058230838,0.0958668967325414,0.0,61.0,23
5,197.0,0.5665615349169938,0.6301282467953354,,,,2.0,1.0,29.576996654484883,0.5569627464147171,0.0,0.0,0.0,60.0,23
5,198.0,0.5665983453890661,0.4037290630244002,,,,2.0,1.0,33.5366539981932,0.4115500903161793,1.3347340503485672,0.0,0.0,59.0,23
5,199.0,0.5665993136362778,0.6329463814370337,,,,2.0,1.0,29.19137050620547,0.5191135764263501,0.0,0.0854217672060766,0.0,58.0,23
5,200.0,0.5727896174240517,0.4712311576330168,,,,2.0,1.0,30.565456675989147,0.5441749988723364,0.8386209045845505,0.0,0.0,57.0,23
5,201.0,0.6179015764909914,0.6855331690858225,,,,2.0,0.0,87.29292693904962,0.5245501412980175,2.0517251153820077,0.0617025122911841,0.0,56.0,23
5,202.0,0.6962671564921215,0.505481270289367,,,,2.0,1.0,33.97027745838315,0.55490533295388,0.0,0.0,0.0,55.0,23
5,203.0,0.709375854853321,0.5200355179482438,,,,2.0,1.0,28.386530495924564,0.7137011138762059,0.0,0.0,0.0,54.0,23
5,204.0,1.119818232499162,0.9898629277752856,,,,2.0,0.0,100.82293222564158,0.5234819950415934,4.7106090666353815,0.0,0.0,53.0,23
5,205.0,1.172003929600543,1.1622779832522878,,,,2.0,1.0,34.73677458995331,0.6317879030563518,4.626431301972984,0.0,0.0,52.0,23
5,206.0,1.172248322155402,1.085374566588339,,,,2.0,1.0,20.084896185459883,0.4874477320506752,8.6239237985076,0.1905669610566683,0.0,51.0,23
5,207.0,1.3057067629739465,1.3739209272493835,,,,2.0,1.0,29.70653575653186,0.5475662534436767,0.0,0.1561816969988357,0.0,50.0,23
5,208.0,1.4967538004173313,1.4355671532530947,,,,2.0,1.0,26.33765981489205,0.602140577189422,4.118674727202441,0.0,0.0,49.0,23
5,209.0,1.5416857859754487,1.3457381036168343,,,,2.0,0.0,112.7596861576144,0.5845294793542753,6.430102749060442,0.0401358518329029,0.0,48.0,23
5,210.0,1.567889855780253,1.6719342617035804,,,,2.0,1.0,22.788124422345117,0.7941441022526516,4.594313260469303,0.1952608477661898,0.0,47.0,23
5,211.0,1.7225955698956592,1.6650829256931206,,,,2.0,1.0,36.041728815865845,0.4423668755632165,5.154969167904496,0.0,0.0,46.0,23
5,212.0,2.075869025764805,2.0335008426608323,,,,2.0,1.0,26.40327912511004,0.4420101644041489,7.808739104714088,0.1129583895743388,0.0,45.0,23
5,213.0,2.2398508352592668,2.427610903009286,,,,2.0,1.0,36.51080751282937,0.6755843215893677,2.033745145072106,0.2660447595629187,0.0,44.0,23
5,214.0,2.310667488647134,2.316971425623922,,,,2.0,1.0,43.16700818942404,0.6646146611829699,5.146653795713836,0.0857561106656711,0.0,43.0,23
5,215.0,2.317266809210736,2.5814158461388605,,,,2.0,1.0,22.26924739399001,0.5970019113030698,4.101647573764581,0.2841724148354605,0.0,42.0,23
5,216.0,2.367172593975417,2.3010813955844918,,,,2.0,1.0,26.754103847806007,0.6082411802933202,0.7334218532771515,0.4080704161804218,0.0,41.0,23
5,217.0,2.3673178855966874,2.5392510078605928,,,,2.0,0.0,103.90043298924026,0.4576688550870716,4.543341650141328,0.210169896367349,0.0,40.0,23
5,218.0,2.3778857088312844,2.249316689675504,,,,2.0,1.0,21.466879096427476,0.4676802763439497,0.0,0.2955605820081086,0.0,39.0,23
5,219.0,2.3805307575793284,2.30828974812881,,,,2.0,1.0,32.253090080729194,0.7550722035350007,4.556235293221652,0.0,0.0,38.0,23
5,220.0,3.152180611902539,2.926127857240017,,,,2.0,1.0,26.037539979513028,0.4640332525760282,8.476480683659743,0.4073954312750997,0.0002315893863903,37.0,23
5,221.0,3.448407943650829,3.49378832476213,,,,2.0,1.0,35.408682358202284,0.6016130646690587,8.167223313363916,0.6106855326513445,0.0020106968392916,36.0,23
5,222.0,3.8594754763494654,3.88921610267988,,,,2.0,1.0,34.440542649887824,0.556200579288984,11.668872444378632,0.2717235801446673,0.0073869809444614,35.0,23
5,223.0,3.903828523881087,3.77471733145308,,,,2.0,0.0,97.21725849783924,0.5042919107370452,9.586114204839063,0.3108036872513395,0.0081690600058106,34.0,23
5,224.0,4.052612960318148,4.064177285410171,,,,2.0,1.0,27.832205271879733,0.5143603668997682,12.179297025919835,0.2462808514623587,0.0110799404422973,33.0,23
5,225.0,4.221065775211623,4.089928379523773,,,,2.0,0.0,94.87717997934354,0.607693039889172,8.048809073546924,0.4673886311732591,0.0149100162739316,32.0,23
5,226.0,4.451763333578894,4.623409474517725,,,,2.0,1.0,25.85476257709767,0.5796802064050812,11.740000703073123,0.1862206014107261,0.021076167767241,31.0,23
5,227.0,4.458817619138728,4.664105799273093,,,,2.0,1.0,45.11313537807095,0.4685797893330951,10.107410241401055,0.4406973287202066,0.0212814884590958,30.0,23
5,228.0,4.465560094349892,4.635888833959195,,,,2.0,1.0,29.50638458777338,0.8110403635445056,11.24279144144332,0.7735203640764452,0.0214786639015086,29.0,23
5,229.0,4.478163563151519,4.598670804592398,,,,2.0,1.0,25.771316829006544,0.6048527627334219,14.8920791755259,0.1954800317169205,0.0218496751942879,28.0,23
5,230.0,4.724622442941829,4.676297931191988,,,,2.0,1.0,27.888603583689708,0.6203713902833256,16.496277606059813,0.4134149186277874,0.0297432257069864,27.0,23
5,231.0,4.737707044044194,4.442322908241984,,,,2.0,1.0,31.453091595638536,0.5196668173162268,11.74996548377982,0.5702320222376963,0.0301962577092081,26.0,23
5,232.0,4.811372098076975,4.812275538499035,,,,2.0,1.0,23.512907040854877,0.577781431148789,13.723510767148763,0.4412881174880722,0.0328106887769178,25.0,23
5,233.0,4.825823464393004,4.774113368647751,,,,2.0,0.0,97.349705520536,0.530490057439385,13.012455753214606,0.7447959658425586,0.0333363132312807,24.0,23
5,234.0,4.958111836484465,5.045228717484124,,,,2.0,1.0,31.418404031569995,0.573366823386742,14.614989084773216,0.3566806869279907,0.0383420196418056,23.0,23
5,235.0,5.268188005511028,5.238377874065183,,,,2.0,1.0,38.313805547549954,0.6627826294333606,13.638654087687348,0.722842380066244,0.0514467682834409,22.0,23
5,236.0,5.480448213933498,5.133884310890724,,,,2.0,0.0,96.05363308305402,0.4841496061387211,14.783917667617636,0.7818187013511516,0.0615262334200587,21.0,23
5,237.0,5.99994467403609,5.500491827600164,,,,2.0,1.0,35.445084683859044,0.5741437309692232,23.11087771043444,0.834892695388322,0.089996680472775,20.0,23
5,238.0,6.0622669676208245,6.182085165394928,,,,2.0,1.0,30.91092877006042,0.4124740537130448,18.213048431683603,0.7236341297138429,0.0937747898098163,19.0,23
5,239.0,6.114483854506559,6.201283175209465,,,,2.0,1.0,20.00106898513533,0.5605810599063663,18.020354490764287,0.7343933515488019,0.0970000967998202,18.0,23
5,240.0,6.427068250973899,6.460822650261649,,,,2.0,1.0,31.90557167464037,0.5565497926487624,18.023145127466304,1.0862762699387276,0.1174479679683329,17.0,23
5,241.0,6.458968956704468,6.52775525604814,,,,2.0,0.0,104.06644658312052,0.5187581758240902,21.112305978658217,1.1195791894421447,0.1196446624344519,16.0,23
5,242.0,6.542476311606082,6.600303412770854,,,,2.0,1.0,29.170472237519604,0.5140983648927369,20.78762536629081,0.688313663805947,0.1254913841829023,15.0,23
5,243.0,6.640894494026583,6.886614861515487,,,,2.0,1.0,23.183447008305627,0.369410880951247,19.899308914734867,0.8371814226702549,0.1325611271663308,14.0,23
5,244.0,6.64119880809982,6.712839021409934,,,,2.0,1.0,32.640443624639886,0.6164159206721901,20.56736054719221,1.185250137705476,0.1325832876010755,13.0,23
5,245.0,6.644589239926659,6.332428226917173,,,,2.0,1.0,30.74265954675231,0.4629105747513707,22.489706020618257,1.0592013976192851,0.1328303072778918,12.0,23
5,246.0,6.759616012814134,6.909262064337883,,,,2.0,1.0,28.612684717458528,0.633608124511398,23.765193855926327,1.2002011087845257,0.1413471256380844,11.0,23
5,247.0,6.8526438484837655,6.846090824878536,,,,2.0,1.0,29.518656763660896,0.5762233276895616,27.058950721262995,1.1163030208651066,0.148428646232598,10.0,23
5,248.0,7.450976416572953,7.422472588280494,,,,2.0,0.0,100.58876762266117,0.523895033614731,27.369952623320223,1.4644908036887492,0.198111910608886,9.0,23
5,249.0,8.189809468374182,8.075790583877104,,,,2.0,1.0,33.89632745858024,0.5064883699809996,25.101809297881747,1.6056186197354494,0.2693412231802631,8.0,23
5,250.0,8.326124918878724,8.486218615864612,,,,2.0,0.0,93.54780240056706,0.6112845753141196,30.437143286979733,1.8903118638855132,0.2836760665150091,7.0,23
5,251.0,8.414455247834704,8.417899501533737,,,,2.0,0.0,102.09455581747228,0.5321790513935915,33.781508951211045,1.9735314452288928,0.2931632563080477,6.0,23
5,252.0,8.57244082078773,8.557184178038728,,,,2.0,1.0,28.208453154960107,0.6322110157053636,35.486786578048786,1.899801695420928,0.3105209670118142,5.0,23
5,253.0,8.736482162551882,8.703995734883028,,,,2.0,1.0,27.517207826273864,0.4794645208845414,33.746242136455535,2.069571624110575,0.329072276012759,4.0,23
5,254.0,8.90319169506491,9.077220933467425,,,,2.0,0.0,98.195433612464,0.6782366190345838,31.42915519315304,2.040887046447712,0.3484767218868334,3.0,23
5,255.0,9.307131763201898,9.031721216135184,,,,2.0,1.0,28.38460892506862,0.489630985783365,26.25662311872893,2.085317593021104,0.3977991107839029,2.0,23
5,256.0,9.570227995227595,9.52332336627909,,,,2.0,1.0,25.35538495334812,0.4452218409672599,36.5319389026612,2.402755066375589,0.4316789590927246,1.0,23
5,257.0,10.324482329058592,10.38262369755472,catastrophic_failure_replacement,1570.977352725767,,2.0,0.0,99.30072343212758,0.4031032469637751,0.0,0.0,0.0,0.0,23
5,257.0,0.0,0.0,catastrophic_failure_replacement,1570.977352725767,,2.0,0.0,99.30072343212758,0.4031032469637751,0.0,0.0,0.0,86.0,24
5,258.0,0.0839347332775334,0.1148639393607928,,,,2.0,0.0,96.6424844551091,0.6405020848750866,0.0,0.0,0.0,85.0,24
5,259.0,0.1341495002599399,0.3351946986181342,,,,2.0,1.0,28.17985630970822,0.6928374392310548,2.773001912831097,0.0,0.0,84.0,24
5,260.0,0.2589403211313926,0.4034365986660888,,,,2.0,1.0,34.50549081458835,0.6397531103005307,0.8791516555342347,0.0,0.0,83.0,24
5,261.0,0.2621062940174544,0.0583481167052649,,,,2.0,1.0,20.038083313452905,0.5158234346833068,0.7022368655722602,0.0490633559771057,0.0,82.0,24
5,262.0,0.2657011466607392,0.3166758249083846,,,,2.0,1.0,26.245598587368267,0.552057199347368,2.6246961425024784,0.0,0.0,81.0,24
5,263.0,0.2667690584731385,0.4381428081183659,,,,2.0,1.0,31.97032893751476,0.7072921382199261,1.5509354733905365,0.2301083141966198,0.0,80.0,24
5,264.0,0.3361231544863552,0.457193626583712,,,,2.0,1.0,20.03612748635843,0.5270816920604533,0.0,0.0739573687961724,0.0,79.0,24
5,265.0,0.7051820919559619,0.5719729173995751,,,,2.0,1.0,21.64119119433636,0.391645986446503,0.9484266717446244,0.1197561155545426,0.0,78.0,24
5,266.0,0.7228520311329227,0.9305473359160212,,,,2.0,1.0,27.450282893043173,0.6883312250053981,0.0,0.0,0.0,77.0,24
5,267.0,0.8632456412711484,0.8614803474432642,,,,2.0,1.0,30.10261902778172,0.6484042796447541,1.7481138311242064,0.0,0.0,76.0,24
5,268.0,0.8824862027382059,1.0233551107475742,,,,2.0,1.0,29.6210323487244,0.5378429376475972,0.0,0.0,0.0,75.0,24
5,269.0,0.9593808454242002,0.8120492550418257,,,,2.0,1.0,38.60358162834368,0.6870867426120582,2.743982153567485,0.1421305302327933,0.0,74.0,24
5,270.0,0.959909823792346,1.008048187591216,,,,2.0,1.0,30.106898993655143,0.5994120837023421,1.739388932017021,0.0,0.0,73.0,24
5,271.0,0.9946696016332338,0.991474002122534,,,,2.0,1.0,26.52732686701857,0.6332780502245661,4.785458427340829,0.0,0.0,72.0,24
5,272.0,0.9948425628706444,0.9163529303857249,,,,2.0,1.0,21.203339775014538,0.7305191477768094,1.5851184304138082,0.0,0.0,71.0,24
5,273.0,1.1606842076031998,1.273395475075376,,,,2.0,0.0,117.39266080264244,0.6306950752951573,5.074132592402661,0.0,0.0,70.0,24
5,274.0,1.1745276535482063,1.199056195441588,,,,2.0,0.0,111.66397694919742,0.7060319579115804,4.5915936503670185,0.0,0.0,69.0,24
5,275.0,1.1798392758265523,1.2914088754135988,,,,2.0,1.0,28.81384115305937,0.4856679415090958,4.152853192298331,0.0013791061136364,0.0,68.0,24
5,276.0,1.1953524609748265,1.2830335883363042,,,,2.0,0.0,107.16693101288446,0.5163410700650509,3.526209825022573,0.0,0.0,67.0,24
5,277.0,1.1959934666220264,1.3976729965665395,,,,2.0,1.0,23.98341891644449,0.5949432867797817,7.4723693494757635,0.0326489801073843,0.0,66.0,24
5,278.0,1.2079728158485354,1.073189940915531,,,,2.0,1.0,34.68099293181195,0.6519938225666175,0.5608295275570274,0.2227762895855566,0.0,65.0,24
5,279.0,1.2079953383117246,1.0919737532974656,,,,2.0,0.0,99.91213222402696,0.5470124631938227,2.6638215386731288,0.0,0.0,64.0,24
5,280.0,1.246782508800275,1.010169995779871,,,,2.0,0.0,99.60271175951765,0.4849056408336166,2.507220024936079,0.0007446742692969,0.0,63.0,24
5,281.0,1.276396638007846,1.1131854292039347,,,,2.0,0.0,102.25748433962048,0.7608124771966239,0.0,0.080091702293225,0.0,62.0,24
5,282.0,1.303710331905357,1.189343516913962,,,,2.0,1.0,31.72318616025862,0.3763576838869487,0.523267426607942,0.0193338524676295,0.0,61.0,24
5,283.0,1.3821837820107177,1.53380862193768,,,,2.0,1.0,29.4328941832842,0.6166285646354739,0.0,0.0206420545207334,0.0,60.0,24
5,284.0,1.3992366754005738,1.450978226574235,,,,2.0,1.0,28.510399093481134,0.5746320909439918,1.4940023881926208,0.0,0.0,59.0,24
5,285.0,2.282592723141268,2.3810194320774998,,,,2.0,1.0,35.70141729298685,0.6528031042499266,0.0,0.1990835751981668,0.0,58.0,24
5,286.0,2.282708859658685,2.2775869578747097,,,,2.0,1.0,23.937579014330154,0.6343004472835176,6.597248208257368,0.0,0.0,57.0,24
5,287.0,2.3769409354568904,2.32289532044679,,,,2.0,0.0,106.5145461075326,0.5754683065407684,4.010883084596635,0.1824216562505381,0.0,56.0,24
5,288.0,2.599711642308689,2.368538388370324,,,,2.0,1.0,24.427443037021806,0.6365401230615659,5.714671119093758,0.2516181963096414,0.0,55.0,24
5,289.0,2.7100926993246954,2.936020674739803,,,,2.0,0.0,103.03758030181731,0.4473936028078943,5.742545445369877,0.2009822872655303,0.0,54.0,24
5,290.0,2.712021611420688,2.648271468048088,,,,2.0,1.0,26.1872218828612,0.6488700070720503,11.611188638406354,0.156913434106976,0.0,53.0,24
5,291.0,2.861582123790145,2.988377829389903,,,,2.0,0.0,105.05697999016353,0.5319170249717536,7.329390525290563,0.0791967841944786,0.0,52.0,24
5,292.0,2.902496939520881,2.976870333770271,,,,2.0,0.0,108.10628121425404,0.438894983076423,3.818262242469188,0.1788617508513604,0.0,51.0,24
5,293.0,3.060537075438008,3.0199773986514127,,,,2.0,1.0,23.711630971645317,0.4694440795831594,8.232318162852136,0.0015306971767085,3.664737502587073e-05,50.0,24
5,294.0,3.060585727797943,3.061798629005727,,,,2.0,1.0,30.13489344491897,0.6231077316068793,3.272354409553582,0.0778879614832261,3.670630412806473e-05,49.0,24
5,295.0,3.062380128849206,3.0611567014104075,,,,2.0,1.0,24.636589974630603,0.5239828025096435,7.310065605940005,0.097806935499129,3.891280475243538e-05,48.0,24
5,296.0,3.1214631009143323,2.9446474778772176,,,,2.0,1.0,31.846125536577283,0.5419985473859413,7.273171638615841,0.4436082424068275,0.0001475328488372,47.0,24
5,297.0,3.168440417248654,3.083471610322697,,,,2.0,1.0,22.07148072079833,0.5399112087644713,7.97885074805401,0.2694617418898022,0.000283721741629,46.0,24
5,298.0,3.169927793675612,3.2669891085480343,,,,2.0,1.0,37.84421814497824,0.74480029108359,9.976510083559752,0.2314611004987963,0.0002887545506346,45.0,24
5,299.0,3.271474344626659,3.420603563146668,,,,2.0,1.0,28.790656243531885,0.6508555451621286,8.068404249968193,0.1712113682175499,0.0007369831979047,44.0,24
5,300.0,3.409537035459852,3.4568950783108185,,,,2.0,0.0,97.027478591574,0.6583438993037327,4.151347445292204,0.5278632384426775,0.0016772058341324,43.0,24
5,301.0,3.4095370360053106,3.49310812664556,,,,2.0,1.0,25.97525344065588,0.467455860259336,9.868321253911876,0.1525554859506884,0.0016772058386001,42.0,24
5,302.0,3.503478487248948,3.228019433278929,,,,2.0,1.0,25.6659850070521,0.5809078479566021,5.472089947463499,0.3824170046453572,0.0025349058712248,41.0,24
5,303.0,3.5267911494311406,3.3568892588867927,,,,2.0,1.0,26.93638805117086,0.6379618269412268,10.598425731746012,0.118156334612139,0.0027750891511898,40.0,24
5,304.0,3.579807855075249,3.5537534264042883,,,,2.0,1.0,22.190078097823932,0.4651167260551975,6.401223641378534,0.4399708505968187,0.0033617714880696,39.0,24
5,305.0,3.6093434604495127,3.443500368675492,,,,2.0,0.0,97.02074965090966,0.6557677094030897,11.992219084779824,0.1952440452351976,0.0037129945279258,38.0,24
5,306.0,3.78872543533077,3.799371350978364,,,,2.0,1.0,31.482938605206822,0.4274738484672529,9.725490316471038,0.1457072260464671,0.0062208781233771,37.0,24
5,307.0,3.790778605233664,3.977679106082424,,,,2.0,0.0,101.25504604090636,0.6513092121490035,9.230900405631951,0.4779720074448711,0.0062533080249529,36.0,24
5,308.0,4.009566291666324,4.030216426864038,,,,2.0,0.0,108.92736625016516,0.4843113817729778,9.647597186603932,0.4637543628505995,0.0101922409726889,35.0,24
5,309.0,4.279167596642698,3.9813009210485553,,,,2.0,1.0,23.401472218879064,0.5225526225245887,14.424884271239073,0.526812422265957,0.0163626974030065,34.0,24
5,310.0,4.511531235452463,4.532077496876512,,,,2.0,0.0,97.3325000202564,0.4923007008147061,12.881353393632786,0.6834035007722291,0.0228472667574844,33.0,24
5,311.0,4.517173629118692,4.584631631676788,,,,2.0,1.0,27.140163448033604,0.5600883753587382,18.367421708357902,0.5838882038293385,0.0230181582089318,32.0,24
5,312.0,4.522942224543606,4.319382414827323,,,,2.0,1.0,33.654497729078535,0.6719066427417877,9.45742236443054,0.4043567007403489,0.0231935301929782,31.0,24
5,313.0,4.538953437993823,4.717629667825357,,,,2.0,0.0,111.15648379246691,0.4555233771266837,14.287147074143562,0.5372394923043181,0.02368377684313,30.0,24
5,314.0,4.614217135492352,4.496475386466776,,,,2.0,0.0,108.8988184484314,0.5580270412522246,10.683213782910633,0.5277803260593974,0.0260569696051713,29.0,24
5,315.0,4.691626955703079,4.451725584079518,,,,2.0,1.0,34.80663682345874,0.5525118279451461,15.8658610384918,0.5264401953288049,0.0286160175726126,28.0,24
5,316.0,4.872446908804873,5.103675820746362,,,,2.0,1.0,40.30939525784701,0.4393912175895118,12.19397004286915,0.5774241557928651,0.0350605742629292,27.0,24
5,317.0,4.982838750067879,5.157706697387625,,,,2.0,0.0,92.25244945820268,0.6090807215785926,17.451344959117904,0.5576535902018784,0.0393164950877074,26.0,24
5,318.0,5.188542194728217,4.847952401546382,,,,2.0,0.0,84.2396217985989,0.471403418948257,15.088562837395614,0.6179717866398556,0.0478971693810579,25.0,24
5,319.0,5.209402313161847,5.275368419885327,,,,2.0,1.0,28.309570899486317,0.5024084487313186,4.179179395656311,0.6997364110723314,0.0488145858140492,24.0,24
5,320.0,5.262957228185904,5.258970653268789,,,,2.0,1.0,28.66292370279035,0.611228433535275,16.79358856461064,0.655566970517592,0.0512097541659882,23.0,24
5,321.0,5.328168432181854,5.664737970874248,,,,2.0,0.0,95.76891781774232,0.5595135605976072,16.191974409659508,0.5772170799330645,0.0542036824860811,22.0,24
5,322.0,5.328883595368574,5.435867747622904,,,,2.0,1.0,33.92220175134642,0.4688239624254654,16.883593233282436,0.627667444159071,0.0542369880077685,21.0,24
5,323.0,5.3292514631394665,5.257252501381696,,,,2.0,1.0,33.47358201895357,0.658327042527314,19.15502193605565,0.6767017980382434,0.0542541237853734,20.0,24
5,324.0,5.337921942589636,5.1652892499217415,,,,2.0,0.0,90.05117250969295,0.5961550750700497,19.154599726129863,0.7257329045753114,0.0546587900964209,19.0,24
5,325.0,5.409805299902765,5.402350959155677,,,,2.0,0.0,98.76830473108036,0.5232906499678251,13.642568317883851,0.8121046793403603,0.0580716158343945,18.0,24
5,326.0,5.828930693525447,5.93499215621053,,,,2.0,1.0,27.040422786782,0.7500819618358925,17.414056005574132,0.8788158911539246,0.0800284886877036,17.0,24
5,327.0,5.847843536090903,5.916961578360295,,,,2.0,1.0,30.14079939829284,0.5186012285900229,17.77060716108634,0.994767760522255,0.0811021280605474,16.0,24
5,328.0,6.516834380257914,6.182542506484465,,,,2.0,1.0,32.370845807696334,0.507802226475084,26.69499656063522,1.0638048236701874,0.1236812405816406,15.0,24
5,329.0,7.297476358704323,7.301281469354486,,,,2.0,1.0,32.2758524915733,0.537552399459282,16.37776608767423,1.02456519843807,0.1846830305362258,14.0,24
5,330.0,7.551094304446704,7.747746144651515,,,,2.0,1.0,34.27270414581543,0.4966664546818661,26.94069586284447,1.6856014058037947,0.2071245936796723,13.0,24
5,331.0,7.641707248056226,7.658146293725056,,,,2.0,0.0,98.79567851025816,0.6094211873440768,31.2697795874858,1.4525898689787726,0.2154544617665769,12.0,24
5,332.0,7.703797102901637,7.880870430123672,,,,2.0,1.0,28.7267957848968,0.715061760571635,24.963698850896343,1.540902931905108,0.2212570718526583,11.0,24
5,333.0,7.920360500621132,8.255423449207104,,,,2.0,1.0,23.81779994349524,0.5368858723460307,25.80632513640457,1.9408802475827052,0.2420994745607263,10.0,24
5,334.0,7.929052156972351,7.957610374534767,,,,2.0,0.0,101.75592651759784,0.7243624457715414,28.479585693981488,1.602029216679533,0.2429555516615379,9.0,24
5,335.0,8.055037518189208,8.024059772898932,,,,2.0,1.0,28.05038578783165,0.3918809097972705,38.303282483953296,1.3594264503556672,0.255534043103005,8.0,24
5,336.0,8.145646255955725,8.02946074882219,,,,2.0,1.0,32.422888608247085,0.4956948204075904,26.28888408719256,1.5889873312571574,0.2647767539143116,7.0,24
5,337.0,8.156381292462337,8.157444211081692,,,,2.0,1.0,32.04136507675732,0.4633207850021783,30.875170458401023,1.802580738049273,0.2658826803325557,6.0,24
5,338.0,8.18464232571637,8.110803749017578,,,,2.0,1.0,36.28976965265125,0.6729665108585065,30.94473673999257,1.7408757060819944,0.2688051604560963,5.0,24
5,339.0,8.692020847062283,8.551896103800491,,,,2.0,1.0,27.003449605779625,0.5443961960456462,28.85807395621393,2.149901736878778,0.3239910132339162,4.0,24
5,340.0,8.838659816376488,8.761659708715433,,,,2.0,0.0,98.97430365641108,0.4848351779191427,29.96395415848559,2.1916485778496586,0.3408994845136952,3.0,24
5,341.0,9.196299417561924,9.116836084147517,,,,2.0,1.0,24.01378544937428,0.4761245730956135,34.447909377864185,2.158150973125652,0.3839412647207823,2.0,24
5,342.0,9.770481415348556,9.548746881756466,,,,2.0,1.0,21.882512907052963,0.5649573664142211,42.15941352045286,2.36184792065133,0.4583941859558017,1.0,24
5,343.0,10.420192404002044,10.343977488946198,catastrophic_failure_replacement,196.64966238694203,,2.0,1.0,26.842503306115702,0.6649799586770109,0.0,0.0,0.0,0.0,24
5,343.0,0.0,0.0,catastrophic_failure_replacement,196.64966238694203,,2.0,1.0,26.842503306115702,0.6649799586770109,0.0,0.0,0.0,93.0,25
5,344.0,0.3087138181776847,0.4009254275874719,,,,2.0,0.0,100.95415146233375,0.6040075793247958,0.0,0.0,0.0,92.0,25
5,345.0,0.3385501644809249,0.3216682094274494,,,,2.0,1.0,34.205965557001974,0.5443238648408871,0.0,0.0,0.0,91.0,25
5,346.0,0.394365490535887,0.3455432260256111,,,,2.0,1.0,29.521898159595757,0.56729095863617,0.0,0.1072429556912164,0.0,90.0,25
5,347.0,0.3999152543497953,0.1502310057322806,,,,2.0,1.0,31.372710276979305,0.5032812414552364,0.0,0.0,0.0,89.0,25
5,348.0,0.5879477187756955,0.5592050032413359,,,,2.0,1.0,32.155823688984135,0.8220987994352227,0.2468289824295397,0.0,0.0,88.0,25
5,349.0,0.5879480959094086,0.8540256111807163,,,,2.0,1.0,24.25851434451885,0.5749776629848654,1.83921597802446,0.0,0.0,87.0,25
5,350.0,0.5980921971341877,0.560671752590791,,,,2.0,0.0,105.64635036153636,0.4110495909332564,0.9295774856073756,0.0535294951852448,0.0,86.0,25
5,351.0,0.6348657068355881,0.617380554363868,,,,2.0,1.0,36.84173401090192,0.6398204437843888,0.4986132859124223,0.0374352432832563,0.0,85.0,25
5,352.0,0.6407681581999649,0.7047596206063707,,,,2.0,1.0,25.952028116024856,0.6325690198046986,0.0,0.1926658925461967,0.0,84.0,25
5,353.0,0.6408722368004657,0.7613935722996223,,,,2.0,1.0,24.96182333737809,0.5944574255531296,0.0,0.0540324115091834,0.0,83.0,25
5,354.0,0.6969310785150581,0.8508997094278669,,,,2.0,1.0,30.436737219748466,0.5882441968945109,0.0,0.0,0.0,82.0,25
5,355.0,0.7695983541526175,0.8843752008656081,,,,2.0,1.0,25.614865613727563,0.4010777854070163,3.4620950718774965,0.0,0.0,81.0,25
5,356.0,0.9332390314337716,0.6747402949177901,,,,2.0,1.0,37.26402176616701,0.6551704024594249,1.5714001360256535,0.0,0.0,80.0,25
5,357.0,1.216543531266303,1.330130074168791,,,,2.0,0.0,97.7841799672202,0.5985738482579558,0.0,0.2354439969239682,0.0,79.0,25
5,358.0,1.21736917918221,1.2802097359249822,,,,2.0,1.0,33.865360992928736,0.4949970125744635,2.459059979196078,0.1213555984473302,0.0,78.0,25
5,359.0,1.218066880887008,1.1638306548227542,,,,2.0,0.0,103.6538545920719,0.5928310489951493,5.209047412936522,0.2104552938439398,0.0,77.0,25
5,360.0,1.2183263939332702,0.9918485001192402,,,,2.0,1.0,23.329618520174755,0.4212684735025132,11.54336176333858,0.0229133248350146,0.0,76.0,25
5,361.0,1.3098157937086148,1.6043787475260909,,,,2.0,1.0,32.54775746849898,0.6116470072021746,2.591680793043247,0.1285509645109959,0.0,75.0,25
5,362.0,1.3120274340463358,1.2573612143856463,,,,2.0,1.0,34.82824592079865,0.4928757316194553,0.2901765267737248,0.0329836306982908,0.0,74.0,25
5,363.0,1.3120300743146134,1.227371734843441,,,,2.0,0.0,97.6806016608902,0.6960883808610443,0.0,0.1200594086883082,0.0,73.0,25
5,364.0,1.3337306956650232,1.3032778077834493,,,,2.0,0.0,112.82699744579963,0.4261875357627818,4.651367120467679,0.0832840356049554,0.0,72.0,25
5,365.0,1.4184690071801054,1.293170545016178,,,,2.0,1.0,29.61839976562109,0.4895456898295166,7.338818986032127,0.1631146788657846,0.0,71.0,25
5,366.0,1.4603594722124655,1.3729902564708114,,,,2.0,1.0,37.44713321773292,0.6796293460887152,0.0,0.0,0.0,70.0,25
5,367.0,1.4608682853191253,1.5828973072362602,,,,2.0,1.0,32.27414201896296,0.6365552905602738,6.922202967353203,0.0069485837861666,0.0,69.0,25
5,368.0,1.46820309371784,1.4330537827012209,,,,2.0,1.0,28.62709356674876,0.4611894668884165,2.8180075662159645,0.1294903110244019,0.0,68.0,25
5,369.0,1.5083599602053723,1.608838526159479,,,,2.0,0.0,92.13487093680202,0.4160896918502023,6.8282052502902975,0.0,0.0,67.0,25
5,370.0,1.637142064326314,1.3856988113661226,,,,2.0,1.0,26.43296012789963,0.6002076675290814,1.1032165488268415,0.0,0.0,66.0,25
5,371.0,1.6414889537915516,1.7728168275889125,,,,2.0,0.0,91.87304002175176,0.687871319924056,11.628489918460616,0.0,0.0,65.0,25
5,372.0,2.159488597911479,2.56381357110096,,,,2.0,1.0,26.1484745633323,0.4423880367095418,5.811311895720452,0.0,0.0,64.0,25
5,373.0,2.21898084674628,2.2468243472733422,,,,2.0,0.0,93.20171369055232,0.6389879821507536,4.53854312134923,0.0,0.0,63.0,25
5,374.0,2.218981597127049,2.283371581559915,,,,2.0,1.0,32.53062645272655,0.4558503118576709,4.737450087052673,0.0927205177875262,0.0,62.0,25
5,375.0,2.242415816965624,2.220200935870359,,,,2.0,1.0,26.072887082256237,0.7268323553641605,6.255172349030631,0.2696679801837888,0.0,61.0,25
5,376.0,2.2424158995452617,2.3495871106377497,,,,2.0,1.0,32.40487308274061,0.5166349717985093,4.221940705808386,0.3139127525549924,0.0,60.0,25
5,377.0,2.252680462079365,2.069258605876944,,,,2.0,1.0,30.364216621611885,0.6954853402205906,4.771294658739016,0.3395204165546252,0.0,59.0,25
5,378.0,2.9234204253092595,2.8873881340232272,,,,2.0,1.0,30.54188758834304,0.2873984914501034,10.00556170588464,0.0856710997217514,0.0,58.0,25
5,379.0,3.08019899987902,3.160616292253995,,,,2.0,1.0,26.39856194075332,0.5131843088713912,9.252106388941732,0.1933078526042493,6.431879581595106e-05,57.0,25
5,380.0,3.0810986975117496,3.263129251169162,,,,2.0,1.0,27.9922535151597,0.5349248216344433,3.75338715928184,0.2154112998134321,6.57699873810224e-05,56.0,25
5,381.0,3.0818776938563146,3.170407565710608,,,,2.0,1.0,37.34190286215133,0.3352296414103981,6.971900114461535,0.1743569476095118,6.703956751228415e-05,55.0,25
5,382.0,3.126958208830385,3.4122040010903043,,,,2.0,1.0,37.43430659598717,0.6220678754567734,8.065376151825951,0.1973351702811313,0.0001611838678941,54.0,25
5,383.0,3.128237115381352,3.124156981281224,,,,2.0,0.0,99.8104409544418,0.7064527984923697,8.080468499574122,0.3174717855251438,0.0001644475776133,53.0,25
5,384.0,3.1409767585757598,3.286957431669064,,,,2.0,0.0,103.8804666801348,0.492496968729287,7.148751428756477,0.552415318618747,0.0001987444645852,52.0,25
5,385.0,3.141022995484732,3.1622335093021228,,,,2.0,1.0,27.83842351158262,0.2896512598134836,1.9833612520820223,0.4994558266338692,0.0001988748525548,51.0,25
5,386.0,3.3199989959968588,3.3000955968637777,,,,2.0,1.0,27.23693075854012,0.6568854880122464,3.4581644157250544,0.2455917342745575,0.0010239935743899,50.0,25
5,387.0,3.321762611625738,3.183455729222487,,,,2.0,1.0,36.22292514250805,0.7543923724870276,8.298924512105359,0.3624482166206277,0.0010353117824021,49.0,25
5,388.0,4.077481646426175,4.114786644979069,,,,2.0,1.0,34.2792013077639,0.4166855170503514,11.312963157161883,0.1319425084643657,0.0116096669838525,48.0,25
5,389.0,4.093487971203364,3.9460401929947735,,,,2.0,0.0,105.89901470634896,0.7301754345300024,11.265443866918718,0.400340644095442,0.0119571594316644,47.0,25
5,390.0,4.108734865554951,3.875756954088428,,,,2.0,0.0,100.62227739922884,0.6597151634648905,6.379203005250215,0.4174944437488028,0.0122929300209715,46.0,25
5,391.0,4.11719679665099,3.9918856062886254,,,,2.0,1.0,28.47839147718492,0.456056589192611,8.406219608913691,0.4493929765401487,0.0124812868244723,45.0,25
5,392.0,4.344406100069515,4.524435132200741,,,,2.0,1.0,25.606311021988205,0.6627660050977658,11.48761863929884,0.3857259948416421,0.0180742776190412,44.0,25
5,393.0,4.431190225409289,4.4451425143521455,,,,2.0,1.0,32.987424928399115,0.5325128649850499,7.982906760166366,0.8389759154644204,0.0204830546130709,43.0,25
5,394.0,4.456550183764963,4.259438497894608,,,,2.0,1.0,34.63504878862779,0.4335921442303376,8.992132252625474,0.1691497122547521,0.0212153843782574,42.0,25
5,395.0,4.462860745046072,4.51469622913821,,,,2.0,1.0,25.38300718723985,0.4752001565039016,16.11385676463339,0.6675176750349286,0.0213996155939674,41.0,25
5,396.0,4.541248101414372,4.5169859406164905,,,,2.0,1.0,38.64855460451959,0.6869975015626946,11.2818906207216,0.6148170868840489,0.023754457101134,40.0,25
5,397.0,4.573333418652214,4.868211712135243,,,,2.0,1.0,27.13306780049169,0.4340196478434729,8.478083015701907,0.7584645961329665,0.0247537804624786,39.0,25
5,398.0,4.577150859084395,4.5781793668138695,,,,2.0,1.0,30.86377314586669,0.5321748475850846,8.706590923481315,0.561899465356604,0.0248740483231064,38.0,25
5,399.0,4.608222494699139,4.819068996702548,,,,2.0,1.0,32.8247722146747,0.5339129321627073,9.302605395683011,0.7718916779093152,0.0258637959245632,37.0,25
5,400.0,4.635958492302881,4.7856781055176345,,,,2.0,1.0,28.903560252511227,0.428896832458593,10.284217518392362,0.5091059429279595,0.0267636018853791,36.0,25
5,401.0,4.635962535118601,4.720234480225917,,,,2.0,1.0,35.693082480874985,0.4378106937322868,16.79610815430761,0.7345918703155938,0.0267637341631168,35.0,25
5,402.0,4.794698994518867,5.049935007628857,,,,2.0,1.0,32.50076162446342,0.7653872995464274,11.723148416383442,0.8787680085986413,0.0322094448092703,34.0,25
5,403.0,4.96231402658091,4.787862150523719,,,,2.0,0.0,105.24144183003274,0.5672822826154096,17.725621822172435,0.4963667847824006,0.0385067633891618,33.0,25
5,404.0,4.973646124891857,4.970541034204653,,,,2.0,1.0,26.060428389028573,0.6293074736240705,6.138578624234642,0.4772015659334658,0.0389527902630064,32.0,25
5,405.0,5.193483396149377,5.073119722930035,,,,2.0,0.0,100.31582203626506,0.5227488642127586,15.532537496831628,0.5261303170314537,0.04811369409183,31.0,25
5,406.0,5.413187982652551,5.355287171966708,,,,2.0,1.0,22.603212843914147,0.6562557270283139,18.92057391853437,0.4552209387459852,0.0582347623961868,30.0,25
5,407.0,5.413863625010805,5.676140029999784,,,,2.0,0.0,98.10981701529391,0.6838486711874328,13.901236983107976,0.6473890796513414,0.058267376001503,29.0,25
5,408.0,5.432674431659429,5.423168555621978,,,,2.0,1.0,33.62388586956587,0.4453638486805167,11.427823093234478,0.5366998344312456,0.0591790489044952,28.0,25
5,409.0,5.460959802358765,5.628283647996205,,,,2.0,1.0,31.67149155354978,0.399931724867969,14.666633496840454,0.8513658789164333,0.0605632314882569,27.0,25
5,410.0,5.537403608419008,5.575521622574567,,,,2.0,1.0,25.469338828452265,0.6639539941458547,18.40046887655678,0.7876448647164955,0.064384170720178,26.0,25
5,411.0,5.743240419137897,5.792824541173269,,,,2.0,0.0,101.01171419578732,0.5661727007294124,19.47545230621917,0.8989191137670984,0.0752536799719186,25.0,25
5,412.0,5.94882073274424,6.12271542987892,,,,2.0,0.0,95.98716699299284,0.4754527135190429,20.758168986385066,0.99463101466402,0.0869554371386227,24.0,25
5,413.0,5.955871650325655,6.025391761181897,,,,2.0,1.0,30.8266166793569,0.5541773643563993,18.75429931089208,0.9627100661562576,0.0873717721319891,23.0,25
5,414.0,6.091213454393093,5.931408968707622,,,,2.0,0.0,97.22348616219132,0.4443784098302002,23.203581215474674,1.2043950637754992,0.0955560062062087,22.0,25
5,415.0,6.2662921046833695,6.224083086443789,,,,2.0,1.0,27.624981505041788,0.5569157974111842,17.382570571837075,0.8669210057390595,0.1066866411311691,21.0,25
5,416.0,6.276604620724,6.276128513467058,,,,2.0,0.0,103.39810682995233,0.5755747599130693,18.497112879872223,0.902885375869228,0.1073613784054986,20.0,25
5,417.0,7.041918522543603,6.944345703838966,,,,2.0,1.0,24.76574503857149,0.6994509746641838,21.655712415447343,1.3112841892443206,0.1633710534288106,19.0,25
5,418.0,7.079677358253709,7.363921931943782,,,,2.0,0.0,99.45900873488289,0.6663995169120575,23.188893891596244,1.0681555085349612,0.1664376734744796,18.0,25
5,419.0,7.194830777005892,7.1441341475887965,,,,2.0,0.0,93.56382174245256,0.5908751900155352,20.57807408977913,1.5042583605973918,0.1759660524771585,17.0,25
5,420.0,7.2130911559065884,7.0772822973481455,,,,2.0,1.0,32.16312079578216,0.604325791375086,25.97958692293074,1.0679335804052663,0.1775013708797831,16.0,25
5,421.0,7.21739964211403,7.055286274805741,,,,2.0,1.0,26.956920214939988,0.4332464139316396,21.6792036930863,1.124560323687838,0.1778645974130354,15.0,25
5,422.0,7.224732771576749,7.207922915840753,,,,2.0,0.0,99.29148696969378,0.5266840105187283,22.490054667004397,1.3348993720919768,0.1784836699123455,14.0,25
5,423.0,7.373826174865077,7.38965535416905,,,,2.0,1.0,32.19956818037637,0.5527228447774861,26.855569585210365,1.4612134726571742,0.1913035540793487,13.0,25
5,424.0,7.931103922875755,7.876528804739375,,,,2.0,1.0,28.521623280399638,0.5853496147255025,24.823330844913137,1.547285787696643,0.2431578589820066,12.0,25
5,425.0,7.985677119338859,7.984115563047075,,,,2.0,1.0,30.228143295993828,0.5593244799322457,26.840240481649523,1.343476252881282,0.2485697633829902,11.0,25
5,426.0,8.073344825449484,7.987249131049133,,,,2.0,1.0,28.877694003946047,0.5688803237586337,21.517303466078125,1.49476972456647,0.2573882771791505,10.0,25
5,427.0,8.31475980111863,8.23988959173234,,,,2.0,0.0,97.37081149698268,0.4103510018125247,30.33858927222339,1.669882745662397,0.2824667174358653,9.0,25
5,428.0,8.586676389716771,8.56163834168282,,,,2.0,0.0,106.94081787337522,0.5739735025977148,34.128182153011245,2.0490229757149176,0.3121095308341882,8.0,25
5,429.0,8.589978050528142,8.393031361904384,,,,2.0,1.0,25.703682543159427,0.5065461626770894,35.60367807194041,1.7271043358194218,0.312478546053864,7.0,25
5,430.0,8.750604391061378,8.803084680668709,,,,2.0,1.0,31.336283625988514,0.5479911375892234,31.47383174317057,1.6756156509119402,0.330694508624944,6.0,25
5,431.0,8.850101366138865,8.810589039981167,,,,2.0,1.0,35.23334656337459,0.474555671026301,33.08282479674591,2.000773841865749,0.3422368599409981,5.0,25
5,432.0,8.918241965205597,8.772749555585886,,,,2.0,1.0,27.40843475561805,0.4347238385341524,33.76514573743727,2.0668684158573423,0.3502558795872061,4.0,25
5,433.0,9.030210146163162,9.141486179549805,,,,2.0,1.0,23.76888826289692,0.5680116549710045,35.13304856652869,2.0752355814065058,0.3636343440688914,3.0,25
5,434.0,9.23342489825367,8.972556883830656,,,,2.0,0.0,103.10264742989418,0.4547852331049815,36.14876803924084,1.9004504070680717,0.3885558596216877,2.0,25
5,435.0,9.615333710496914,9.77544121804208,,,,2.0,1.0,26.647318593999167,0.3287765782460886,32.05541833151777,2.4371795181700597,0.4376264010123686,1.0,25
5,436.0,10.155798813382054,10.183860248478112,catastrophic_failure_replacement,657.6328875134176,,2.0,1.0,26.618335841357577,0.7202740217194907,3.494888004891348,0.0,0.0,0.0,25
6,0.0,0.0,0.0,,,,0.0,1.0,20.50176585605709,0.352678068910652,4.001040029069526,0.0,0.0,106.0,27
6,1.0,0.0934467001956809,0.3424534881805727,,,,0.0,1.0,25.997056395082545,0.4732747870914802,0.0,0.0,0.0,105.0,27
6,2.0,0.0934467225351682,0.0,,,,0.0,1.0,29.04574990651885,0.4591878637836304,2.9644963968557687,0.0,0.0,104.0,27
6,3.0,0.0957910430145694,0.0637316409609529,,,,0.0,1.0,32.964571426197985,0.5739040499296085,1.2052176993981314,0.0554947195572847,0.0,103.0,27
6,4.0,0.0957910431521196,0.0124486954308779,,,,0.0,1.0,39.15230098875642,0.48373136952466,1.5254508491109648,0.2751648546964887,0.0,102.0,27
6,5.0,0.4289232315236253,0.4513344785688893,,,,0.0,1.0,24.700948735285586,0.5404636823032823,0.0,0.0536453586971548,0.0,101.0,27
6,6.0,0.7675566242776536,0.8879057350596637,,,,0.0,0.0,109.55844583085558,0.6156192248487172,0.0,0.0,0.0,100.0,27
6,7.0,0.7898096681173127,0.6792625345248435,,,,0.0,1.0,36.63211046977865,0.5563217089456922,0.0,0.0,0.0,99.0,27
6,8.0,0.7944343275095505,0.7392968121461824,,,,0.0,1.0,26.544576193318544,0.3916025031848746,9.78301638170864,0.2448528242236541,0.0,98.0,27
6,9.0,0.7981973962564934,0.6667498994003651,,,,0.0,1.0,37.58892983242485,0.6127495495568587,1.544971591019368,0.0,0.0,97.0,27
6,10.0,0.7982101555500454,0.975621644964935,,,,0.0,0.0,95.4620763500103,0.4885290366121112,4.920496382117277,0.1996504615534141,0.0,96.0,27
6,11.0,0.7990010028358949,0.6939863721476492,,,,0.0,1.0,25.50294623822382,0.5004292142099072,3.311162618841132,0.0010878578747503,0.0,95.0,27
6,12.0,0.8034855489123219,0.9184511185520372,,,,0.0,1.0,31.48243638700641,0.3882197239510684,3.2837090801273874,0.1259545681858504,0.0,94.0,27
6,13.0,0.9790399092750826,0.9002939100554314,,,,0.0,1.0,34.24665620199257,0.5611472173212232,0.0,0.379361499797567,0.0,93.0,27
6,14.0,0.9973232956705111,1.0897770171571912,,,,0.0,1.0,32.35262796494956,0.5603095601918062,4.681360590426278,0.0769295972036535,0.0,92.0,27
6,15.0,0.9973446206613388,0.9263408319214184,,,,0.0,0.0,112.87269970675106,0.6353296738455992,0.0,0.3394635727019846,0.0,91.0,27
6,16.0,1.0152613830166874,1.1153936267591684,,,,0.0,0.0,94.24785382451704,0.4354254288158305,0.0,0.1475692257941607,0.0,90.0,27
6,17.0,1.0953414969119932,1.2640930962918768,,,,0.0,1.0,31.51468893180734,0.5982561873983047,1.2316237649151944,0.1236391161047827,0.0,89.0,27
6,18.0,1.1924862873681294,1.49088166090371,,,,0.0,1.0,30.206702022405626,0.4248973422181172,0.0,0.1683187803950488,0.0,88.0,27
6,19.0,1.200975385615133,1.1808103121218338,,,,0.0,0.0,99.61336595530798,0.683825528601917,2.88134561474099,0.0,0.0,87.0,27
6,20.0,1.218384567875029,1.390794305850015,,,,0.0,1.0,33.3592920941875,0.4342539617625066,0.0,0.0,0.0,86.0,27
6,21.0,1.9435709034651647,1.9098374102929427,,,,0.0,1.0,33.66728242471342,0.3963502692462172,3.8361952206037566,0.388598814998252,0.0,85.0,27
6,22.0,1.943768559278626,2.0773132246578108,,,,0.0,1.0,35.527152664697645,0.5140418492017288,1.505306850138323,0.2133407125422916,0.0,84.0,27
6,23.0,2.0601226628769487,1.6064355683185982,,,,0.0,1.0,34.15455717507458,0.615278651641647,0.0,0.1937133362159964,0.0,83.0,27
6,24.0,2.060142728462075,2.1460668999632597,,,,0.0,1.0,28.60549990729232,0.5723233195657755,4.060129334362825,0.0,0.0,82.0,27
6,25.0,2.1264067419332884,2.104954854761382,,,,0.0,0.0,98.22634125301084,0.4701750398861253,4.7800000610165565,0.186543537118814,0.0,81.0,27
6,26.0,2.1267046674116834,2.212027195111056,,,,0.0,1.0,33.845772121055795,0.6411347562884828,0.0,0.1516142202080154,0.0,80.0,27
6,27.0,2.1283510784068485,1.9262156374757509,,,,0.0,1.0,37.64382137895834,0.7776702902320399,0.4867382120552745,0.0865970123767567,0.0,79.0,27
6,28.0,2.132409363804668,2.139740534336412,,,,0.0,1.0,31.3719708196828,0.6033019444968954,2.1947316210739496,0.3320283305724723,0.0,78.0,27
6,29.0,2.136827125842413,2.370510424915589,,,,0.0,1.0,27.8903815127376,0.4226838838547821,6.980478247606188,0.1354289171683023,0.0,77.0,27
6,30.0,2.136833704808492,2.1866091820219182,,,,0.0,0.0,90.34880369322468,0.4869349694012669,1.708357455960221,0.2376059469881007,0.0,76.0,27
6,31.0,2.539145652797315,2.673098285863469,,,,0.0,0.0,97.03583280779644,0.6525904137544658,6.293609980551815,0.23745291595853,0.0,75.0,27
6,32.0,2.767581498318588,2.756168903398566,,,,0.0,1.0,32.82922920084333,0.5846431102290852,6.23779980031915,0.1717835609991416,0.0,74.0,27
6,33.0,2.7759230023540264,2.848097057386174,,,,0.0,1.0,28.905416764602183,0.6234057485503715,7.428146543491308,0.187003938702274,0.0,73.0,27
6,34.0,2.7891130132259683,2.99011388163775,,,,0.0,1.0,35.61717555960022,0.4635628471474263,3.0812770348337666,0.2840556106886805,0.0,72.0,27
6,35.0,2.9746471326084354,3.0054841229596483,,,,0.0,0.0,99.03772273743776,0.5548258747730683,10.925000800907611,0.2327972481605574,0.0,71.0,27
6,36.0,2.975134377532615,3.030301797779766,,,,0.0,1.0,37.915906613649554,0.3989114502837612,9.76371033266414,0.0,0.0,70.0,27
6,37.0,2.994256462670876,3.1051089066313446,,,,0.0,1.0,34.86161171432136,0.5871353450291488,6.5177900281780135,0.0,0.0,69.0,27
6,38.0,3.0003471568409275,2.676099252412219,,,,0.0,1.0,34.41755775038477,0.5660632835745867,5.350209778208905,0.1366377719633627,1.2051787220272955e-09,68.0,27
6,39.0,3.0126503212447093,2.844647688178892,,,,0.0,1.0,40.44356761084725,0.5072265296382319,9.522570926751214,0.2295092921957132,1.6003062759434418e-06,67.0,27
6,40.0,3.096144673614282,3.161083679456669,,,,0.0,1.0,22.983942121000485,0.5094696321140095,9.00970856387586,0.1023063885722549,9.243798264396776e-05,66.0,27
6,41.0,3.0961448411351182,3.1897807752982583,,,,0.0,1.0,29.019291382359764,0.5703338121728786,4.996704418634621,0.099358969636463,9.243830476897164e-05,65.0,27
6,42.0,3.156126284783516,3.113215505960887,,,,0.0,1.0,28.433948643290677,0.5447561050117666,3.5102457702900365,0.2203888205889866,0.000243754168003,64.0,27
6,43.0,3.15612692226794,3.2772779697081145,,,,0.0,0.0,110.3744486068514,0.3730560596138271,3.110526777585393,0.3786277386463603,0.0002437561585685,63.0,27
6,44.0,3.8386413968768753,3.748732299213287,,,,0.0,1.0,33.36369289638667,0.3591596058481339,5.9095961946288025,0.202426118764653,0.0070331939255559,62.0,27
6,45.0,3.84423784349786,3.949275868815532,,,,0.0,1.0,32.41470038081518,0.7113609737854023,6.366405942712951,0.3837710275708293,0.0071273753639391,61.0,27
6,46.0,3.844345068155709,3.556206392981153,,,,0.0,1.0,28.75292867397448,0.5574879501738064,12.102777183147786,0.4530917099734493,0.0071291859411886,60.0,27
6,47.0,3.890139994556637,4.1296432504660245,,,,0.0,1.0,31.83539729140958,0.6874479409604938,8.969498155911124,0.2885474304666494,0.0079234920990929,59.0,27
6,48.0,4.119702554512648,4.126437672313778,,,,0.0,0.0,90.92385685643622,0.5737573329471226,6.826047525138052,0.4717110810009416,0.0125373381058215,58.0,27
6,49.0,4.133524018305059,4.02693809840026,,,,0.0,1.0,20.863935770107688,0.6519810523222146,13.009505511000867,0.4601838272766507,0.0128487670007444,57.0,27
6,50.0,4.136771564447202,4.117651113524079,,,,0.0,1.0,30.975287636715887,0.5630384783783879,7.224695981698927,0.38893987825567,0.0129224958973574,56.0,27
6,51.0,4.178840066070737,4.13017225644964,,,,0.0,1.0,29.655702327033744,0.5756407965651663,14.797688871068129,0.4591088826199702,0.0138966390137366,55.0,27
6,52.0,4.178864865434899,4.16257939052715,,,,0.0,1.0,29.15873836615028,0.5199529990616588,5.916485452677696,0.4142119399863783,0.0138972237095684,54.0,27
6,53.0,4.205715633443639,4.021213197220503,,,,0.0,0.0,102.2673521722398,0.5370787798225476,11.435244716306675,0.497386762285315,0.0145375018873039,53.0,27
6,54.0,4.252974249288215,4.308831737138264,,,,0.0,0.0,110.99708117626908,0.5879419149312829,7.865202909718091,0.8215425806003445,0.0156994446937936,52.0,27
6,55.0,4.326220943522581,4.534317735544461,,,,0.0,0.0,83.4820819845843,0.595904502375892,12.669311470572849,0.4453177396519612,0.0175886199103792,51.0,27
6,56.0,4.340932076074765,4.243202589822194,,,,0.0,1.0,32.417292747843454,0.6263043985181539,9.49249482096486,0.3846431349140491,0.0179809883264617,50.0,27
6,57.0,4.451032918370539,4.487161256491179,,,,0.0,1.0,32.720543140180474,0.7436199217972641,13.534472981346106,0.3488731434031508,0.0210549653019492,49.0,27
6,58.0,4.649511977520669,4.574780378270175,,,,0.0,0.0,111.74248320428018,0.4164050776986456,12.323917428990782,0.5624706527579107,0.0272088976398415,48.0,27
6,59.0,4.707400761557007,4.792856385713634,,,,0.0,0.0,103.55483180372332,0.4636956250844162,12.8105056558058,0.4809750350895341,0.0291521736056544,47.0,27
6,60.0,4.716578899809403,4.968021870389355,,,,0.0,0.0,108.18194701674454,0.7041445979610986,11.927641258221154,0.5247571686765715,0.0294664311927086,46.0,27
6,61.0,4.718263947984734,4.553465310094092,,,,0.0,1.0,26.47474556772446,0.5887533998959296,11.864391812010457,0.5258047135277221,0.0295243099494408,45.0,27
6,62.0,4.735041315624675,4.864286420656691,,,,0.0,1.0,34.06003758978625,0.6498485620453078,15.55431361090743,0.5930977212467887,0.030103683669246,44.0,27
6,63.0,4.7457402950148815,4.581820190659045,,,,0.0,1.0,27.22677112684949,0.6191743879051245,16.40012010431262,0.5777554315558934,0.0304760917763864,43.0,27
6,64.0,4.755133319337692,4.723161957084261,,,,0.0,1.0,30.781298469372864,0.6120564399830384,17.528160068637995,0.4418919715668875,0.0308049296864934,42.0,27
6,65.0,4.759363330534756,5.058932576851015,,,,0.0,1.0,27.48821130883492,0.6901221345850578,12.258466346929527,0.512989747729069,0.0309535932883034,41.0,27
6,66.0,4.762797953728393,4.948665141238438,,,,0.0,1.0,30.310721539221987,0.5502769798387415,11.965285629052936,0.3816892807836085,0.0310745662566901,40.0,27
6,67.0,4.76287199505616,4.912660041488122,,,,0.0,1.0,26.64036282380121,0.5907075124491383,12.158762816530873,0.85165016167956,0.0310771767095328,39.0,27
6,68.0,4.7709610477799655,4.871121367304747,,,,0.0,1.0,21.80116394062508,0.7800006456346853,17.11318328874532,0.6783822453501404,0.0313630303275391,38.0,27
6,69.0,4.886284425310497,4.912645218200772,,,,0.0,1.0,22.444213553061324,0.5295068466914885,15.529777550737991,0.753286787582816,0.0355806893316895,37.0,27
6,70.0,5.0291813075865015,4.926572020475832,,,,0.0,1.0,29.852247273230567,0.5637364908380117,17.01602748134455,0.6789311057471754,0.0411757677905846,36.0,27
6,71.0,5.143523334759661,4.930966542435852,,,,0.0,1.0,37.241307623419615,0.4471690321982235,18.30496528464214,0.5765678879056203,0.0459469228665917,35.0,27
6,72.0,5.320829069091089,5.601817586847004,,,,0.0,1.0,30.898716684079638,0.6738996785433182,15.522871079879431,0.7890648317768139,0.0538624756793821,34.0,27
6,73.0,5.320849986523505,5.403066918072198,,,,0.0,1.0,33.171826668996786,0.552843042111322,15.596749550715725,0.6163878730379472,0.0538634465994615,33.0,27
6,74.0,5.3612309005339895,5.442681802345073,,,,0.0,1.0,35.40963365422898,0.4950706813345227,16.29324286034924,0.7379546285530549,0.0557541136563655,32.0,27
6,75.0,5.361365666998791,5.428979653944449,,,,0.0,0.0,101.00751453136245,0.5397758521730007,20.496017498464184,0.701673363579699,0.0557604781328064,31.0,27
6,76.0,5.396036013287122,5.5209918248634455,,,,0.0,1.0,25.439581688009213,0.6974969192688757,15.50583906583798,0.9652479373179188,0.0574098857696884,30.0,27
6,77.0,5.406170759596881,5.436533486048264,,,,0.0,1.0,29.07569273415646,0.6040584386188204,18.12045668884437,0.9169980643557372,0.0578965772433903,29.0,27
6,78.0,5.675466429664901,5.846708662551389,,,,0.0,0.0,96.26099728168994,0.4665091184856963,15.336522851630434,1.0209944412355787,0.0715812061626385,28.0,27
6,79.0,5.800259776764775,5.874328958801098,,,,0.0,0.0,96.52310125112456,0.4966313421576503,18.37383206746495,1.0528966044703432,0.078414548173667,27.0,27
6,80.0,5.811422516271752,5.831247000564157,,,,0.0,1.0,28.536525845064748,0.5426242552140301,15.675944534684248,1.0049356903286086,0.0790409656499978,26.0,27
6,81.0,5.86773629123957,5.953253373585427,,,,0.0,0.0,94.0953287956726,0.5053349038247742,23.779677921005888,0.9409614647313296,0.0822391143609248,25.0,27
6,82.0,6.166236433772586,6.36995763714191,,,,0.0,1.0,30.198979493362557,0.3885617789828579,16.482680186342872,1.1832659776287682,0.1002505315454894,24.0,27
6,83.0,6.256564279624959,6.278797311581583,,,,0.0,0.0,100.88747600077424,0.5545928941394761,21.733052627883204,1.2620884937082997,0.1060521090732922,23.0,27
6,84.0,6.618927841578114,6.379383162930186,,,,0.0,1.0,30.0679445538011,0.4327375438552375,20.796082381889605,1.1695017853338872,0.1309663872254922,22.0,27
6,85.0,6.624849581898961,6.624350247269484,,,,0.0,1.0,30.528876580597466,0.4669921950963696,15.431420601951729,1.1778237923355686,0.1313953449139308,21.0,27
6,86.0,6.650806582876125,6.801482045190204,,,,0.0,1.0,26.926793776333216,0.5505499049597022,20.26620297744008,0.9379475910462184,0.1332838870557165,20.0,27
6,87.0,6.806701367329621,6.893011965235013,,,,0.0,0.0,99.7881949856188,0.6717100536500802,23.4687226752168,1.02286106737147,0.1449097530002921,19.0,27
6,88.0,6.808593979852001,6.937840850921772,,,,0.0,1.0,30.80592595331847,0.5489675730285464,18.798584032387534,1.2324592166579325,0.145053881033649,18.0,27
6,89.0,6.86051440484215,6.944871405459241,,,,0.0,1.0,24.77852388165704,0.4762281945774671,20.794119455768577,1.127906172450631,0.1490357146999374,17.0,27
6,90.0,6.978383223807725,6.966858532643518,,,,0.0,1.0,33.86697953654525,0.5946538065284557,25.951151390264943,1.248744229844328,0.1582753307547474,16.0,27
6,91.0,7.024968404075176,7.076834781872516,,,,0.0,1.0,23.17824149677156,0.6582516692960908,28.951209898254252,1.2990035482686075,0.1620037065380347,15.0,27
6,92.0,7.051037558053574,7.330007048961068,,,,0.0,1.0,24.233569112105133,0.51254379347644,20.487388868823853,1.152234394319145,0.1641090529676067,14.0,27
6,93.0,7.053301234954634,6.822766801155984,,,,0.0,1.0,24.72307872628708,0.6298780390695444,25.151236149849773,1.1756954018443249,0.1642925090128476,13.0,27
6,94.0,7.432511682969231,7.693031310641038,,,,0.0,1.0,35.42880902788572,0.5794323302567294,23.69343697862528,1.4847703147701088,0.1964715981965873,12.0,27
6,95.0,7.782403558600814,7.739950612032978,,,,0.0,1.0,27.09817425059928,0.4492930420849316,28.10965037129951,1.7238654198671608,0.2287138379731773,11.0,27
6,96.0,7.877072785629569,7.802715818816144,,,,0.0,0.0,98.44816545571872,0.48462047575857,28.669870526552074,1.7013767789984051,0.2378583895632856,10.0,27
6,97.0,7.954382023861882,7.764445767508947,,,,0.0,0.0,110.94727685500924,0.5757410703934269,31.42500449540995,1.5324757115878052,0.2454590123836576,9.0,27
6,98.0,7.959204956532254,7.922694675543483,,,,0.0,1.0,33.571047842556546,0.5577358689795288,33.96332776687121,1.5131268546030658,0.2459371380089408,8.0,27
6,99.0,8.250833807788272,8.08065215606238,,,,0.0,1.0,28.56055457463229,0.5515368535637225,28.02823333049401,1.470690826605464,0.2757125567701227,7.0,27
6,100.0,8.276904692565726,8.151514629784746,,,,0.0,1.0,34.24925998950069,0.407718045672273,30.30235411114254,1.734531256650625,0.2784572313442217,6.0,27
6,101.0,8.699892728026878,8.545054574375959,,,,0.0,0.0,93.73731964336852,0.5472377875201153,32.1134243171291,1.8329273796837944,0.3248877711101369,5.0,27
6,102.0,8.968505993240235,9.042582117201396,,,,0.0,1.0,33.49286493078182,0.4730643192597806,30.94291759041661,2.307670660742743,0.3562306379134461,4.0,27
6,103.0,9.068693136924704,9.17549515660849,,,,0.0,1.0,30.851806875902387,0.4135677378079758,36.3907319582939,1.9810989338735152,0.3682903639015699,3.0,27
6,104.0,9.467780604427706,9.402629918058102,,,,0.0,1.0,34.71447746071195,0.4602535695447691,35.60064832596004,2.163949508165202,0.4183218594701123,2.0,27
6,105.0,9.559320209033704,9.477395115882905,,,,0.0,1.0,25.206180353645006,0.5579663688510877,38.18398439704655,2.199884914510143,0.4302468160463794,1.0,27
6,106.0,10.876165955584646,11.202647767503176,catastrophic_failure_replacement,289.6309428868884,,0.0,1.0,27.745700196310214,0.6223405634065704,0.0,0.1867922354473644,0.0,0.0,27
6,106.0,0.0,0.0,catastrophic_failure_replacement,289.6309428868884,,0.0,1.0,27.745700196310214,0.6223405634065704,0.0,0.1867922354473644,0.0,99.0,28
6,107.0,0.0951170700006843,0.0,,,,0.0,1.0,33.43939058131622,0.5865237718976226,0.0,0.0,0.0,98.0,28
6,108.0,0.1028898661925621,0.1971387223919911,,,,0.0,1.0,27.55335308234995,0.689774981886518,1.4553654728599106,0.2182547434530764,0.0,97.0,28
6,109.0,0.11252698139124,0.0,,,,0.0,0.0,99.38631482617151,0.7599572541199197,1.792771310218112,0.0,0.0,96.0,28
6,110.0,0.1140611024022924,0.0105225411510061,,,,0.0,1.0,31.23715733064799,0.5284121069721929,0.0,0.0,0.0,95.0,28
6,111.0,0.1141050634765675,0.0838319799377771,,,,0.0,1.0,26.34098306550625,0.5453610482624087,0.7901854316391695,0.0,0.0,94.0,28
6,112.0,0.1158483989582501,0.1389875092591507,,,,0.0,1.0,21.769049981635398,0.6147995237631996,1.6172689069317894,0.0,0.0,93.0,28
6,113.0,0.1209576529187248,0.2657414637922819,,,,0.0,1.0,30.945605209988248,0.6976687603728684,0.0,0.0089701421324505,0.0,92.0,28
6,114.0,0.1309662341187323,0.0,,,,0.0,0.0,108.49137857796296,0.7222685193465834,0.0,0.0195446647241868,0.0,91.0,28
6,115.0,0.1309705599403985,0.0106487479295944,,,,0.0,1.0,35.91044869334281,0.5540278630363685,0.0,0.0775914147034005,0.0,90.0,28
6,116.0,0.2202579798832628,0.2417651757073994,,,,0.0,0.0,95.4107586420634,0.4573386531788951,1.146175620766102,0.0624486618078232,0.0,89.0,28
6,117.0,0.226317717185495,0.2329797674798404,,,,0.0,0.0,104.9974873133891,0.4232326451249539,0.0,0.1875343994289821,0.0,88.0,28
6,118.0,0.2263541573290596,0.0653122414922064,,,,0.0,1.0,33.38802184640913,0.6073535700012795,0.0,0.0,0.0,87.0,28
6,119.0,0.4590819940856185,0.5802315567819906,,,,0.0,1.0,25.637243289309406,0.6092258226709868,0.0,0.0592635731597422,0.0,86.0,28
6,120.0,0.4603239120875089,0.4214070143166982,,,,0.0,0.0,88.93989120822884,0.4178116127566565,0.0,0.1615841254563345,0.0,85.0,28
6,121.0,0.7388164822231611,0.7124661496157401,,,,0.0,1.0,27.180918564093165,0.6689723207673118,3.935455002875321,0.0,0.0,84.0,28
6,122.0,0.8746059805621936,0.7994413250236532,,,,0.0,1.0,25.224539411133748,0.7429714186231208,1.81164374028676,0.2344606853787006,0.0,83.0,28
6,123.0,1.374088674726595,1.556715387832975,,,,0.0,0.0,100.057876389867,0.6377657510749491,5.067239115424632,0.0,0.0,82.0,28
6,124.0,1.4521598868229382,1.4718394632544818,,,,0.0,1.0,30.707014138082307,0.5785596829470182,0.0,0.0650778502651236,0.0,81.0,28
6,125.0,1.457472284983493,1.4953124192079752,,,,0.0,1.0,35.782169473834074,0.6401308819110055,0.0,0.0,0.0,80.0,28
6,126.0,1.4894381787198565,1.4246320401285368,,,,0.0,1.0,22.886952943769693,0.6255127663958169,4.998539961403092,0.0607992296197986,0.0,79.0,28
6,127.0,1.5489885277076465,1.4086171095635769,,,,0.0,0.0,108.67379387168964,0.3233047754084092,5.771494438542172,0.0361920283725759,0.0,78.0,28
6,128.0,2.178296495291115,1.898526052727951,,,,0.0,1.0,26.094754165542177,0.5505255601630391,1.2454827101946837,0.361664284374033,0.0,77.0,28
6,129.0,2.2689172610842983,2.114726594591682,,,,0.0,1.0,23.85398336800637,0.6146248927193065,2.3864967554281566,0.0,0.0,76.0,28
6,130.0,2.2690591767506603,2.247464581077473,,,,0.0,1.0,37.97792100014778,0.6560564602263061,1.3070093774677036,0.183917941426996,0.0,75.0,28
6,131.0,2.35137552445222,2.2694634157103737,,,,0.0,1.0,30.437784153590197,0.4936901122409438,2.00693100055485,0.3298489990710203,0.0,74.0,28
6,132.0,2.3513757032682827,2.229336120985393,,,,0.0,1.0,31.177508399676935,0.4495179984308245,1.042845714658403,0.479759068089907,0.0,73.0,28
6,133.0,2.355339297322123,2.268167801255453,,,,0.0,1.0,22.1016606024723,0.4660821325403564,0.0,0.0774501314534183,0.0,72.0,28
6,134.0,2.3555115699320157,2.097139349154553,,,,0.0,1.0,38.24305361324474,0.4558789525642431,2.032961453755699,0.0267583388800928,0.0,71.0,28
6,135.0,2.355545500232835,2.42832451894027,,,,0.0,1.0,30.146223965465243,0.5480186335353083,5.909607846966612,0.1040914211407381,0.0,70.0,28
6,136.0,2.399088440460724,2.2117976189145376,,,,0.0,1.0,28.844511673552685,0.653810249769067,2.258167393863276,0.335800617672263,0.0,69.0,28
6,137.0,2.4021653623748924,2.2590485993876688,,,,0.0,0.0,104.43378909745353,0.5808363869130209,3.5788057885149853,0.1582477597866833,0.0,68.0,28
6,138.0,2.4117267198853813,2.4767314074525566,,,,0.0,1.0,26.395641489383895,0.6899309887158585,5.501352344910569,0.2254791700983775,0.0,67.0,28
6,139.0,2.570580417641791,2.4621052957955096,,,,0.0,1.0,30.38898692561996,0.5426539188932891,5.051619311832691,0.2513039042509382,0.0,66.0,28
6,140.0,2.637590691748766,2.699693205873202,,,,0.0,1.0,31.741767376027536,0.3967526394516605,4.058514198378511,0.2390730066177042,0.0,65.0,28
6,141.0,2.639866203705384,2.4387953391565875,,,,0.0,1.0,25.33602755830485,0.5806685730340011,6.0357076799134814,0.3142216710968717,0.0,64.0,28
6,142.0,2.745941208515166,2.557763228747461,,,,0.0,1.0,25.18138477415944,0.7804133939603031,6.181322638363311,0.1702823597097043,0.0,63.0,28
6,143.0,2.748392275204905,2.6694248591735663,,,,0.0,0.0,100.58097041229875,0.4897013683343968,5.917451073672868,0.0540787336725189,0.0,62.0,28
6,144.0,3.481330236002944,3.319589397856899,,,,0.0,1.0,31.990533073485903,0.522583027903539,8.776773236810277,0.4144455493319923,0.0023167879609065,61.0,28
6,145.0,3.481336375152895,3.5400981753788736,,,,0.0,1.0,28.02363261325307,0.5777476706039193,5.8961722719889895,0.2474854835604729,0.0023168470604532,60.0,28
6,146.0,3.481337336847521,3.391760708519439,,,,0.0,1.0,29.326184573364745,0.3056569263416807,7.04151578265496,0.2921759906792556,0.0023168563184346,59.0,28
6,147.0,3.4816301007299906,3.4624690763224,,,,0.0,0.0,106.8606085403062,0.4453707613550776,9.995224773769234,0.5352129369054492,0.0023196755392918,58.0,28
6,148.0,3.489636482669466,3.517198618950746,,,,0.0,0.0,101.0647929597978,0.4642065633332364,5.714277138974504,0.4237579365989982,0.0023974388516092,57.0,28
6,149.0,3.597526828350359,3.5719929815496902,,,,0.0,1.0,35.06949128097587,0.5635521302368399,8.168528082274692,0.2978963893779562,0.0035703831059843,56.0,28
6,150.0,3.5975918655152377,3.681763548349021,,,,0.0,1.0,33.87821559887807,0.5649409782664611,7.276408317879972,0.3882163311197982,0.0035711603772998,55.0,28
6,151.0,3.759979634801714,3.9720150454481233,,,,0.0,0.0,102.548953376606,0.4334781376038959,9.3501472172515,0.3411961872375454,0.0057756904531334,54.0,28
6,152.0,3.7848869330023303,3.764930891220859,,,,0.0,1.0,33.608114362251314,0.6635497375350887,15.693693462289373,0.1641319735691824,0.006160474975978,53.0,28
6,153.0,3.787042211155176,3.878607737718151,,,,0.0,1.0,30.47875993446099,0.5235127824015996,6.698535712376107,0.489570733372088,0.0061943544214002,52.0,28
6,154.0,3.956333780153341,4.168927123959803,,,,0.0,0.0,101.8020081028126,0.6623495073612922,12.789108771558343,0.4100527938206854,0.0091457429906238,51.0,28
6,155.0,3.956591973039347,4.06552602288738,,,,0.0,1.0,33.96536103522047,0.5944845278545823,6.690683168118119,0.3002605533078903,0.0091506820288331,50.0,28
6,156.0,4.328947099555396,4.671766031093264,,,,0.0,0.0,96.14188285312622,0.6351664974943613,10.71635522563123,0.3521806873728559,0.017661003934167,49.0,28
6,157.0,4.332372643339014,4.441372902925659,,,,0.0,1.0,30.887959959239573,0.5137501573767412,15.329893125926343,0.365447414033395,0.0177521686071819,48.0,28
6,158.0,4.338506512513042,4.505415193199714,,,,0.0,1.0,29.563665270840232,0.601063367936279,15.75965382114846,0.5271871398756284,0.0179159968403982,47.0,28
6,159.0,4.658133383452226,4.70075933514355,,,,0.0,1.0,35.26070581340059,0.4107740823768543,11.92158083329286,0.2881474364476332,0.0274940631731872,46.0,28
6,160.0,4.658669605928734,4.6957937917357455,,,,0.0,0.0,111.31438640080324,0.5742375627670644,10.873595120065987,0.4503519408454514,0.0275118486163178,45.0,28
6,161.0,4.676343354753236,4.412064931974621,,,,0.0,1.0,38.64211928939567,0.5101803831640774,11.826115495247818,0.546909219851027,0.0281012704302533,44.0,28
6,162.0,4.6768277643614296,4.593525617923876,,,,0.0,1.0,25.91122243493235,0.5919444162187808,14.628858709928478,0.6485181245453028,0.0281175135133335,43.0,28
6,163.0,4.678668667640361,4.60597703871846,,,,0.0,1.0,32.735815394280515,0.6234346573634236,15.044845901468731,0.6075159656118063,0.0281792849571746,42.0,28
6,164.0,4.680387801719126,4.8152304684461775,,,,0.0,1.0,24.72903959800532,0.6343104218110187,10.725864686977843,0.5007156558896557,0.0282370316416643,41.0,28
6,165.0,4.739918561585217,4.711562912646116,,,,0.0,1.0,22.60679631778286,0.505707657959946,12.32903588783171,0.495046281837141,0.0302731660094877,40.0,28
6,166.0,4.82012433248391,4.8406873436390745,,,,0.0,1.0,30.11989107271861,0.4715130498458642,20.602050990037117,0.6144896832493351,0.0331285258569999,39.0,28
6,167.0,5.017404528338398,5.125336072423519,,,,0.0,1.0,32.66794035605678,0.4989161843257096,17.022994937859455,0.178497848184972,0.0406992103096027,38.0,28
6,168.0,5.208458882138096,5.350175715412235,,,,0.0,1.0,32.47923489804437,0.6264108793172593,11.252184293607346,0.6281887689060415,0.0487729063409465,37.0,28
6,169.0,5.209620783523698,5.093632216704799,,,,0.0,1.0,34.80905564473271,0.6661148133237708,17.444995252123498,0.5686186376042509,0.0488242400697987,36.0,28
6,170.0,5.2290942485024585,5.292881457732713,,,,0.0,1.0,34.598285069063564,0.4716696954018934,20.58419301657751,0.68159061801167,0.0496886116870674,35.0,28
6,171.0,5.2290987148765335,5.103135441191387,,,,0.0,1.0,31.41189292893,0.6058211573360253,9.030614604063036,0.6596216252728563,0.0496888108066421,34.0,28
6,172.0,5.27761550550257,4.906273036549554,,,,0.0,1.0,30.507202011133707,0.4605744044749412,10.33806625055608,0.6621937147925254,0.0518753239090573,33.0,28
6,173.0,5.279816648955223,5.1672365042537685,,,,0.0,0.0,88.16732179904582,0.5408339063406643,17.38725758265636,0.6640582351210247,0.0519756395285342,32.0,28
6,174.0,5.303168653416637,5.102175015454391,,,,0.0,1.0,33.20324142408658,0.5180855717064623,15.114418577570108,0.6605617012804393,0.05304585846081,31.0,28
6,175.0,5.306367042349998,5.616968830597099,,,,0.0,1.0,30.035656896714944,0.4185067135944219,13.555074868147493,0.7928812366929745,0.0531932893403827,30.0,28
6,176.0,5.306545883408025,5.252121604523861,,,,0.0,1.0,24.915359926237,0.4666718137811788,14.843785620876742,0.8071749246211479,0.053201539122665,29.0,28
6,177.0,5.8253042487951685,5.852736442415618,,,,0.0,0.0,101.29926649475172,0.3990442361744949,12.85264388408758,0.6691743884147717,0.0798234409826003,28.0,28
6,178.0,5.834188998881891,6.069761182268286,,,,0.0,1.0,31.701944897602974,0.5671398107328935,15.768936444399552,0.964687059483602,0.0803262728138313,27.0,28
6,179.0,5.964113995726161,5.9737634598563645,,,,0.0,1.0,27.3876001697902,0.5698384960670598,21.16838679130396,1.1885988908509453,0.0878597177965971,26.0,28
6,180.0,5.9687821445470615,5.736216756900328,,,,0.0,0.0,95.2709583363886,0.5256794550576649,23.69198437096488,0.6296935030400306,0.0881366742178144,25.0,28
6,181.0,6.13107025820784,5.891881263778932,,,,0.0,1.0,20.55291595534968,0.482044462257302,15.107864792218136,0.7928188578982442,0.0980360096183371,24.0,28
6,182.0,6.257543662976245,6.089056679424781,,,,0.0,1.0,22.30131402137659,0.6498320438784693,21.325852637547825,1.0028091984229328,0.1061159071619669,23.0,28
6,183.0,6.297379481648904,6.335951638026292,,,,0.0,0.0,95.10088109687712,0.5778856868729537,20.07285898955435,0.8638057635089931,0.1087271144599919,22.0,28
6,184.0,6.316376145923645,6.466278129594479,,,,0.0,1.0,33.22027151675344,0.5752600945700688,18.39777238994463,1.0334707260927198,0.1099835074125136,21.0,28
6,185.0,6.374019312281889,6.442976178653784,,,,0.0,1.0,28.357630596870163,0.6150012430662758,20.4987742423702,0.712471528217245,0.1138400631965115,20.0,28
6,186.0,6.410901941076578,6.531250379661036,,,,0.0,1.0,24.58398874092461,0.4709635118163079,22.52112655933675,0.9578656355730808,0.1163425205163997,19.0,28
6,187.0,6.464941823673648,6.618228074243888,,,,0.0,1.0,29.41044688476629,0.6736890171644765,13.60827729715776,1.079052777774722,0.1200582184144286,18.0,28
6,188.0,6.47667293196508,6.535158151892879,,,,0.0,0.0,117.21881165473891,0.5455166157428575,20.80603495116114,1.0230001766480643,0.1208725467585866,17.0,28
6,189.0,6.707820832432249,7.168106474546748,,,,0.0,1.0,36.88428940164334,0.4268953761035455,22.35128200375601,0.8058296824218074,0.1374793532541858,16.0,28
6,190.0,7.154542861028527,7.1036387658069815,,,,0.0,1.0,29.234507761535905,0.452095356345141,24.78760190583025,1.25031303278088,0.1726022638412309,15.0,28
6,191.0,7.592051793844068,7.641484516268253,,,,0.0,0.0,97.73485434994716,0.5644847128398823,23.63651188767476,1.653519012132848,0.2108693967734652,14.0,28
6,192.0,7.622758863465957,7.831174536530985,,,,0.0,1.0,34.51342269691849,0.5477114480587559,20.42906924054333,1.494708857290379,0.2136989950975306,13.0,28
6,193.0,7.714810723954623,7.845089835485065,,,,0.0,1.0,30.972761349307795,0.3882173987186583,26.45555777605157,1.3793875288471813,0.2222944016271752,12.0,28
6,194.0,7.858947065704205,7.685557282217144,,,,0.0,1.0,26.995831044945195,0.4615830865447227,30.58046606716908,1.753085640070772,0.236093665873155,11.0,28
6,195.0,7.959773559548865,7.971027229602617,,,,0.0,1.0,29.27145677283188,0.5626937428325631,29.376727799508945,1.32834627347532,0.2459935376200002,10.0,28
6,196.0,7.989179979660623,7.965490788817896,,,,0.0,0.0,98.22273814902864,0.5962001794603266,30.50408941937765,1.547926875827038,0.2489191686944638,9.0,28
6,197.0,8.170505413139468,8.038387436002415,,,,0.0,1.0,24.42357809236437,0.5974657153450675,25.752540291681385,1.7784174237022472,0.2673412622730454,8.0,28
6,198.0,8.35372127375801,8.301553370415686,,,,0.0,0.0,97.39515177229836,0.5375085886947675,24.361907629590757,1.6961154446904996,0.2866233147708908,7.0,28
6,199.0,8.483701717240468,8.713999959045864,,,,0.0,1.0,34.11888493566195,0.5494523133513124,28.99601957064125,2.0895054351665863,0.3007098452366605,6.0,28
6,200.0,8.487527576212717,8.607198651974622,,,,0.0,1.0,25.463053086753067,0.5674105135019452,32.45916163401884,1.8375732965910705,0.3011295889969501,5.0,28
6,201.0,9.18618405071677,9.184819787700407,,,,0.0,1.0,39.12623648102503,0.4247613099851533,34.724984914032866,2.159758142346361,0.3826887310934254,4.0,28
6,202.0,9.31118025755477,9.104073643449771,,,,0.0,1.0,30.889706393125103,0.5214560476911846,40.71279478466528,1.975996007409868,0.3983099624334911,3.0,28
6,203.0,9.461988447769269,9.594683450054776,,,,0.0,1.0,21.01836734869871,0.5177832943264438,36.11886454358783,2.259269131725873,0.4175729469910348,2.0,28
6,204.0,9.737736661911669,9.769445596867268,,,,0.0,1.0,30.828659912884337,0.4510532082526974,43.149707048199765,2.4735554912587268,0.4539709532526856,1.0,28
6,205.0,10.052620319431831,10.106259034584614,catastrophic_failure_replacement,309.0063732080011,,0.0,0.0,104.13273042664572,0.4577647502549716,4.626023862897533,0.0,0.0,0.0,28
6,205.0,0.0,0.0,catastrophic_failure_replacement,309.0063732080011,,0.0,0.0,104.13273042664572,0.4577647502549716,4.626023862897533,0.0,0.0,99.0,29
6,206.0,0.0060615927168508,0.0,,,,0.0,1.0,41.81649685222799,0.4619003891469871,2.6074064138916224,0.0,0.0,98.0,29
6,207.0,0.0061048484500235,0.0,,,,0.0,0.0,97.18665922603722,0.5762454069866711,0.9438663463794118,0.0,0.0,97.0,29
6,208.0,0.0061048690198593,0.2014938229029641,,,,0.0,0.0,111.2482845696237,0.4966326078855552,0.0,0.0,0.0,96.0,29
6,209.0,0.0476811526224569,0.0,,,,0.0,1.0,32.455598701928615,0.5535803305751207,1.8220605383831932,0.2390238473029809,0.0,95.0,29
6,210.0,0.0573668943820373,0.0,,,,0.0,1.0,20.91402810940436,0.3633655287290838,0.0,0.0,0.0,94.0,29
6,211.0,0.0576579060202892,0.0443697914211895,,,,0.0,1.0,26.960064347572477,0.5390915167270647,2.284499058967351,0.0,0.0,93.0,29
6,212.0,0.1616354483107027,0.103498200245946,,,,0.0,1.0,34.38841971838121,0.8234899460541276,1.9312787805960236,0.0,0.0,92.0,29
6,213.0,0.4939578614501234,0.8618938912037436,,,,0.0,0.0,100.98957279931376,0.4640007099848462,0.0,0.3586109705502126,0.0,91.0,29
6,214.0,0.5363298565150535,0.5768500617112253,,,,0.0,1.0,33.03612643957112,0.6086010035328868,0.0,0.3588973618657325,0.0,90.0,29
6,215.0,0.5365049100768521,0.4842053392347055,,,,0.0,1.0,30.30676460146445,0.4589541287128806,4.951127266569699,0.0,0.0,89.0,29
6,216.0,0.5852171807465429,0.4451827631491766,,,,0.0,1.0,33.8586638898159,0.5010843794215164,1.4725675089349712,0.0217849860938176,0.0,88.0,29
6,217.0,0.5926082733477314,0.5151131107008797,,,,0.0,1.0,32.84953749625663,0.501529293027569,3.302820825783828,0.0172704376973011,0.0,87.0,29
6,218.0,0.5991873390815693,0.5930862298052342,,,,0.0,1.0,25.912192716114408,0.3827092475475979,0.0,0.0,0.0,86.0,29
6,219.0,0.6790447823911887,0.7279119269487913,,,,0.0,1.0,28.90636912381839,0.6424076634398013,0.0,0.0915168591094282,0.0,85.0,29
6,220.0,0.679071029264219,0.6168486778840486,,,,0.0,1.0,42.959308649426575,0.6310821324202083,0.7595798735034242,0.067169179593215,0.0,84.0,29
6,221.0,0.7200942918317464,0.4928431933221746,,,,0.0,1.0,26.562671968668443,0.3566139046114551,0.0,0.0,0.0,83.0,29
6,222.0,0.720190460242386,0.7066995689534591,,,,0.0,1.0,27.92961387189467,0.5581966473911565,0.0,0.2225113301439802,0.0,82.0,29
6,223.0,0.7537027450236041,0.3632311404622858,,,,0.0,1.0,26.900943249237343,0.4922046400045952,3.660865298303096,0.0642748407713863,0.0,81.0,29
6,224.0,0.7599621921604839,0.7728215237603716,,,,0.0,0.0,103.97363450653486,0.5741401226182107,0.0,0.0,0.0,80.0,29
6,225.0,0.7690732514666581,0.4846268416814275,,,,0.0,0.0,98.81214289405732,0.6314266737324662,1.1051613855036786,0.094107283661431,0.0,79.0,29
6,226.0,0.7691797634254539,0.6283214455925317,,,,0.0,0.0,96.29969157151416,0.3693307300945943,0.0,0.0,0.0,78.0,29
6,227.0,0.7752596494278353,0.8215566688875903,,,,0.0,1.0,30.309865262994688,0.375394065234846,0.0,0.022498761404082,0.0,77.0,29
6,228.0,0.7836566760861159,0.8475014186735227,,,,0.0,1.0,33.46959365240216,0.5801235786724548,0.0,0.0,0.0,76.0,29
6,229.0,0.9441204721163938,0.8861864735062882,,,,0.0,1.0,30.310350369540338,0.6698963858747878,1.291176756613111,0.2342476907428275,0.0,75.0,29
6,230.0,0.9450953676007676,0.737523970491271,,,,0.0,1.0,32.60960858659888,0.5740554872990246,0.0,0.1804379095893667,0.0,74.0,29
6,231.0,0.9450966374776092,0.8753341418425121,,,,0.0,1.0,17.44625053479433,0.6760176604568707,0.0,0.0241906863135494,0.0,73.0,29
6,232.0,1.0315883682562654,1.171207876478081,,,,0.0,0.0,100.1618107063536,0.4709752527741999,0.0,0.1697957092689776,0.0,72.0,29
6,233.0,1.0648747892048005,1.299341065545056,,,,0.0,1.0,36.42115315162597,0.3225123738995711,2.20277350106474,0.0067051535394987,0.0,71.0,29
6,234.0,1.0683607407874662,1.096239149321827,,,,0.0,1.0,22.376317598153683,0.546397183521595,0.5506483198387687,0.0,0.0,70.0,29
6,235.0,1.0725051236671674,1.0086163396610968,,,,0.0,1.0,26.122090075749725,0.7275627383596726,5.3194568901522254,0.0951679030741518,0.0,69.0,29
6,236.0,1.0848416187963168,0.9348602611172258,,,,0.0,1.0,28.66628575640846,0.5832987822811112,0.0,0.0,0.0,68.0,29
6,237.0,1.3180850764348886,1.4062563882896226,,,,0.0,1.0,24.74198311931429,0.5072887347186793,3.8244087587499367,0.307016958760174,0.0,67.0,29
6,238.0,1.4199434733020382,1.5332050734961644,,,,0.0,1.0,27.519467557632616,0.5265589395464791,2.541496475700097,0.0051577064109669,0.0,66.0,29
6,239.0,1.5312551973260866,1.4965066022623157,,,,0.0,1.0,29.504624256890125,0.5840715053719054,2.280523034955221,0.1989776453116765,0.0,65.0,29
6,240.0,1.686290674250027,1.962477811603281,,,,0.0,1.0,16.810625593334102,0.4530158683276712,2.2732559686623355,0.0,0.0,64.0,29
6,241.0,1.956653014812894,1.8055515609893675,,,,0.0,1.0,17.950903114924127,0.4361897545089248,2.326724830854939,0.0084480763789384,0.0,63.0,29
6,242.0,1.9672409569531728,2.095705933341252,,,,0.0,1.0,26.211481919579207,0.3179546120444326,7.547983232947351,0.1955151958209977,0.0,62.0,29
6,243.0,1.9672412536909725,1.916414885899009,,,,0.0,0.0,107.04589472934352,0.5417712057786975,1.4214470059513855,0.1876137217338278,0.0,61.0,29
6,244.0,1.9808297742590115,1.9585982609303716,,,,0.0,1.0,30.569852892503555,0.6705654519051804,4.7083524338491145,0.0923793664368119,0.0,60.0,29
6,245.0,2.162185027834889,2.098163363597966,,,,0.0,1.0,26.349920743614984,0.52634008810648,3.1780502828825243,0.3164519031607629,0.0,59.0,29
6,246.0,2.166457467938975,2.0537676006891754,,,,0.0,0.0,89.10880015721914,0.4554282987371402,3.1246429785138767,0.3452886741452682,0.0,58.0,29
6,247.0,2.239833592076667,2.043240747682909,,,,0.0,1.0,35.44172401826711,0.4924293243438403,2.365632470882224,0.2551282611086365,0.0,57.0,29
6,248.0,2.23988636177752,1.996258425562734,,,,0.0,1.0,29.398056630530583,0.6250954497330985,8.339812977086982,0.2261868869500701,0.0,56.0,29
6,249.0,2.4106469018217016,2.208388203578394,,,,0.0,1.0,28.225798044021545,0.4794074437084182,0.7147256067134444,0.2652888703599446,0.0,55.0,29
6,250.0,2.411682535461906,2.3942350668528136,,,,0.0,1.0,31.07954124158183,0.5246337920257079,2.744205465575252,0.0,0.0,54.0,29
6,251.0,2.463387929270754,2.098331463147109,,,,0.0,1.0,25.55623458016148,0.6085007034973133,9.714101967074244,0.4161960166873696,0.0,53.0,29
6,252.0,2.4711473471436536,2.565960361302932,,,,0.0,1.0,27.57470002625646,0.4729443972201357,1.5795434420678252,0.2761674906992328,0.0,52.0,29
6,253.0,2.6889264209970825,2.5652524921419406,,,,0.0,1.0,24.917282699029624,0.3770645847612232,0.4334202168820766,0.2581009603603377,0.0,51.0,29
6,254.0,2.8264574672633973,2.677896907038696,,,,0.0,1.0,32.24620204870821,0.5757623285406408,8.08204984371347,0.089245871654379,0.0,50.0,29
6,255.0,2.89836620483721,2.859570724177816,,,,0.0,0.0,99.32912014959489,0.5576110551294509,4.3279586181500775,0.2923627704986481,0.0,49.0,29
6,256.0,2.898383116382179,3.099033099720164,,,,0.0,1.0,30.869664304077126,0.6913672722364836,5.851461370455053,0.2828893293164627,0.0,48.0,29
6,257.0,2.9074743449449696,2.847001050067466,,,,0.0,0.0,98.91434358833986,0.6395761232347077,9.994791920484776,0.175451256481381,0.0,47.0,29
6,258.0,3.0364087250992253,2.91299610734502,,,,0.0,1.0,30.386424824104942,0.4355045468308007,7.964765544532652,0.0,1.3255952633509845e-05,46.0,29
6,259.0,3.1224994452504937,3.2654135961803497,,,,0.0,1.0,22.886187434920863,0.6074296436235449,7.243837118152881,0.273305850166169,0.0001500611408667,45.0,29
6,260.0,3.1285585776931897,3.364622927214568,,,,0.0,1.0,27.810124628540244,0.5290989667061932,0.0,0.1737806201954014,0.0001652730789849,44.0,29
6,261.0,3.130800466126209,3.099335802505479,,,,0.0,1.0,35.00495081870128,0.4267512032778485,9.509084989203236,0.4292142556017327,0.0001710876193883,43.0,29
6,262.0,3.3356592633071127,3.4739623600757463,,,,0.0,1.0,30.409343500487083,0.4535072570292668,5.726745376087439,0.3247136967102834,0.0011266714104387,42.0,29
6,263.0,3.3836014758795474,2.9796072408501963,,,,0.0,1.0,26.18005387059189,0.6769825605520501,11.505046576533871,0.2750033436450311,0.0014715009229696,41.0,29
6,264.0,3.386019940569041,3.3463003426265305,,,,0.0,1.0,28.90097282818016,0.5543563371294613,7.575956938415892,0.0,0.0014901139451692,40.0,29
6,265.0,3.6280357456415344,3.5398083969789624,,,,0.0,1.0,28.315174726235018,0.6430502760537006,11.19328342901845,0.325516255715975,0.0039442889780351,39.0,29
6,266.0,3.925334056343705,4.101926976671278,,,,0.0,1.0,29.83122998386894,0.6233513651443255,10.632956221622369,0.4415556047582278,0.0085624311582949,38.0,29
6,267.0,3.9439760458122417,3.94644427944778,,,,0.0,1.0,29.99385806374893,0.57741346286976,12.304756761867273,0.4572800971607629,0.0089109077506731,37.0,29
6,268.0,3.9445197665259792,3.978716911722256,,,,0.0,1.0,25.219394924624236,0.5432609804819251,9.55335534980222,0.4971567038798216,0.0089211758935829,36.0,29
6,269.0,4.040770766263937,4.196410612397407,,,,0.0,0.0,100.79365429582516,0.5871744260734335,3.275687658717869,0.3701416774860895,0.0108320378790962,35.0,29
6,270.0,4.105933417786325,4.094296114016426,,,,0.0,1.0,31.13738183012397,0.5377299530533362,9.23615847562689,0.6218389661297907,0.0122308872457654,34.0,29
6,271.0,4.187547618979828,4.452492638019952,,,,0.0,0.0,96.37283465843448,0.5511441320179554,8.710708575863848,0.3295504352368817,0.0141026934734465,33.0,29
6,272.0,4.223454535430636,4.428632839271224,,,,0.0,1.0,27.818998697298568,0.4272481132102178,11.386855572689738,0.5608276204580614,0.0149684100026579,32.0,29
6,273.0,4.255400200135653,4.495012504912604,,,,0.0,1.0,26.76699350995305,0.5173526947673202,6.365046591888195,0.2086094695349163,0.0157602966250063,31.0,29
6,274.0,4.255850714729196,4.403422198109951,,,,0.0,0.0,102.35764402295476,0.5327372975424415,9.518626355015163,0.330169076442421,0.0157716101768583,30.0,29
6,275.0,4.256397056890032,4.564839677858638,,,,0.0,0.0,98.46622031832956,0.5679559976251601,12.18345038216692,0.5502519425932667,0.0157853356456193,29.0,29
6,276.0,4.482191237405079,4.376992509407651,,,,0.0,1.0,33.02382713417419,0.6050206655126424,11.959178511234091,0.4515753356103686,0.0219689086424039,28.0,29
6,277.0,4.482415155293163,4.433341607339661,,,,0.0,1.0,24.118054782422558,0.7287052768813205,16.365408564424094,0.6110280676593468,0.0219755469264285,27.0,29
6,278.0,4.490081799503976,4.243200439883377,,,,0.0,1.0,33.02512825078911,0.4425489120515105,11.36961153426654,0.4412904167097524,0.02220343769213,26.0,29
6,279.0,4.560038168000226,4.5334104554038674,,,,0.0,1.0,41.86307123366242,0.5999204179174542,12.27865497031773,0.5545964439327572,0.024337190856175,25.0,29
6,280.0,4.583186219035765,4.626909363536332,,,,0.0,1.0,24.127213944075308,0.4173996536192653,15.084732470724322,0.580217418019036,0.0250647860414476,24.0,29
6,281.0,4.793111498660521,4.761920187939013,,,,0.0,0.0,94.03869760773344,0.5794911621259548,9.08678337482641,0.5403579621211443,0.0321524884662858,23.0,29
6,282.0,4.922909212300322,5.053750431587218,,,,0.0,0.0,118.66383809459856,0.587005328035664,11.655966238432216,0.6539033995637824,0.0369757983874944,22.0,29
6,283.0,4.985760713923503,5.327840231531416,,,,0.0,1.0,33.57332628477634,0.6122816215645014,13.628607379819346,0.7399347269258125,0.0394324561296198,21.0,29
6,284.0,5.513212186254831,5.393747840900349,,,,0.0,1.0,32.6231280458872,0.4008673880899144,18.184302566395505,1.0422203933276886,0.0631623549313978,20.0,29
6,285.0,5.542127473740466,5.629560853709176,,,,0.0,1.0,31.435072426994545,0.5676364138849875,14.852451732287047,1.0269435240741902,0.0646241209274608,19.0,29
6,286.0,5.706151463982942,5.918240615463938,,,,0.0,1.0,36.85999670931361,0.6603360886581763,17.327737808468502,0.728647906825507,0.0732325574601702,18.0,29
6,287.0,5.714418395870578,5.821846076932951,,,,0.0,0.0,105.62514507214684,0.5590272282687605,13.81777145714419,0.9328228644403436,0.073680672278406,17.0,29
6,288.0,6.577150747675264,6.629790875385926,,,,0.0,1.0,34.41843219284174,0.6806716152594423,21.872537306680613,0.7769088056528157,0.1279600747159369,16.0,29
6,289.0,6.606021596363575,6.580374454889746,,,,0.0,1.0,27.58048526002544,0.3936238409352167,20.42477089790977,1.247683795295929,0.130033917534405,15.0,29
6,290.0,6.847856172368498,6.731510971424168,,,,0.0,1.0,26.898175621468383,0.4974600232531088,17.97634329141501,1.3075748422873317,0.1480599712323435,14.0,29
6,291.0,7.007406525373632,7.250140545251734,,,,0.0,0.0,99.53540444623265,0.391462936952511,21.8491207036055,1.1956862248936746,0.1605930705960716,13.0,29
6,292.0,7.100319243263749,7.526273928838236,,,,0.0,0.0,96.49880774148087,0.3872469641402714,25.152237440563614,1.2028398942985012,0.1681261789667901,12.0,29
6,293.0,7.149058721280964,7.198845364890467,,,,0.0,1.0,34.01099363606425,0.555825047354798,25.42565567058244,1.452383580723226,0.1721468827263763,11.0,29
6,294.0,7.153041233903093,7.159289672250272,,,,0.0,1.0,32.518119345531034,0.5120055331899654,26.94108365168981,1.2321265489980209,0.1724775149049933,10.0,29
6,295.0,7.758336370607823,7.548172060925911,,,,0.0,1.0,26.315041424193225,0.6093513955406284,28.276327261272947,1.452161093785112,0.2264176501584923,9.0,29
6,296.0,7.916835356408296,7.57715183716083,,,,0.0,1.0,21.31797692054953,0.7168263289950437,29.863530715570832,1.7352536791669122,0.2417526992202669,8.0,29
6,297.0,7.940880904015104,8.068497469589646,,,,0.0,1.0,30.094745790568076,0.5703017540973788,29.337789451994183,2.006431755059798,0.2441230410766111,7.0,29
6,298.0,8.117887401087344,7.954612579365951,,,,0.0,1.0,36.57812875964955,0.6509437112598209,28.59221197161229,1.5681703359447985,0.2619277145020857,6.0,29
6,299.0,8.224331756521787,8.159961732215589,,,,0.0,0.0,91.59173584072332,0.6141432546953167,27.404772965708872,1.5455783859411332,0.2729364230220202,5.0,29
6,300.0,8.380977424058106,8.324404500457273,,,,0.0,1.0,30.34311221645298,0.4245167321788453,33.35921005856774,1.832878088701152,0.2895491803822301,4.0,29
6,301.0,9.199943142283246,9.399989381964472,,,,0.0,1.0,20.3373644645134,0.531776310494119,35.64117150303748,2.336117130959306,0.3843929496754505,3.0,29
6,302.0,9.370775505301852,9.16445149045574,,,,0.0,1.0,33.91681164476192,0.4720646761807713,36.63911470197686,2.0679638778167995,0.4058678053895405,2.0,29
6,303.0,9.863765660758284,9.92182993145864,,,,0.0,1.0,31.406054912789767,0.4646725764868584,39.29888953095588,2.63140200606828,0.4711127904580459,1.0,29
6,304.0,10.16738828715072,9.93444714471074,catastrophic_failure_replacement,465.59381432261466,,0.0,1.0,29.109853823276293,0.5487437966922946,0.0,0.1599333630816611,0.0,0.0,29
6,304.0,0.0,0.0,catastrophic_failure_replacement,465.59381432261466,,0.0,1.0,29.109853823276293,0.5487437966922946,0.0,0.1599333630816611,0.0,99.0,30
6,305.0,0.0825395027541152,0.0,,,,0.0,0.0,82.83526820853811,0.4746545125698579,0.366743602524049,0.031142655024126,0.0,98.0,30
6,306.0,0.3846632580928659,0.4146601752738453,,,,0.0,0.0,90.60221932821412,0.5473322731414642,2.0042318744316425,0.0690703418905604,0.0,97.0,30
6,307.0,0.3872596972638173,0.3277257219598065,,,,0.0,0.0,102.9584009593678,0.3740099335102874,0.0,0.0,0.0,96.0,30
6,308.0,0.5064261665294355,0.5425330409251768,,,,0.0,1.0,28.463219401113257,0.4938246683245565,0.0,0.1309865747327277,0.0,95.0,30
6,309.0,0.5064261667177676,0.547022966685301,,,,0.0,1.0,32.10076031433814,0.5291600947955319,0.0,0.0,0.0,94.0,30
6,310.0,0.5064274449217,0.4121593101073889,,,,0.0,0.0,97.7124078643966,0.4408484224091712,4.934871051616776,0.0,0.0,93.0,30
6,311.0,0.514067500203273,0.5290744719900351,,,,0.0,1.0,33.47436675769294,0.5692189109824775,0.7474554525976735,0.0,0.0,92.0,30
6,312.0,0.6647575645792358,0.4759158351975635,,,,0.0,1.0,34.60066998300344,0.4407016577996884,0.0,0.0,0.0,91.0,30
6,313.0,0.6647722529752826,0.6454446301068032,,,,0.0,0.0,96.73934815391068,0.5785066004614275,1.0517607453493665,0.0,0.0,90.0,30
6,314.0,0.8886215111406606,0.8621213677461871,,,,0.0,1.0,27.06280572552444,0.6280624317685325,1.5638002720869215,0.2484303574334086,0.0,89.0,30
6,315.0,1.0081447701882844,0.946664494024051,,,,0.0,0.0,99.58431382122158,0.5723654881452053,0.0,0.0,0.0,88.0,30
6,316.0,1.1994291605448109,1.385905620767901,,,,0.0,1.0,17.76767406056272,0.4692434471113829,3.719356145168993,0.2918403651027278,0.0,87.0,30
6,317.0,1.1994312471861888,1.3592786787131983,,,,0.0,1.0,36.90878256162601,0.4606386153615631,0.0,0.0,0.0,86.0,30
6,318.0,1.2108725556725015,1.1404180067869838,,,,0.0,1.0,33.098087316022706,0.5740832813425443,0.8587686334790219,0.0,0.0,85.0,30
6,319.0,1.211106497498067,1.1589502051508709,,,,0.0,1.0,24.55172592044144,0.5591925876468442,0.6595127662681162,0.1453745926648743,0.0,84.0,30
6,320.0,1.2622621446994853,1.3729834247257144,,,,0.0,1.0,40.58053230865506,0.4976829776399136,5.076498295939532,0.0950238850792784,0.0,83.0,30
6,321.0,1.2624901272005602,1.2907246976714606,,,,0.0,0.0,95.673591626186,0.4262082117249931,4.904014176690069,0.0559579115980013,0.0,82.0,30
6,322.0,1.3359299664650697,1.7453085436463955,,,,0.0,1.0,28.70492140562872,0.6002278832497573,7.992403966352114,0.2463668317949701,0.0,81.0,30
6,323.0,1.3413810062533678,1.2986336690941351,,,,0.0,0.0,106.62094408973806,0.6924023434757481,7.38954661332103,0.0,0.0,80.0,30
6,324.0,1.3422221724319312,1.393908835072195,,,,0.0,1.0,29.63657444439037,0.5670729678292139,5.882024984412088,0.245330475129992,0.0,79.0,30
6,325.0,1.4121785666194888,1.4210271608943836,,,,0.0,1.0,32.21749321312163,0.6282852423261734,0.6756794995025597,0.0685811300598851,0.0,78.0,30
6,326.0,1.4231439978129434,1.4346414273923105,,,,0.0,1.0,34.471905918900305,0.5330398956973535,2.006605539566723,0.1791354573224335,0.0,77.0,30
6,327.0,1.4735616969910292,1.4977013537005417,,,,0.0,0.0,106.3929943257262,0.6430245440132142,3.561394099698706,0.2874663771649443,0.0,76.0,30
6,328.0,1.4738993612007618,1.4122866933167242,,,,0.0,0.0,104.99214711014804,0.4376370772930527,4.683278738781102,0.0,0.0,75.0,30
6,329.0,1.4739125912729236,1.558942666202252,,,,0.0,1.0,35.76989045291683,0.5215488076968553,1.6055378039457646,0.2188233432713159,0.0,74.0,30
6,330.0,1.6785251480476062,1.635733573408976,,,,0.0,1.0,30.899858525738125,0.4369747010142273,0.0,0.0156052463180658,0.0,73.0,30
6,331.0,1.708806857814476,1.3566533732354014,,,,0.0,0.0,89.61875876709401,0.5048169005900397,2.547568694077447,0.2356163657080301,0.0,72.0,30
6,332.0,1.708820438211223,1.4826067324374488,,,,0.0,1.0,23.44292912185763,0.6360306534254101,7.697291194363765,0.0951910140146574,0.0,71.0,30
6,333.0,1.7120813876765644,1.5525738593303913,,,,0.0,1.0,21.417256478129605,0.5444209121505498,0.0,0.2469309797419753,0.0,70.0,30
6,334.0,1.7120815553608613,1.682180068724528,,,,0.0,1.0,32.38421979473613,0.6203653237299583,7.89333531589852,0.0411167874676742,0.0,69.0,30
6,335.0,1.7121881144546327,1.817210093837915,,,,0.0,1.0,26.476472764484036,0.4891159046058849,0.2046140946110224,0.0,0.0,68.0,30
6,336.0,1.712188401815955,1.661924336861221,,,,0.0,1.0,29.068523384281256,0.6373270537795866,3.5350578639964763,0.324986443204541,0.0,67.0,30
6,337.0,1.834538842581083,1.6865747941416884,,,,0.0,1.0,26.90262343947288,0.5354222183726225,2.393459836973689,0.0,0.0,66.0,30
6,338.0,1.83582294347772,1.759408050569622,,,,0.0,1.0,31.608637454207127,0.3969448273377228,9.119619202403197,0.0,0.0,65.0,30
6,339.0,1.9172055060225643,1.968997972904585,,,,0.0,1.0,25.53341976879188,0.4896378160576053,6.070210469064191,0.0,0.0,64.0,30
6,340.0,1.917636384225592,2.057494217563785,,,,0.0,1.0,26.63826387007073,0.5694066757308621,2.261345543216912,0.1692715498890615,0.0,63.0,30
6,341.0,1.932793066437398,1.9108145705632509,,,,0.0,0.0,97.4318414049317,0.5748503394092583,0.0,0.0,0.0,62.0,30
6,342.0,1.93608429945575,2.132553526843618,,,,0.0,1.0,24.203353403409263,0.6399574868643142,1.2427690042067825,0.2170298105048702,0.0,61.0,30
6,343.0,2.0025201200410367,2.2875401009648293,,,,0.0,1.0,28.314635813542026,0.5425447598325293,4.617524881721734,0.2286145189138618,0.0,60.0,30
6,344.0,2.049024798226415,2.087607033839124,,,,0.0,1.0,27.683027602321065,0.3354121248331919,3.24239315121258,0.0503071326197265,0.0,59.0,30
6,345.0,2.0493889587572194,1.8108588087153128,,,,0.0,1.0,34.811908941841416,0.4258065752360297,4.793593103822596,0.1104961073008173,0.0,58.0,30
6,346.0,2.049447098736417,2.0701071620751144,,,,0.0,1.0,21.188254270169672,0.6011561214976339,5.869431192553913,0.0567512661951464,0.0,57.0,30
6,347.0,2.151512659540588,2.3938857681242065,,,,0.0,1.0,29.47204681696688,0.5049256687640173,1.913342886032093,0.1091500402389201,0.0,56.0,30
6,348.0,3.073398440233472,2.7810442302986726,,,,0.0,1.0,21.369691646351832,0.5485879271574058,8.811233454006643,0.2023990071510754,5.387331028706557e-05,55.0,30
6,349.0,3.230553666702196,3.253628973350178,,,,0.0,1.0,24.7490979652446,0.6886713453222632,4.362861997179717,0.233301095328509,0.0005315499322982,54.0,30
6,350.0,3.2338820647633075,3.1622757423574805,,,,0.0,1.0,26.07057018560687,0.5353884055159048,4.389448828995626,0.1791940929984433,0.0005470082021794,53.0,30
6,351.0,3.3661689468080223,3.496390501291003,,,,0.0,1.0,26.923931327803142,0.493310197418653,6.375174329495801,0.3957956224038073,0.0013407969760649,52.0,30
6,352.0,3.367480578165665,3.4016945491226744,,,,0.0,1.0,37.25476330344599,0.6198367215411805,7.140849683813388,0.4034125638290755,0.0013504197532897,51.0,30
6,353.0,3.4288047092865077,3.447308800797755,,,,0.0,1.0,30.30790004993523,0.6255188957213627,2.934270497823521,0.2478113150154881,0.0018387347870628,50.0,30
6,354.0,3.438157125183758,3.707814750259149,,,,0.0,0.0,103.17850670896412,0.514516617452929,8.046054812003222,0.5702684026713074,0.0019198166634929,49.0,30
6,355.0,3.540946642661354,3.436145276477728,,,,0.0,0.0,95.57624195994607,0.6396797859633998,4.355326713010817,0.4622589892007457,0.0029262327020659,48.0,30
6,356.0,3.548467091129964,3.674859204835208,,,,0.0,1.0,27.975825034585288,0.8279946724964744,4.63776500629332,0.3285034102055451,0.0030081615005256,47.0,30
6,357.0,3.567960813768422,3.578085386421218,,,,0.0,1.0,32.521700766986925,0.5223272475347086,16.46925306519976,0.3109527777262951,0.0032257948597648,46.0,30
6,358.0,3.7847762294193705,3.983933747173481,,,,0.0,1.0,26.03469235296048,0.5014447216681398,8.265879035400255,0.3548532285029261,0.0061587373026168,45.0,30
6,359.0,3.785496240405835,3.600846542416276,,,,0.0,1.0,27.997382554975065,0.623845056952661,9.501067767976124,0.226792985511343,0.006170043436917,44.0,30
6,360.0,3.870979007274836,3.7351092219705313,,,,0.0,1.0,26.83863735991675,0.3464969472290063,9.46799368677071,0.3265634099450906,0.0075860443111345,43.0,30
6,361.0,3.872733702205179,3.859390619539505,,,,0.0,1.0,28.447819747298208,0.5472291102506542,9.691174314433228,0.2725016924009329,0.0076166411496475,42.0,30
6,362.0,4.098549661325451,4.213112420232959,,,,0.0,0.0,96.05538652636842,0.5773653193443649,7.60789027681116,0.365321741699772,0.0120681135839826,41.0,30
6,363.0,4.182791668031835,3.925341602656372,,,,0.0,1.0,25.27970297879741,0.5962576457541919,14.475415802383983,0.3461577012119464,0.0139899612996553,40.0,30
6,364.0,4.301583369032443,4.331728461486432,,,,0.0,1.0,32.04664802469029,0.519266006902389,15.88748915133522,0.3456787320375478,0.0169411926654184,39.0,30
6,365.0,4.30381055087377,4.342386505398793,,,,0.0,0.0,92.11884728365348,0.4638577464904676,13.607190552639455,0.4546478050267775,0.0169992195256976,38.0,30
6,366.0,4.421217016268364,4.484819872839357,,,,0.0,1.0,37.09811604656963,0.4190681160783507,8.515898497057854,0.3446461413796923,0.0201985780733075,37.0,30
6,367.0,4.462451736056287,4.546391617919662,,,,0.0,1.0,32.86668228850793,0.3886938793115861,9.220905594442018,0.2784511491296856,0.0213876508029404,36.0,30
6,368.0,4.505412563465984,4.262625660741176,,,,0.0,1.0,26.031773697474723,0.3906838722637288,9.52011971385692,0.6239627321032146,0.0226626698624122,35.0,30
6,369.0,4.505834401537676,4.51446095341194,,,,0.0,1.0,36.23677982087195,0.5213810930246081,13.74801439748337,0.3383637508597406,0.0226753724485433,34.0,30
6,370.0,4.52543794631107,4.661034314116145,,,,0.0,1.0,27.14947177072723,0.3649824838956347,16.70931865915831,0.3450944801996772,0.0232696092804573,33.0,30
6,371.0,4.558714342087278,4.649320919525314,,,,0.0,0.0,95.78164715995617,0.4917495959360616,16.692454264876247,0.5085664833038543,0.0242959040022857,32.0,30
6,372.0,4.575273993665252,4.643929689201838,,,,0.0,0.0,90.44878786416992,0.4216157934873255,10.231950211474093,0.4154223934169748,0.0248148815511807,31.0,30
6,373.0,4.771082567442519,4.963979153588952,,,,0.0,1.0,26.875861584657656,0.6129755493478755,10.09891679000274,0.5765672593670099,0.0313673346069878,30.0,30
6,374.0,4.995484743406834,5.148414072861125,,,,0.0,1.0,26.28935578446205,0.500388398853024,15.125294149980531,0.6311477557780545,0.0398195936116943,29.0,30
6,375.0,5.002395040852208,5.116821214275115,,,,0.0,1.0,26.21468186457397,0.4036982165102839,15.502641692248451,0.7378368129577818,0.0400958589962951,28.0,30
6,376.0,5.074176109341902,5.017715214335944,,,,0.0,1.0,27.65753789435244,0.5945808036613823,13.849752725204867,0.4517385683289927,0.0430220653256471,27.0,30
6,377.0,5.094130044322762,5.140622818693555,,,,0.0,1.0,36.51301900688021,0.7421180795247583,7.744655060136198,0.9950756744702088,0.0438538064253525,26.0,30
6,378.0,5.096680621496859,5.075337744491999,,,,0.0,1.0,35.13534270120936,0.5438820392199151,17.193812064763176,0.4176080086910038,0.0439606962856045,25.0,30
6,379.0,5.189481333048573,5.091246444855302,,,,0.0,1.0,26.146826996743485,0.4976305416114281,16.294756783138727,0.8085021284658643,0.0479382850776815,24.0,30
6,380.0,5.566438069330459,5.815066167653113,,,,0.0,1.0,31.05152664461401,0.6583127176385155,18.276473664306483,0.7593903338772012,0.0658660436370865,23.0,30
6,381.0,5.567687580251628,5.468448155542665,,,,0.0,0.0,99.91000272804904,0.4716175313078193,24.152900013886185,0.5123859301652598,0.0659301950977846,22.0,30
6,382.0,5.620116728480605,5.740691431208726,,,,0.0,1.0,33.7792359491126,0.9081143730693256,23.756263429512824,0.692398958082968,0.0686501167086391,21.0,30
6,383.0,5.645263767457173,5.465888579691671,,,,0.0,1.0,29.644896068658024,0.5701106013427597,13.749242181684563,0.7562454168269624,0.0699742039942172,20.0,30
6,384.0,6.03355296882586,6.141319210108669,,,,0.0,0.0,110.8465169858708,0.3444903660973774,15.826982971222357,0.839894877397653,0.0920244361467218,19.0,30
6,385.0,6.042145416892513,5.838322714354094,,,,0.0,1.0,36.76893166755927,0.6330782707727857,17.95624303858765,1.005261934413785,0.0925464873752012,18.0,30
6,386.0,6.050745437148249,6.144658901999257,,,,0.0,1.0,35.16119807345606,0.408818496607799,19.04348900007823,1.0984938618526945,0.0930704772228086,17.0,30
6,387.0,6.071905233519663,6.19838568770404,,,,0.0,0.0,108.15472840156266,0.6548160246956662,23.76073284032524,1.2344845268336666,0.0943660176372549,16.0,30
6,388.0,6.155122043671643,6.20680461398447,,,,0.0,1.0,27.426577463995773,0.646748233101586,20.966076387956168,1.284840716566254,0.0995479511046272,15.0,30
6,389.0,6.490989009415449,6.488465690441511,,,,0.0,1.0,29.898054279833488,0.528636776602079,21.94570561828843,0.8810795396297674,0.1218700426385945,14.0,30
6,390.0,6.627191039234559,6.445560109733369,,,,0.0,1.0,28.997089034970173,0.4847381583491708,23.048197123429865,1.0502946319757582,0.1315651483510348,13.0,30
6,391.0,6.673835565215523,6.6860183684183045,,,,0.0,1.0,34.58237946176077,0.6900021734732877,24.621986001999336,1.2118016527014692,0.1349706776024245,12.0,30
6,392.0,6.675375073976852,6.684333245674144,,,,0.0,1.0,25.3457344675418,0.6011644759685253,21.434063133446287,0.8764753291677723,0.1350838193441035,11.0,30
6,393.0,7.81073240188024,7.881818758013773,,,,0.0,0.0,99.67698996202977,0.442125927385599,29.924611826006533,1.27581234110843,0.2314314624250043,10.0,30
6,394.0,7.821326159990504,7.801328228575281,,,,0.0,0.0,105.67257141514833,0.6291839596236861,32.501430801354466,1.3287060913714748,0.2324518594100879,9.0,30
6,395.0,8.045725478111908,7.793261752868323,,,,0.0,1.0,35.96640448658246,0.4262274145702612,31.51186843489367,1.5113401740904722,0.2545934560046765,8.0,30
6,396.0,8.764915643799696,8.741968850821761,,,,0.0,1.0,34.96787698596282,0.5364613287571988,31.83297776961135,2.040467024711438,0.3323425238012648,7.0,30
6,397.0,8.93902286467901,9.18871856626811,,,,0.0,1.0,23.268621533058703,0.6992911952840029,36.90544754144097,1.9427142873914771,0.3527199258718009,6.0,30
6,398.0,9.12297853859758,9.00743664189303,,,,0.0,0.0,84.06096711365707,0.5936251550212661,29.25635893586004,1.9489225189170984,0.3749086618412657,5.0,30
6,399.0,9.521606155878402,9.28360789824912,,,,0.0,0.0,103.09851609224854,0.5527896482923479,40.33398856020583,2.3495906367195296,0.4253134685239105,4.0,30
6,400.0,9.602468490118524,9.809601405785234,,,,0.0,1.0,21.25052135396251,0.4951258128472847,41.35328817034225,2.388681927483934,0.4359259016300796,3.0,30
6,401.0,9.701891365613422,9.79482252672667,,,,0.0,1.0,34.81057808632003,0.5129761672789297,40.67980679345225,2.38479216304134,0.4491534787648373,2.0,30
6,402.0,9.97557178947502,10.071443871452706,,,,0.0,1.0,30.609957692404976,0.6851583001171331,42.05973664846263,2.494026091433948,0.4865860179011975,1.0,30
6,403.0,10.530891369834436,10.48569589871701,catastrophic_failure_replacement,385.634891956517,,0.0,0.0,98.9196396114675,0.6201359628807743,2.504362988261156,0.1514587869736531,0.0,0.0,30
7,0.0,0.0,0.0,,,,0.0,1.0,30.96413272813723,0.716045778047346,0.0,0.0882034973696457,0.0,99.0,32
7,1.0,0.0017159922143417,0.1259854414052946,,,,0.0,1.0,24.906936392514723,0.6614349755970819,0.0,0.2833038502827426,0.0,98.0,32
7,2.0,0.0052920068576023,0.0,,,,0.0,1.0,32.06847738370327,0.6924031498802714,0.0,0.0,0.0,97.0,32
7,3.0,0.0692617426321636,0.0,,,,0.0,0.0,102.43953919290016,0.469929542659904,2.9555156407692507,0.0,0.0,96.0,32
7,4.0,0.0785824701499607,0.0493087592746322,,,,0.0,1.0,26.27816152246636,0.7094892584863037,0.7180303981267039,0.0,0.0,95.0,32
7,5.0,0.1190602573398364,0.0,,,,0.0,1.0,34.3048049268946,0.6861496069072277,2.546733216666944,0.0,0.0,94.0,32
7,6.0,0.153645033548731,0.0,,,,0.0,1.0,27.807486335019227,0.5668979632122028,0.0,0.1299043145715522,0.0,93.0,32
7,7.0,0.2323734784118605,0.296191959791521,,,,0.0,1.0,26.628084394799323,0.5886350917216244,0.571347865601052,0.0,0.0,92.0,32
7,8.0,0.2818266421826888,0.2426635852135525,,,,0.0,1.0,30.605785720510745,0.5481373513664041,0.0,0.0873560831067497,0.0,91.0,32
7,9.0,0.2820171785153342,0.3393223152355172,,,,0.0,0.0,116.77721860382826,0.5331424592232262,0.0,0.1427658503725273,0.0,90.0,32
7,10.0,0.3045339721479637,0.3331712847757457,,,,0.0,0.0,91.81323189542935,0.6234357754762228,0.0,0.0,0.0,89.0,32
7,11.0,0.5424307305384808,0.5315721384973585,,,,0.0,1.0,31.329518366298576,0.5690987676475855,0.0,0.2291612931346332,0.0,88.0,32
7,12.0,0.5728232302282492,0.448388497970473,,,,0.0,1.0,35.43908556266762,0.8223933507993523,1.1420474660524829,0.0,0.0,87.0,32
7,13.0,0.6041173571089185,0.6828043160226364,,,,0.0,1.0,31.918572097917824,0.7062281772413959,2.725469558377794,0.0,0.0,86.0,32
7,14.0,0.6307491950478482,0.3038325521999424,,,,0.0,1.0,37.6648568371386,0.7029351263674203,0.0,0.0,0.0,85.0,32
7,15.0,0.6345178964552592,0.5416633787592303,,,,0.0,0.0,100.64013830606436,0.4588805099876617,3.1006644915018606,0.0,0.0,84.0,32
7,16.0,0.6728053625698647,0.5439190979151037,,,,0.0,0.0,95.54033428608123,0.739023458351241,0.0,0.0,0.0,83.0,32
7,17.0,0.7515589038886361,0.8736348453467071,,,,0.0,1.0,25.85916520340484,0.5928265093932391,0.0,0.0,0.0,82.0,32
7,18.0,0.752094065119379,0.5123641493365114,,,,0.0,0.0,97.6950716833,0.5035027270171164,0.1474567970429894,0.0781405443425392,0.0,81.0,32
7,19.0,0.7520981229114113,0.766766704581714,,,,0.0,1.0,39.470775015579406,0.3978026030331624,2.9669193909593954,0.0953270583171516,0.0,80.0,32
7,20.0,0.9681735656473994,0.9382027018396192,,,,0.0,0.0,111.77527006691145,0.5960561293435068,0.0,0.1507272229180821,0.0,79.0,32
7,21.0,0.9789749634895616,0.848459643937921,,,,0.0,1.0,33.35691234864433,0.5102082009159253,0.0,0.1796247378645078,0.0,78.0,32
7,22.0,0.9820732670618514,0.8949967839417645,,,,0.0,1.0,21.33584960031333,0.4126644125401424,5.250113179482064,0.2237367678647073,0.0,77.0,32
7,23.0,1.1303386638577095,1.2518113568993496,,,,0.0,0.0,107.83617635383044,0.5609557642607705,0.0,0.0018790526757227,0.0,76.0,32
7,24.0,1.13033981559928,1.2095900270768527,,,,0.0,1.0,34.347251933718105,0.6368007849102642,2.7701859189241693,0.3226393017881475,0.0,75.0,32
7,25.0,1.1938758692210774,1.3305736365922944,,,,0.0,0.0,100.03957371819176,0.4862662209763082,6.428556122823549,0.0,0.0,74.0,32
7,26.0,1.7890946768693998,1.9150999440520948,,,,0.0,1.0,28.993984686613206,0.5406592782529422,0.7451103056388435,0.0,0.0,73.0,32
7,27.0,1.7924171426302784,1.8298791667175056,,,,0.0,1.0,34.089164607047465,0.4825428369059152,3.245887261153619,0.0,0.0,72.0,32
7,28.0,1.7924185930173266,1.6706118082950396,,,,0.0,1.0,33.405036069062994,0.5936232178893427,10.136912266899508,0.0495720288157771,0.0,71.0,32
7,29.0,1.7925236600024776,1.7582045679411211,,,,0.0,1.0,36.81638772392987,0.7441274615881264,0.0328487896745803,0.2223777447375971,0.0,70.0,32
7,30.0,1.793310299110751,1.8775842643636635,,,,0.0,1.0,28.73036416753908,0.5586624398425907,2.844233370956855,0.0,0.0,69.0,32
7,31.0,1.957970328264883,1.941038360001353,,,,0.0,0.0,94.20488818699548,0.7420126712300338,3.4833581701277128,0.2095268931724507,0.0,68.0,32
7,32.0,1.9859561453272847,1.985067189635726,,,,0.0,1.0,36.838913343582746,0.7297001223965865,10.385731237200527,0.0927087426975456,0.0,67.0,32
7,33.0,2.596992774004725,2.782353613175818,,,,0.0,1.0,29.391213508510305,0.4761609673657392,3.7615327289122726,0.359345418969683,0.0,66.0,32
7,34.0,2.6003545969621724,2.429591451476512,,,,0.0,1.0,26.202297598049352,0.840355299969407,0.0,0.1660223402385894,0.0,65.0,32
7,35.0,2.604378265724331,2.6843051877161024,,,,0.0,1.0,25.00720337412487,0.5795387459091219,4.6672063440928975,0.4224610550340406,0.0,64.0,32
7,36.0,2.6212387794294205,2.634906549558087,,,,0.0,1.0,32.30403426216519,0.3647840238445048,9.198154278648635,0.095006543890041,0.0,63.0,32
7,37.0,2.91937335045799,2.889042710911327,,,,0.0,1.0,32.88019370593032,0.5300141229462664,3.5643396439716577,0.054360307068006,0.0,62.0,32
7,38.0,2.9231640604469176,2.864780445280839,,,,0.0,1.0,27.1438600745606,0.5616696935654993,5.495588139683719,0.0,0.0,61.0,32
7,39.0,2.9272753256439783,2.892337558504725,,,,0.0,0.0,105.6703947623377,0.6129558120705322,9.311661298117563,0.3110444824206201,0.0,60.0,32
7,40.0,2.927275354036835,2.925992839586851,,,,0.0,1.0,36.19966754557436,0.6075816830765042,8.586593589346716,0.1739925681688455,0.0,59.0,32
7,41.0,2.9294373013074844,3.023711495769184,,,,0.0,1.0,17.616313551280605,0.6098766701815488,13.733021459678856,0.10073389733467,0.0,58.0,32
7,42.0,2.9918421466068144,3.082329885621736,,,,0.0,0.0,106.97272830884216,0.4438036998419291,5.640029397443069,0.3083438629536954,0.0,57.0,32
7,43.0,3.0166199112782643,3.0181474621895283,,,,0.0,0.0,99.3211765529816,0.5781100512501904,4.462027525980401,0.1394648960276745,2.76221450897382e-06,56.0,32
7,44.0,3.025230427469257,3.025986351157832,,,,0.0,1.0,30.012219754987527,0.5240202835646799,6.6710669913003775,0.3054764575350355,6.365744702814477e-06,55.0,32
7,45.0,3.0252316824232004,2.9157908943880706,,,,0.0,1.0,23.04253461566905,0.5722798489846336,6.502107540434371,0.1525323471570247,6.3663779790525664e-06,54.0,32
7,46.0,3.0506619742818764,2.883207810457555,,,,0.0,0.0,92.65516250978716,0.5769023704315608,2.346094640552452,0.236537667771294,2.5666356381375123e-05,53.0,32
7,47.0,3.058410339828156,3.154140748943335,,,,0.0,1.0,25.425205597043984,0.4297479695930858,9.58868365582338,0.2200498406604902,3.4117677988406694e-05,52.0,32
7,48.0,3.0584120786668745,3.168508696042143,,,,0.0,1.0,26.44184242034682,0.3870588911254885,1.0934959699844953,0.1385687193971453,3.4119709341851455e-05,51.0,32
7,49.0,3.076785778528763,2.6681362923783167,,,,0.0,1.0,33.88284364471017,0.4750968672865788,9.507757976473863,0.1839599944419133,5.896055784268225e-05,50.0,32
7,50.0,3.173236055329229,3.1383717390473755,,,,0.0,1.0,21.41396066906131,0.6480738281211655,8.438818129099337,0.2345031642473484,0.0003001073086603,49.0,32
7,51.0,3.179657717697287,3.257445852709937,,,,0.0,1.0,24.114697619862252,0.6220727569122704,4.16579512722004,0.3995558117102107,0.0003227689552819,48.0,32
7,52.0,3.2770636074055868,3.232444605389238,,,,0.0,1.0,37.47061338665841,0.5949526453723077,11.370038811700656,0.2151743321697589,0.0007676424254859,47.0,32
7,53.0,3.324074158928188,2.5940294812232576,,,,0.0,0.0,105.11671352587614,0.4721599767874221,9.0131442607959,0.4277803301380484,0.0010502406048501,46.0,32
7,54.0,3.389949355678077,3.2874517848062634,,,,0.0,1.0,36.05694382493847,0.5973575781198781,1.9291446041814817,0.446526975187225,0.0015206049999374,45.0,32
7,55.0,3.404292957685833,3.423718233640216,,,,0.0,0.0,111.58516230350432,0.5529656050874296,11.452856182061064,0.7179829154973366,0.0016345279563435,44.0,32
7,56.0,3.4128271828526207,3.525397144418967,,,,0.0,1.0,30.97258705977063,0.661590445832532,5.896160690959245,0.4009573206571941,0.0017042628290203,43.0,32
7,57.0,3.463958232421404,3.565760633016665,,,,0.0,1.0,23.882316602259323,0.6578649786366078,8.751167556144638,0.178253331553463,0.0021525724143159,42.0,32
7,58.0,3.614072933643606,3.6971768793172166,,,,0.0,0.0,102.51392768618284,0.5665671991240111,10.055349756296788,0.1938633003064565,0.0037708556783366,41.0,32
7,59.0,3.6155985703375193,3.569907896125321,,,,0.0,1.0,26.545843681609924,0.5270878605599777,10.449557799927042,0.3092944541327437,0.0037896159980159,40.0,32
7,60.0,3.6190582655931776,3.5834791790919174,,,,0.0,1.0,33.75414438046634,0.6529163270530276,10.24153946642611,0.5518777839941771,0.0038323313619923,39.0,32
7,61.0,3.648477446120345,3.8649034150771535,,,,0.0,1.0,23.8954912425602,0.6609532829275525,5.2054050761489,0.278378181732847,0.0042052299812676,38.0,32
7,62.0,3.693981980172684,3.832879423895057,,,,0.0,1.0,33.97203515822257,0.7000247271924911,9.746646477031591,0.4636375486245069,0.004816109888044,37.0,32
7,63.0,3.83111714461076,3.728246188274689,,,,0.0,0.0,101.63667425799945,0.6480874571883236,10.489459444049409,0.0007105990396077,0.0069075570806594,36.0,32
7,64.0,3.831269087049761,3.7623829320530535,,,,0.0,1.0,23.056110849331773,0.619858900880492,10.852154165148796,0.2789421805374825,0.0069100829508454,35.0,32
7,65.0,3.8361553738141607,3.865208740191014,,,,0.0,1.0,30.48856154047376,0.4407305773347637,9.115215803210848,0.3369563027608246,0.0069915580915829,34.0,32
7,66.0,3.84537983515193,3.838930081177717,,,,0.0,0.0,111.28474445409265,0.8261391742582453,8.11253228661648,0.3591294373382946,0.007146670656815,33.0,32
7,67.0,3.849282542471759,3.9456280812743993,,,,0.0,0.0,95.7178556658916,0.6374356300400073,13.380332845241025,0.4549797387722877,0.0072128083694729,32.0,32
7,68.0,4.127866023524168,3.955185309985586,,,,0.0,1.0,27.048193888441485,0.384822507957555,7.789481468541654,0.441331489193089,0.0127208176702021,31.0,32
7,69.0,4.130485763359981,4.207049805910051,,,,0.0,0.0,98.67817013412711,0.5128829172862525,14.93035168278354,0.5017754693408515,0.0127799806115959,30.0,32
7,70.0,4.197499229465162,4.274604685488345,,,,0.0,1.0,32.155433955726544,0.5951440217473127,10.007672338182436,0.2358927478394546,0.0143400440456965,29.0,32
7,71.0,4.401862603690582,4.330279920293203,,,,0.0,1.0,27.87689871456244,0.74971773761665,11.194756304466727,0.6022700242556849,0.0196521875962613,28.0,32
7,72.0,4.4031776619199015,4.178504134134065,,,,0.0,1.0,29.186670110922734,0.5356520435770344,18.310258810720903,0.5902427079503919,0.01968907550911,27.0,32
7,73.0,4.75392513846181,4.8316205474014025,,,,0.0,1.0,23.24310594474604,0.5992118113135202,11.969687611359872,0.6311852111893328,0.0307625339132827,26.0,32
7,74.0,4.987379447641714,4.844125054266413,,,,0.0,0.0,108.38830332930372,0.7135297296307489,18.411724525268657,0.4934376091381935,0.0394967706890868,25.0,32
7,75.0,5.297938070010556,5.178214093456538,,,,0.0,1.0,20.11700276435341,0.5796408206371172,16.036444064813285,0.5252254209611016,0.0528051937360384,24.0,32
7,76.0,5.308500298360817,5.628788428466619,,,,0.0,1.0,25.65745043857012,0.4582214658148572,8.294896307043444,0.6368043085562554,0.0532917362753198,23.0,32
7,77.0,5.320081612392215,4.8898389520934185,,,,0.0,1.0,36.40871676517296,0.5365774226837253,15.886298385749583,0.7685332489453796,0.0538277868816046,22.0,32
7,78.0,5.32093659944753,5.156418071546072,,,,0.0,1.0,25.46108990169328,0.6230200060389149,20.23848287258572,0.6758321380000312,0.0538674669865506,21.0,32
7,79.0,5.424752732117446,5.469993725157116,,,,0.0,1.0,33.10154137112048,0.7581914809947633,14.655823167057996,0.5947071253891861,0.0587942581191101,20.0,32
7,80.0,5.424796339615493,5.144144320918823,,,,0.0,0.0,108.69762196262072,0.6103422815773428,9.873049585877812,0.7250555692497436,0.0587963728861269,19.0,32
7,81.0,5.426987628804751,5.500213717748884,,,,0.0,0.0,100.93879712578378,0.4958164241923927,17.557167488933665,0.7031295143316542,0.0589026895037131,18.0,32
7,82.0,5.749435564362379,5.765608559817294,,,,0.0,0.0,106.789795556939,0.5171773479223292,16.459085890957326,0.7021709385550705,0.0755939592258067,17.0,32
7,83.0,6.229397837907205,6.127892467833681,,,,0.0,0.0,82.60866955833909,0.6386730096124663,24.17708680318105,1.0241424343956531,0.1042901039547972,16.0,32
7,84.0,6.271366346185228,6.138529420212215,,,,0.0,1.0,27.14316444190804,0.5202450784979737,23.216378141500652,0.9560354020595704,0.1070183777095328,15.0,32
7,85.0,6.289114542762421,5.978883455556863,,,,0.0,0.0,101.37161557549744,0.6613540610415373,17.40203350538831,1.1249730227501535,0.1081827447541125,14.0,32
7,86.0,6.299699058191485,6.461618864887607,,,,0.0,0.0,85.45760971627894,0.337996364104273,21.6764450713956,0.8917786401591448,0.1088801387462977,13.0,32
7,87.0,6.516986505747609,6.460259267863596,,,,0.0,1.0,30.789927374003813,0.5596257593030916,20.22700727118782,1.2555247610145794,0.1236919408161078,12.0,32
7,88.0,6.5196589483303855,6.48564959427708,,,,0.0,1.0,27.30915373313141,0.5481207690517329,24.394788006943035,1.0909286812903298,0.1238799911256215,11.0,32
7,89.0,6.568020389591141,6.552485627147283,,,,0.0,1.0,26.106106687625115,0.7174861691561012,21.07681581537384,1.1489103027974177,0.1273076950053812,10.0,32
7,90.0,6.660361100063526,6.694195980862604,,,,0.0,1.0,29.177998480677942,0.5242379793888381,22.095642410495397,1.2613456334795543,0.1339824338285827,9.0,32
7,91.0,7.0229622542446535,6.886501339437773,,,,0.0,1.0,23.027138992703485,0.3986455865447086,24.22083242454979,1.3790943136677631,0.1618422529907722,8.0,32
7,92.0,7.059640095212454,7.130978672522598,,,,0.0,0.0,91.89129086342214,0.4531055421560404,21.800617610831047,1.216641652681359,0.1648067770265658,7.0,32
7,93.0,7.516245572547477,7.520345471389453,,,,0.0,1.0,26.933503532422293,0.4606353720982089,24.203793881826485,1.3256002836594796,0.2039647407155468,6.0,32
7,94.0,8.321605532283805,8.137809798979774,,,,0.0,0.0,95.74953596216152,0.497811723742103,32.78787799732715,1.942489193189328,0.2831948544123359,5.0,32
7,95.0,9.01524267520575,9.148119155101698,,,,0.0,1.0,23.63984196598671,0.6000747306041858,38.219922967772376,2.1383331473369904,0.3618314444161642,4.0,32
7,96.0,9.42846830159152,9.55750789311495,,,,0.0,1.0,27.50748820280232,0.5053014605678093,35.712098647045345,2.1012041654670983,0.4132520470456697,3.0,32
7,97.0,9.720671768982616,9.786651209579672,,,,0.0,1.0,32.183191062797704,0.6755743155165808,36.68166903409949,2.4339706310504083,0.4516742902639995,2.0,32
7,98.0,9.866088695433149,9.98625726672278,,,,0.0,1.0,29.34229830347147,0.5977948102361444,35.25245035174628,2.726566186757081,0.4714317397355487,1.0,32
7,99.0,10.63529701243629,10.728652421059715,catastrophic_failure_replacement,99.72256092391424,,0.0,1.0,34.31583609948842,0.5164833047664593,1.745900731776795,0.3088889502741838,0.0,0.0,32
7,99.0,0.0,0.0,catastrophic_failure_replacement,99.72256092391424,,0.0,1.0,34.31583609948842,0.5164833047664593,1.745900731776795,0.3088889502741838,0.0,79.0,33
7,100.0,0.2456086431104479,0.0844103610671402,,,,0.0,1.0,24.40355427959558,0.3527330619805072,0.0,0.0588349483656134,0.0,78.0,33
7,101.0,0.2456313313721346,0.245811481713608,,,,0.0,0.0,94.05816438933904,0.6916853019551092,0.0,0.0,0.0,77.0,33
7,102.0,0.2500340448891046,0.1246974443253907,,,,0.0,1.0,26.146348042735244,0.629194060602388,0.0,0.0,0.0,76.0,33
7,103.0,0.2679838689158696,0.230444018460748,,,,0.0,1.0,21.4100442973268,0.6403993879327718,4.00629858346809,0.0,0.0,75.0,33
7,104.0,0.2679838750910193,0.4294497878528991,,,,0.0,1.0,30.123652343436778,0.502497747936541,0.0,0.0,0.0,74.0,33
7,105.0,0.4308973752494071,0.1913078899154576,,,,0.0,0.0,94.79024509504248,0.6285916842967104,6.150421917428789,0.0771744249523139,0.0,73.0,33
7,106.0,0.4448801329777015,0.6598465771624145,,,,0.0,1.0,32.76433590573045,0.6322410732312329,0.1456455288184819,0.1288063636280764,0.0,72.0,33
7,107.0,0.4448860262229334,0.4792580006944966,,,,0.0,1.0,22.041018208949325,0.5040430721942171,0.0,0.0,0.0,71.0,33
7,108.0,0.4544488202908814,0.3865601427373461,,,,0.0,1.0,27.713566706008063,0.7229253896085255,0.0,0.0383252138299788,0.0,70.0,33
7,109.0,0.677091016584056,0.7212368111909215,,,,0.0,1.0,30.75428999321437,0.5648354443267986,0.0,0.0789758921234811,0.0,69.0,33
7,110.0,0.677516707459877,0.6796865870136475,,,,0.0,0.0,100.85390584771544,0.5888630353257118,1.4944074679228836,0.0,0.0,68.0,33
7,111.0,0.6832871748398186,0.811566616696814,,,,0.0,1.0,37.51333237943341,0.4262402384730349,2.1341488044091443,0.0,0.0,67.0,33
7,112.0,0.7730980658609401,0.5002230171038302,,,,0.0,1.0,30.097149507230835,0.4311633043901537,3.5898329193614336,0.0,0.0,66.0,33
7,113.0,0.9490172569761622,0.9822253929499176,,,,0.0,0.0,103.21960463827118,0.5640827035704338,5.469259348425958,0.0562405712570506,0.0,65.0,33
7,114.0,0.9490671132838864,1.2741710477421213,,,,0.0,1.0,29.21520277981258,0.4265722328067086,4.011625287469485,0.1462894994490341,0.0,64.0,33
7,115.0,1.0473435447856845,1.20304653372453,,,,0.0,1.0,34.37125622515868,0.5853222178155426,1.0359492189837889,0.0,0.0,63.0,33
7,116.0,1.0919639070862792,0.9958421399034728,,,,0.0,1.0,33.50210073122696,0.6277263981358685,2.801731886214086,0.224133031865947,0.0,62.0,33
7,117.0,1.2092607575836265,1.1819840178802978,,,,0.0,1.0,31.47111440947919,0.4777241398500079,2.056451424733429,0.0187958048269046,0.0,61.0,33
7,118.0,1.2099421008558744,1.3683588889822893,,,,0.0,0.0,102.20619732637644,0.6197084423849821,0.0,0.084342268067987,0.0,60.0,33
7,119.0,1.3187435144153028,1.1606776193645485,,,,0.0,0.0,101.65664700734187,0.4876505659109649,1.882186416805779,0.0,0.0,59.0,33
7,120.0,1.4571834321848096,1.3500485412399643,,,,0.0,1.0,30.842204530163496,0.5286996685133699,0.8518046665853147,0.0,0.0,58.0,33
7,121.0,1.4571995237623572,1.7600843258830836,,,,0.0,1.0,22.802447477896592,0.4849566552054937,0.0951046931535004,0.0,0.0,57.0,33
7,122.0,1.544876682873526,1.4085969288651123,,,,0.0,0.0,108.08485250320466,0.5635405349837909,1.2180411806980516,0.0,0.0,56.0,33
7,123.0,1.5448879145389305,1.6277742489400655,,,,0.0,1.0,22.883929854843068,0.6083472707603075,3.872446972723004,0.1723534786790071,0.0,55.0,33
7,124.0,1.5474965506920122,1.6955426700547034,,,,0.0,1.0,27.33743351421721,0.769829512904547,0.0,0.210468037657536,0.0,54.0,33
7,125.0,1.5650896815306778,1.8528750151414348,,,,0.0,1.0,24.78774946820412,0.565537771257765,4.694581644072899,0.0,0.0,53.0,33
7,126.0,1.9089108653006563,2.0104913734748724,,,,0.0,0.0,88.14283607892628,0.5007033164986502,5.5377584213182365,0.0,0.0,52.0,33
7,127.0,1.9150273351141032,1.7963080746600943,,,,0.0,1.0,33.058562321451845,0.6170715748165119,0.7970148512434383,0.0614510878043145,0.0,51.0,33
7,128.0,1.9391350358703885,2.159922688840124,,,,0.0,0.0,102.18898086203622,0.6692705384149233,0.0,0.1043173980943537,0.0,50.0,33
7,129.0,2.788035966908379,2.7716270778993337,,,,0.0,0.0,105.87667326361256,0.6176719423140087,2.6932543834301192,0.1837352597455022,0.0,49.0,33
7,130.0,2.7886319856261554,2.802996195740365,,,,0.0,1.0,28.91151380520372,0.6063207352564396,6.109422911371654,0.1483799116447064,0.0,48.0,33
7,131.0,2.8289471028479327,2.901633226419367,,,,0.0,1.0,33.627082129662945,0.6052495513787383,7.681158227222975,0.2014081154107043,0.0,47.0,33
7,132.0,2.852630023281967,2.7406487693526604,,,,0.0,1.0,31.1681401099693,0.6602227792423867,5.775649050458013,0.2694298154669765,0.0,46.0,33
7,133.0,2.853718261399961,2.862220219946415,,,,0.0,0.0,100.2989704985168,0.7710200272115343,4.32098197722485,0.3389858534568714,0.0,45.0,33
7,134.0,2.862575989624087,2.7795957553910946,,,,0.0,0.0,99.42563913740116,0.4347154124447404,7.253221239744714,0.1191692369595168,0.0,44.0,33
7,135.0,2.8728044164591826,2.944430342692378,,,,0.0,1.0,26.8637338702042,0.5754121500167069,7.195255358489925,0.0,0.0,43.0,33
7,136.0,3.50590865178424,3.9525108151195134,,,,0.0,0.0,97.25215827099773,0.5874141488833243,9.689342028407646,0.3550985360640309,0.0025594356395014,42.0,33
7,137.0,3.505993410427259,3.489003650763405,,,,0.0,1.0,30.868802200142092,0.8189403528357626,4.881609057972124,0.25303278970357,0.002560293313958,41.0,33
7,138.0,3.609147851050107,3.350572939911989,,,,0.0,1.0,35.22561687149944,0.7056128792258423,5.639797865625374,0.1325253427238078,0.0037106110443896,40.0,33
7,139.0,3.619827078553096,3.594844867355106,,,,0.0,1.0,31.85825357180117,0.6661279527807622,11.496741306965392,0.0664142295586041,0.0038418560730766,39.0,33
7,140.0,3.66669787860953,3.376120138772936,,,,0.0,1.0,31.929928025949412,0.4063023061469355,8.447160237463487,0.3739283672497605,0.0044448606134244,38.0,33
7,141.0,3.6706350066583417,3.829071189122837,,,,0.0,0.0,100.52186722455824,0.6413437267115786,8.721270679133328,0.5566668104002991,0.0044975131215563,37.0,33
7,142.0,3.672122277449807,3.665693951635952,,,,0.0,1.0,26.9762073848033,0.7189410153925452,3.3992418098388324,0.2563366250519314,0.0045174835584431,36.0,33
7,143.0,3.672778208460397,3.758332344209627,,,,0.0,1.0,16.599121575001366,0.662312317218813,4.927768793723705,0.525206869239592,0.0045263051777918,35.0,33
7,144.0,3.707791527847348,3.7836498054966254,,,,0.0,0.0,103.97187083321587,0.5550336817831312,12.676993740753074,0.349786790337441,0.0050096884689248,34.0,33
7,145.0,3.7329089579600376,3.4863901609445733,,,,0.0,1.0,32.070798777924445,0.6434006675985534,9.838089723530508,0.300327472742237,0.0053715554065806,33.0,33
7,146.0,3.733071907734758,4.086165339472195,,,,0.0,0.0,105.69582443091863,0.5956871555414234,3.93295839089274,0.0861846625829824,0.0053739442190987,32.0,33
7,147.0,3.733071940379201,3.770526442924993,,,,0.0,1.0,36.39209082752303,0.606105064402173,5.003655870253257,0.2460177028701614,0.0053739446977132,31.0,33
7,148.0,3.7495819952554776,3.5937204473266893,,,,0.0,0.0,89.7107981416091,0.890352410087787,8.484987762403874,0.5006738132928135,0.0056187316761118,30.0,33
7,149.0,3.7614966048341487,3.874822224411704,,,,0.0,0.0,101.61515232307404,0.6997831622004834,10.900506781656636,0.5367077148167578,0.0057987707917393,29.0,33
7,150.0,4.048282927365716,3.8212595897080286,,,,0.0,0.0,106.24601979844924,0.5936115128019261,12.940883625495909,0.604319921862252,0.0109889709580643,28.0,33
7,151.0,4.049983893481212,4.113583925581012,,,,0.0,1.0,32.27067830770639,0.4674933430884843,7.392948235946354,0.3860160879338776,0.0110246617656996,27.0,33
7,152.0,5.038865857779507,5.137153037630706,,,,0.0,0.0,104.80142274471632,0.6494578931096993,11.641717491624243,0.7700147999783625,0.0415697398601896,26.0,33
7,153.0,5.227662700054582,5.548741085487511,,,,0.0,0.0,94.70251696845509,0.5985265037698436,10.918573426423052,0.911654676920067,0.0496248110521446,25.0,33
7,154.0,5.235536417789451,5.269867290585759,,,,0.0,0.0,97.37962514536216,0.4003271504975542,17.63101293561661,0.5522831894295737,0.0499762307526288,24.0,33
7,155.0,5.237432629363628,5.302708822991824,,,,0.0,0.0,106.29898264603436,0.7161792911405788,15.646133177162437,0.4962898993660981,0.0500610477094103,23.0,33
7,156.0,5.333616708657868,5.281538861578705,,,,0.0,1.0,27.94584716073153,0.4955615407364889,12.500109473079837,0.7167598070064061,0.0544576694292718,22.0,33
7,157.0,5.400094474561183,5.496297551559098,,,,0.0,1.0,41.53702602993791,0.6052772537895666,14.806765320913351,0.6698472232367465,0.0576045348681911,21.0,33
7,158.0,5.433525778078009,5.220315803078262,,,,0.0,0.0,97.11114815369388,0.9001021765350063,14.857651326767776,0.8192044683073441,0.0592204771257017,20.0,33
7,159.0,5.9644017983942,6.173929211709488,,,,0.0,0.0,112.2327291409829,0.5519776137617819,15.688965515303494,0.7691066363085961,0.0878767802232276,19.0,33
7,160.0,5.982782810244143,5.937851891215066,,,,0.0,1.0,37.53996965224368,0.6612750763509515,13.781758029156617,0.78339591366814,0.0889699329308794,18.0,33
7,161.0,6.18264236057169,6.110030749028838,,,,0.0,1.0,30.41547292595477,0.684193023027125,18.646457824378924,0.7051305493373341,0.1012921239530534,17.0,33
7,162.0,6.211833578454523,6.310864361898294,,,,0.0,1.0,44.1730080688193,0.6801831862144312,16.74901718743996,0.8119549795120002,0.1031587493568798,16.0,33
7,163.0,6.446231297611481,6.412936748687291,,,,0.0,0.0,90.03391914800048,0.605654902696997,21.719839213886434,1.1018429757420534,0.1187651015663691,15.0,33
7,164.0,6.461958364289227,6.488731142306348,,,,0.0,0.0,103.7178986868425,0.5536005319897163,19.383885762715497,1.2109081740329022,0.1198515571607214,14.0,33
7,165.0,6.640067458207261,6.659074774394808,,,,0.0,1.0,35.77471922664069,0.7445008215859141,23.92530778530889,0.9773701216677346,0.1325009110029946,13.0,33
7,166.0,7.044750936253351,6.996605175190901,,,,0.0,1.0,39.1647743654511,0.5608562797589274,20.594760901443514,1.1598864907211417,0.1636001013632236,12.0,33
7,167.0,7.187818107556441,7.057850674751054,,,,0.0,0.0,98.8422717702827,0.4495177345569685,32.137932387737926,1.11890909289461,0.175378205019776,11.0,33
7,168.0,7.267750676098359,7.387904929705389,,,,0.0,1.0,25.178098996461067,0.5622262895133263,27.64944203885543,1.4056735301020733,0.18213695833338,10.0,33
7,169.0,7.405055932321878,7.50455072261619,,,,0.0,1.0,29.93795503191868,0.7029077403884219,31.966323961793677,1.5158270746715792,0.1940451776688417,9.0,33
7,170.0,8.078350764158284,8.124850598182944,,,,0.0,0.0,96.127415835139,0.625851478967319,35.02727776173781,1.6699687572810793,0.2578964648382702,8.0,33
7,171.0,8.225183078923687,8.349750777383642,,,,0.0,1.0,26.97408170891344,0.6525208048961758,34.71069480826862,1.7403097099328877,0.2730253820827042,7.0,33
7,172.0,8.339501764073827,8.296611601643612,,,,0.0,1.0,21.81965469729941,0.618719452116073,29.84437547640425,1.5996772389472222,0.285102790885475,6.0,33
7,173.0,8.448433734012632,8.344570265023945,,,,0.0,0.0,102.4445967000044,0.5158983036418954,32.29515725535889,1.8201851676007457,0.2968543015392683,5.0,33
7,174.0,8.549201461179631,8.651771926847783,,,,0.0,1.0,30.09409830252153,0.6627906340387185,34.84031991629086,1.940838422274316,0.3079363685675815,4.0,33
7,175.0,8.866401413149458,8.753278711358538,,,,0.0,1.0,19.426310904018017,0.5661617712680053,31.03040149232123,2.302148265042454,0.3441466554020195,3.0,33
7,176.0,9.027248646237927,9.001540898530886,,,,0.0,1.0,29.01830786790779,0.6765071411784915,32.26058936481618,2.3041375643806283,0.3632772624357694,2.0,33
7,177.0,9.039700150839796,9.082612090796756,,,,0.0,0.0,106.74138885230307,0.6282614161944695,36.73634117093645,2.0870659844818067,0.3647797791205424,1.0,33
7,178.0,10.250114357676368,10.231646016697846,catastrophic_failure_replacement,589.3280269189055,,0.0,1.0,32.95892174910911,0.5915910539419723,5.2230685061223525,0.0,0.0,0.0,33
7,178.0,0.0,0.0,catastrophic_failure_replacement,589.3280269189055,,0.0,1.0,32.95892174910911,0.5915910539419723,5.2230685061223525,0.0,0.0,99.0,34
7,179.0,0.1191885777020254,0.0,,,,0.0,1.0,28.533235919064392,0.3735997290144121,0.0,0.0,0.0,98.0,34
7,180.0,0.1191899708632263,0.1038731829762139,,,,0.0,1.0,27.791380414774512,0.5702193615507538,0.0,0.057241953490692,0.0,97.0,34
7,181.0,0.2015434976628645,0.1298954769585412,,,,0.0,0.0,93.58331184047624,0.614322788826173,0.0,0.0,0.0,96.0,34
7,182.0,0.5298947373780637,0.8040545057257911,,,,0.0,0.0,96.89520520366828,0.4817130847779472,0.0,0.014278248206813,0.0,95.0,34
7,183.0,0.5324468115233252,0.4717219385452076,,,,0.0,0.0,105.78130492143632,0.5853515824937254,3.607332312226996,0.0,0.0,94.0,34
7,184.0,0.6128908720112702,0.5800701963342202,,,,0.0,1.0,31.4101631944236,0.6778609306296346,0.0,0.1100790041009692,0.0,93.0,34
7,185.0,0.7295459376340812,0.7088432832804914,,,,0.0,0.0,94.99934575044234,0.4703683354419336,4.42119903535376,0.0143485665532311,0.0,92.0,34
7,186.0,0.7390365476325619,0.6588447666960011,,,,0.0,0.0,104.34845528783995,0.6096749020149262,3.081861857233108,0.0,0.0,91.0,34
7,187.0,0.7777308374297857,0.9422749735685564,,,,0.0,0.0,87.28615272301776,0.6379086406265121,0.0,0.0,0.0,90.0,34
7,188.0,0.7860795208764569,1.1421030271175274,,,,0.0,1.0,32.24096106517229,0.6280270663055915,0.0,0.0322613244730437,0.0,89.0,34
7,189.0,0.7895625933563286,1.0625849863708805,,,,0.0,1.0,30.72432176654188,0.665021637861722,0.0,0.0,0.0,88.0,34
7,190.0,0.8271807944058683,0.7317259957338621,,,,0.0,1.0,32.955949489941545,0.5632628849493058,6.602955937510037,0.0962452572351221,0.0,87.0,34
7,191.0,0.9027069605482168,0.7254213545190713,,,,0.0,0.0,106.9329129564006,0.4691178501183747,2.051918293186217,0.0618225599213124,0.0,86.0,34
7,192.0,1.0497674731893605,0.9752080258979966,,,,0.0,1.0,21.08075945921266,0.317504145509588,1.497564131663724,0.0,0.0,85.0,34
7,193.0,1.116974401356609,1.1339708023487651,,,,0.0,0.0,93.97236303645676,0.6647119509377969,3.666566785437385,0.0943282999798558,0.0,84.0,34
7,194.0,1.2024213450901975,1.267135445304469,,,,0.0,1.0,27.3018781782654,0.5380609176902015,8.304628103415492,0.0411065825738031,0.0,83.0,34
7,195.0,1.202434872222834,1.1178156837939934,,,,0.0,1.0,34.27217242687994,0.5115026220644376,2.0174508249751555,0.1948244782449974,0.0,82.0,34
7,196.0,1.918700076427724,1.735497291242469,,,,0.0,1.0,30.549027977717007,0.7065057008046627,3.793581443273535,0.1240964711218844,0.0,81.0,34
7,197.0,1.918967431889932,2.0962933075964907,,,,0.0,0.0,99.384802205494,0.576059563751698,4.113293161624071,0.1625949124149657,0.0,80.0,34
7,198.0,1.9387413870387695,1.8569685035604424,,,,0.0,1.0,41.96020493534375,0.6260870614349542,3.976333022569141,0.0005999485424192,0.0,79.0,34
7,199.0,1.957028674341872,2.0267629639482063,,,,0.0,0.0,97.50255716150971,0.4305966390615432,5.57140090251252,0.2943379660340623,0.0,78.0,34
7,200.0,1.9794246413516088,1.9777823481403507,,,,0.0,1.0,25.03360855880407,0.7869949984807525,3.122088104264715,0.1815612351281864,0.0,77.0,34
7,201.0,1.979424641964893,1.9089150463532447,,,,0.0,1.0,32.189436679231505,0.5866591155271358,0.0,0.0,0.0,76.0,34
7,202.0,1.9794246419727848,1.837694013527052,,,,0.0,0.0,94.32064828449244,0.5926979660734889,0.0,0.2370649354104849,0.0,75.0,34
7,203.0,1.986393302390148,1.8313559610680072,,,,0.0,0.0,109.64198653165865,0.6277394337971529,5.6600897340122,0.0911489949064506,0.0,74.0,34
7,204.0,2.032575442202736,1.996768684597175,,,,0.0,1.0,38.77367467020108,0.5495710962410139,0.4931839464935703,0.1796537246154124,0.0,73.0,34
7,205.0,2.0343725992163133,1.874437663639168,,,,0.0,1.0,26.28254366612922,0.488606011704268,3.6192767359178366,0.0,0.0,72.0,34
7,206.0,2.034487806182106,2.35557824448103,,,,0.0,0.0,85.08486740457676,0.5260633976406197,0.0,0.1029714716782203,0.0,71.0,34
7,207.0,2.036462007763438,2.001704802429493,,,,0.0,1.0,29.24074243091001,0.576039502518513,5.181082649698,0.0,0.0,70.0,34
7,208.0,2.16789823312343,2.1907114033566315,,,,0.0,0.0,104.6129127382533,0.5540124954636199,10.563167914243982,0.0813108332722802,0.0,69.0,34
7,209.0,2.169571365421981,2.3162095025182565,,,,0.0,1.0,38.070640015651165,0.5567172221265779,5.214654853847957,0.1338729450602718,0.0,68.0,34
7,210.0,2.170724333333012,2.01960999172501,,,,0.0,1.0,26.91717353284532,0.5557893325051262,4.684222858158572,0.3272799107477838,0.0,67.0,34
7,211.0,2.175874444056926,2.226683265532917,,,,0.0,0.0,95.48518384394517,0.5850985413755521,3.872221324269235,0.1750893286732765,0.0,66.0,34
7,212.0,2.234418225101225,2.3248127514837296,,,,0.0,1.0,32.65142912670214,0.5880362815236605,7.485214073739926,0.1713397745894725,0.0,65.0,34
7,213.0,2.4079474080337024,2.678798200416409,,,,0.0,1.0,29.916451995306343,0.3564663035807962,2.8650754718522977,0.2800190581338431,0.0,64.0,34
7,214.0,2.6366699615286286,2.480038075159774,,,,0.0,0.0,99.96783946797424,0.5819551977422176,2.783416644982583,0.0813333746854676,0.0,63.0,34
7,215.0,2.636671816694978,2.629874238932008,,,,0.0,1.0,27.569909775544247,0.5060269463405256,6.038761539928251,0.326785190999442,0.0,62.0,34
7,216.0,2.63672722191552,2.627864828298681,,,,0.0,0.0,87.77252936727251,0.5549577647268505,6.145316395807019,0.3535065598997934,0.0,61.0,34
7,217.0,2.695860131424771,2.439800646399003,,,,0.0,0.0,98.38922781187011,0.6025383884050068,6.917427083959806,0.2096862404818175,0.0,60.0,34
7,218.0,2.6973986561662717,2.5653730960592256,,,,0.0,1.0,31.177508334090906,0.585739825724893,5.596491514072038,0.1873861208558733,0.0,59.0,34
7,219.0,2.6997876832417687,2.5534939445977014,,,,0.0,0.0,98.37784972666104,0.789741152567152,2.9998216084535163,0.215839002451276,0.0,58.0,34
7,220.0,2.736557048854184,2.9082133686185254,,,,0.0,1.0,38.22811495490297,0.6971145478689326,10.22839303379661,0.3372129504483345,0.0,57.0,34
7,221.0,2.7715959542306874,2.761243707231008,,,,0.0,1.0,27.98581052509816,0.6405344834209865,1.6513047142843833,0.0,0.0,56.0,34
7,222.0,2.7721593724125397,2.9476221259115403,,,,0.0,1.0,22.12241010833692,0.5702043403797146,14.50701346481897,0.3551929172654738,0.0,55.0,34
7,223.0,3.0820778115930345,3.2011288176922883,,,,0.0,1.0,29.617355906878743,0.3789877145842793,9.693028175081745,0.2225844968210639,6.736767155901725e-05,54.0,34
7,224.0,3.0820803207699545,3.082972891147636,,,,0.0,1.0,21.54499012139746,0.6463507495234764,8.91233887186832,0.2288144300545111,6.737179057698611e-05,53.0,34
7,225.0,3.102359481207672,3.041280497808413,,,,0.0,0.0,96.66918156721604,0.5890946652531274,7.970943121742687,0.0,0.000104774633931,52.0,34
7,226.0,3.2123606211105225,3.15709742124483,,,,0.0,1.0,27.83868347327227,0.7015419754854281,0.5518162039223489,0.1262738205911401,0.0004509703339844,51.0,34
7,227.0,3.2295242461373506,2.630197778841986,,,,0.0,0.0,98.63772078443452,0.6815477086079784,6.886561438559462,0.549255142857416,0.0005268137956491,50.0,34
7,228.0,3.310295418915826,3.2599662286056,,,,0.0,0.0,97.6374436337626,0.6036821070912044,9.83140751150496,0.4237089722677711,0.0009628324700014,49.0,34
7,229.0,3.3202061989469933,3.4236733308529086,,,,0.0,0.0,104.45688015318584,0.6818546786792131,5.807155252244474,0.4583349892865314,0.0010253200984408,48.0,34
7,230.0,3.4236797574790714,3.639067499568672,,,,0.0,0.0,89.58478425715276,0.6499961766944138,11.58400933474607,0.3673168601601495,0.0017950453689752,47.0,34
7,231.0,3.4452056574111545,3.286474168167908,,,,0.0,1.0,26.040361614201284,0.5075452853005843,13.9924768288844,0.6280918768623579,0.0019820807739089,46.0,34
7,232.0,3.698683610395855,3.864667673742524,,,,0.0,1.0,24.07333511419629,0.710608025303504,14.371691978988766,0.2912147904023891,0.0048815878743578,45.0,34
7,233.0,3.745153743091057,3.5752581311016933,,,,0.0,1.0,26.75156213776149,0.5797132293528303,4.398450654619269,0.1809783335012917,0.0055525410084261,44.0,34
7,234.0,3.745157223029474,3.8435386670390974,,,,0.0,1.0,33.99875871839973,0.526972008314537,10.63427305565376,0.3480314684193501,0.0055525928703299,43.0,34
7,235.0,3.7464610442304593,3.7820713345223176,,,,0.0,1.0,33.19412672450778,0.4011163281312652,9.023715905643956,0.2847449754116326,0.0055720409055362,42.0,34
7,236.0,4.073027262728583,4.238085334208086,,,,0.0,0.0,99.4244139728672,0.4536938798103531,9.168686687040504,0.1750350900023652,0.0115138750655879,41.0,34
7,237.0,4.126795508901314,4.070552710704559,,,,0.0,1.0,37.7640923440536,0.4708763681881217,7.418539668181491,0.2384386324942188,0.0126966811888017,40.0,34
7,238.0,4.286558042108212,4.189075421537845,,,,0.0,1.0,26.00977410059012,0.5263792912521699,12.75232068506427,0.631872298374918,0.0165523159571331,39.0,34
7,239.0,4.288183552781039,4.296491584430956,,,,0.0,1.0,41.797496518566994,0.5658871610212353,12.062186881537244,0.1116536767583533,0.0165941686565557,38.0,34
7,240.0,4.288202021747995,4.181652565130968,,,,0.0,1.0,27.669746273185268,0.7014333758057112,9.812491804261402,0.3068481267950061,0.0165946444883562,37.0,34
7,241.0,4.313087926397985,4.1889094694105,,,,0.0,1.0,37.5883456369799,0.4766507818333276,12.59043958233003,0.3440674306218035,0.0172419990245216,36.0,34
7,242.0,4.314740239518796,4.425303737204926,,,,0.0,1.0,32.58488056829489,0.5844602591834827,11.63753993002926,0.4513649625541076,0.0172854189740994,35.0,34
7,243.0,4.573721683656071,4.545615298141744,,,,0.0,1.0,22.40511624471685,0.6095960573620902,13.230171011799166,0.7164572127447134,0.0247659993760929,34.0,34
7,244.0,4.580843973582133,4.749330115803717,,,,0.0,1.0,28.637887367360648,0.5802876038786954,14.205623112400543,0.2235968730626094,0.0249906766881094,33.0,34
7,245.0,4.5942065530740175,4.828839603824004,,,,0.0,0.0,93.45943656937882,0.6397577282847824,2.486122251657079,0.7672018198937021,0.0254149453386413,32.0,34
7,246.0,4.747778195119279,4.808918353985417,,,,0.0,1.0,28.82540942768265,0.6412517802159056,17.86023245265842,0.4993003680821573,0.030547286193344,31.0,34
7,247.0,4.791698026179811,4.85379908490725,,,,0.0,1.0,30.17959457956135,0.6452855497616814,16.670812564654003,0.2321121515145304,0.0321018181701663,30.0,34
7,248.0,4.818253992923152,4.719496435443937,,,,0.0,1.0,29.36272351646467,0.7612414449662621,10.32179500890599,0.5848158020479348,0.0330604758278098,29.0,34
7,249.0,4.829662369048725,5.249066682348973,,,,0.0,1.0,35.555369872717336,0.4077081018928589,17.849756725363225,0.6665482527432891,0.0334766438471299,28.0,34
7,250.0,4.829872838841169,4.646771084998318,,,,0.0,1.0,31.434361699028138,0.6264834247300497,13.280574258945409,0.7023025989490198,0.0334843460632863,27.0,34
7,251.0,4.941480431898487,4.984131657175906,,,,0.0,1.0,31.861299748457487,0.5012032937283372,16.95034303934004,0.7928548831342275,0.0376934626744473,26.0,34
7,252.0,5.298899521634683,5.271231694220719,,,,0.0,1.0,29.964414208677624,0.5067051797786801,15.989050622153876,0.6167125940535368,0.0528493901057217,25.0,34
7,253.0,5.338254843591715,5.391001150838728,,,,0.0,1.0,34.40023369060678,0.6093542049372224,12.951004213555423,0.6203956732251035,0.0546743571358011,24.0,34
7,254.0,5.704927443909812,5.804583350505672,,,,0.0,1.0,36.23067145545741,0.4825367519773286,17.579902343478906,1.009468293709704,0.0731663247681646,23.0,34
7,255.0,5.705111437114755,5.822539379552143,,,,0.0,1.0,30.67668267444548,0.5795052241269829,19.460250411999095,0.8646559770432654,0.0731762788720905,22.0,34
7,256.0,5.708241727297851,5.646875362022262,,,,0.0,0.0,106.2115915335784,0.5511778897501965,14.901493848043453,0.8131576070690517,0.0733457325347725,21.0,34
7,257.0,5.793927572114547,5.766859428074201,,,,0.0,1.0,32.28180467609607,0.6247827506095173,14.468905366163709,0.6794170840602733,0.0780603127822188,20.0,34
7,258.0,5.796537087155167,5.786217307696643,,,,0.0,1.0,29.881288981932325,0.5134628087652453,25.48137497057621,0.7189391801117979,0.078206196798343,19.0,34
7,259.0,6.28808768643616,6.325346665956068,,,,0.0,1.0,27.46203049316673,0.7065196490251237,19.489567283546656,1.0481829532497435,0.108115206336931,18.0,34
7,260.0,6.288882503544491,6.294054632020235,,,,0.0,1.0,39.417110223038094,0.6683791694184867,24.825100428472872,0.9068288762866604,0.1081674812212107,17.0,34
7,261.0,6.309127590377899,6.236999119864389,,,,0.0,1.0,33.647607493950154,0.5013031491515928,22.766877344291053,1.0341721208996608,0.1095032540940023,16.0,34
7,262.0,6.431204276776263,6.4898008384647055,,,,0.0,1.0,27.280456653134767,0.7097816183889788,18.362429185860563,0.8338499856723349,0.1177316278896771,15.0,34
7,263.0,6.598395620583051,6.809395776075638,,,,0.0,1.0,28.264192392557423,0.6240978865093277,21.002287020416123,0.9257922705723676,0.1294845104223128,14.0,34
7,264.0,6.599776846968509,6.342695772531371,,,,0.0,1.0,31.389402972209428,0.6663093028546951,20.811732802458867,1.1568459079200304,0.1295839334797054,13.0,34
7,265.0,6.609963122706221,6.670743600466405,,,,0.0,0.0,99.5731160094208,0.7917293064471328,27.581770982745866,1.2237478766646888,0.1303183374729885,12.0,34
7,266.0,7.059729066816146,7.095804765099159,,,,0.0,0.0,105.9903321417771,0.6233540454814717,26.919689175734074,1.0282484497366295,0.1648140009595189,11.0,34
7,267.0,7.444293006116299,7.4006329109286835,,,,0.0,0.0,97.33326770816934,0.6566803209768388,28.312170784728284,1.6916525241720293,0.1975174032421424,10.0,34
7,268.0,7.792372638296952,7.746666932538205,,,,0.0,1.0,26.75989402820644,0.5870946884236238,25.784813805043328,1.7045268535379476,0.2296683550429729,9.0,34
7,269.0,8.049077213780308,8.218196556611248,,,,0.0,1.0,37.83883364024842,0.5622100415704768,32.11524593518799,1.6298934023285392,0.2549318071071552,8.0,34
7,270.0,8.588805692127794,8.567449179643921,,,,0.0,1.0,40.6300038200484,0.5262398697831544,31.89508942118135,1.7633048536375964,0.3123474906436003,7.0,34
7,271.0,8.749859813023132,8.80255112420237,,,,0.0,1.0,24.380125546805697,0.6224771347852303,31.461326347039535,1.941664883342882,0.3306088786941841,6.0,34
7,272.0,8.792457043843465,8.842035094026711,,,,0.0,1.0,34.35480067591689,0.6231462714646896,30.68736584143602,1.8921953585377629,0.3355255860477176,5.0,34
7,273.0,9.174451531717208,9.395260583172178,,,,0.0,1.0,26.089912436333936,0.6396631414629018,34.317963770074186,2.095022237773554,0.3812385171752498,4.0,34
7,274.0,9.239533879659772,9.279485682994071,,,,0.0,1.0,22.95924706970942,0.7872170035195067,30.81316466208544,2.000374252053663,0.3893178303542214,3.0,34
7,275.0,9.299630849725768,9.27815820876672,,,,0.0,1.0,40.82948333585222,0.6147610881063199,35.26960705674024,2.219087482783304,0.396853488428166,2.0,34
7,276.0,9.855849890153705,9.63230893607768,,,,0.0,1.0,34.40828415094844,0.4369832396043949,38.20212639760163,2.42132350682198,0.4700267771632053,1.0,34
7,277.0,10.20229474075057,10.263173275326867,catastrophic_failure_replacement,120.26895175426328,,0.0,1.0,27.600923334686037,0.4847207690319982,2.918611252616251,0.010149332445693,0.0,0.0,34
7,277.0,0.0,0.0,catastrophic_failure_replacement,120.26895175426328,,0.0,1.0,27.600923334686037,0.4847207690319982,2.918611252616251,0.010149332445693,0.0,128.0,35
7,278.0,0.004929001844257,0.0518942079883206,,,,0.0,1.0,25.134955468344764,0.4663945267020311,0.0,0.0,0.0,127.0,35
7,279.0,0.0306740578163749,0.0,,,,0.0,1.0,39.05803141196768,0.3124353625327807,0.0,0.0996019663310152,0.0,126.0,35
7,280.0,0.0326898836004464,0.0,,,,0.0,1.0,32.15521538900786,0.6557197457480324,2.6184871443499413,0.0330888228309874,0.0,125.0,35
7,281.0,0.0448484388964959,0.2079986997923016,,,,0.0,0.0,100.28842832420575,0.6638835804601529,0.8657901120913569,0.0,0.0,124.0,35
7,282.0,0.0539148897601714,0.0,,,,0.0,1.0,29.926564516435658,0.7163498593473626,0.0,0.0,0.0,123.0,35
7,283.0,0.0543412623971447,0.035420549436212,,,,0.0,0.0,105.25053698094275,0.6312406131435796,0.0,0.0,0.0,122.0,35
7,284.0,0.3131298581082542,0.3488198275579666,,,,0.0,0.0,98.23567621535356,0.7802487997091956,0.0,0.0943271936745137,0.0,121.0,35
7,285.0,0.3132736946674268,0.300039221574558,,,,0.0,1.0,49.25205303366894,0.4606491801047599,1.5086884829223712,0.0205927520223716,0.0,120.0,35
7,286.0,0.3287355948081402,0.1261077466684866,,,,0.0,1.0,28.395051667164765,0.6598147392741777,0.0,0.2410827487411277,0.0,119.0,35
7,287.0,0.3309856400163511,0.3543158091316289,,,,0.0,1.0,31.940512781053275,0.7260474563356785,0.0,0.0475392871463404,0.0,118.0,35
7,288.0,0.3333596422336179,0.2443470071213796,,,,0.0,1.0,32.51305944368291,0.3675211075390713,0.0,0.0158369842103083,0.0,117.0,35
7,289.0,0.3669399385591913,0.5321541631122497,,,,0.0,0.0,116.8239900336327,0.5168464675418024,0.0,0.0,0.0,116.0,35
7,290.0,0.3669802606715553,0.5823502963927347,,,,0.0,0.0,96.6925043879359,0.563641870705571,3.0287279489255536,0.0,0.0,115.0,35
7,291.0,0.3704717322521388,0.2227460737785876,,,,0.0,1.0,30.814935160279703,0.4530236582379376,1.3887229179434022,0.0124081380617673,0.0,114.0,35
7,292.0,0.3707281538252373,0.3335681903643584,,,,0.0,1.0,27.672149810611824,0.5246062163310224,2.470743397188813,0.096759943180212,0.0,113.0,35
7,293.0,0.3781841360358077,0.3831136804231639,,,,0.0,1.0,26.24901285065076,0.3968080707987199,1.9976179613699625,0.0,0.0,112.0,35
7,294.0,0.3783527555998718,0.3539062944093431,,,,0.0,0.0,101.89500003010956,0.4382060262064482,0.0,0.0,0.0,111.0,35
7,295.0,0.5102089592196165,0.5708794640325312,,,,0.0,1.0,29.152704458994528,0.4852188932621456,0.0,0.0919870187638691,0.0,110.0,35
7,296.0,0.5111392486963815,0.3422766567692464,,,,0.0,0.0,99.4623080543082,0.5596743617950416,4.385703951044736,0.0,0.0,109.0,35
7,297.0,0.52793068211573,0.4969919248779347,,,,0.0,1.0,34.93624500554957,0.5849141141608296,0.0,0.0,0.0,108.0,35
7,298.0,0.5383546821762204,0.4163190795187428,,,,0.0,1.0,26.69592470874668,0.6068366654233757,0.0,0.0132296948494981,0.0,107.0,35
7,299.0,0.5383549017508494,0.6264221826182464,,,,0.0,1.0,24.789585951179127,0.5407859655944227,0.0,0.0,0.0,106.0,35
7,300.0,0.5383549017609126,0.5136252920748905,,,,0.0,0.0,95.24107755358708,0.6153747874087823,0.5656846103954188,0.1716154502082967,0.0,105.0,35
7,301.0,0.5459735104000785,0.3383707703989299,,,,0.0,0.0,103.4803718737071,0.5745980161078099,1.3086222260331426,0.0,0.0,104.0,35
7,302.0,0.5459758362801129,0.5926683853253583,,,,0.0,0.0,111.47085665228688,0.6511126684825709,2.806049686702345,0.0072448344725398,0.0,103.0,35
7,303.0,0.5460574300458876,0.4001336474621368,,,,0.0,1.0,26.49083426074948,0.601470846100275,3.705238940651002,0.0,0.0,102.0,35
7,304.0,0.5461554820361779,0.7002698330699167,,,,0.0,1.0,29.731009008389066,0.4957058537080823,1.7136044870637672,0.0,0.0,101.0,35
7,305.0,0.6217492256732183,0.5419626846888059,,,,0.0,0.0,115.100533438444,0.6221602507822668,3.828330749829893,0.0,0.0,100.0,35
7,306.0,1.0163308160496012,0.9997392354734908,,,,0.0,1.0,28.825412277436826,0.6234819253938205,0.6033097612113851,0.2682542490607049,0.0,99.0,35
7,307.0,1.0739846436601312,1.045340499158649,,,,0.0,0.0,92.627696534385,0.6120430512018409,0.3652317143232979,0.0,0.0,98.0,35
7,308.0,1.0741848335737665,0.8763663940019071,,,,0.0,0.0,106.48173354204852,0.7491914037439137,1.623434369968838,0.0110727203400799,0.0,97.0,35
7,309.0,1.0789916323283095,0.889819869622541,,,,0.0,1.0,26.14847448517294,0.3521282445351999,2.846985846213623,0.1822734411656237,0.0,96.0,35
7,310.0,1.172783724777471,1.2433830173520095,,,,0.0,1.0,28.82969951770445,0.5337431989592782,0.0,0.0,0.0,95.0,35
7,311.0,1.2290522272586948,1.2833673211460837,,,,0.0,1.0,24.11057300538164,0.5244209534559535,2.9195813397934165,0.1090965446768134,0.0,94.0,35
7,312.0,1.2302358078906168,1.2020654916110969,,,,0.0,1.0,27.727150894929217,0.5786026114491484,1.3647619632850467,0.0840509317901747,0.0,93.0,35
7,313.0,1.230237120631046,1.3900239436654978,,,,0.0,1.0,30.08890715917019,0.5994644681947919,3.347821342910146,0.1056100362413048,0.0,92.0,35
7,314.0,1.2342496224880368,1.3137208836258665,,,,0.0,1.0,28.37796499686952,0.7021131339603677,1.658493175354095,0.1332338291443816,0.0,91.0,35
7,315.0,1.2810121283353155,1.281577866992846,,,,0.0,1.0,24.034254741637824,0.5881070152552584,1.2276886596170655,0.0,0.0,90.0,35
7,316.0,1.4125599699976965,1.3159040426555764,,,,0.0,0.0,102.44468646990404,0.5363411073582112,0.0,0.0,0.0,89.0,35
7,317.0,1.4372851772543336,1.4329226094327296,,,,0.0,0.0,111.13104236586832,0.5814229272874663,1.534775832052936,0.0,0.0,88.0,35
7,318.0,1.4385294012412877,1.4467549123994528,,,,0.0,1.0,32.7877667900893,0.6881778267139038,3.2274583264102485,0.153518608275075,0.0,87.0,35
7,319.0,1.701797695130729,1.6108051936207706,,,,0.0,1.0,27.04905454664621,0.6656301020189225,1.7416020204778015,0.0,0.0,86.0,35
7,320.0,1.7017977050671569,1.711944345262035,,,,0.0,0.0,94.13480278878605,0.514204554751921,6.150370870863181,0.1331553392349432,0.0,85.0,35
7,321.0,1.7468589428509351,1.4994015445363529,,,,0.0,0.0,96.03582577302898,0.5243006375345081,0.8575625169388439,0.0,0.0,84.0,35
7,322.0,1.7473646425146658,1.406595514318714,,,,0.0,1.0,27.032618956841688,0.6465134936746109,3.498282013380884,0.2913961750420547,0.0,83.0,35
7,323.0,1.7496106806477465,2.0226505841677174,,,,0.0,1.0,31.436772360150638,0.5709850691667109,1.9431160898363813,0.0341204400866782,0.0,82.0,35
7,324.0,1.7895312766454292,1.8080691928325745,,,,0.0,1.0,27.975866630960457,0.5619740220876623,0.0,0.0860983379692178,0.0,81.0,35
7,325.0,1.790611757017093,1.9870387171789896,,,,0.0,1.0,20.8227913070567,0.6161342710997029,0.0,0.0,0.0,80.0,35
7,326.0,1.7906666816422323,1.8460657134000265,,,,0.0,0.0,110.18821283567772,0.3009082397431217,2.9421902282108263,0.3874255090706986,0.0,79.0,35
7,327.0,1.8189982454624216,2.036645853736607,,,,0.0,1.0,33.028194696842824,0.5495017368534014,5.086188193393367,0.2598986234992255,0.0,78.0,35
7,328.0,1.8189999506779968,1.814995142906864,,,,0.0,1.0,29.217460535684275,0.3704735800355307,0.0,0.2101034671479447,0.0,77.0,35
7,329.0,1.853337058688684,1.6856158088636195,,,,0.0,1.0,28.11923451226148,0.6385190511162552,2.2094059334644283,0.3086317712819078,0.0,76.0,35
7,330.0,1.853340856969458,1.802280740912824,,,,0.0,1.0,36.364267198856055,0.7077824939627466,5.372039597167813,0.3479989039723715,0.0,75.0,35
7,331.0,1.8541206525041816,2.002701100503373,,,,0.0,1.0,36.16605502286856,0.5713726635190959,1.880804749613004,0.0439220463198627,0.0,74.0,35
7,332.0,1.893384263115865,2.0136699525147845,,,,0.0,0.0,107.3522200101367,0.4195571015500503,0.7299463716688104,0.3158756883363793,0.0,73.0,35
7,333.0,1.894844790227132,1.860328549996363,,,,0.0,0.0,108.35193317916745,0.6284179069033213,7.620438053568436,0.2877428345243085,0.0,72.0,35
7,334.0,1.8953661679382992,1.897094440580652,,,,0.0,1.0,37.2391531272147,0.5273702372679667,0.0,0.0,0.0,71.0,35
7,335.0,1.9542001719744853,1.7598888580100225,,,,0.0,1.0,33.51388602487766,0.4050027728574858,2.161652703433917,0.1014049844619392,0.0,70.0,35
7,336.0,2.027780484773442,2.0192362186504784,,,,0.0,0.0,111.17049432700722,0.6380713532177975,1.821386021783896,0.0,0.0,69.0,35
7,337.0,2.332455667540469,2.352742752835626,,,,0.0,0.0,88.61157672904781,0.634251680079002,3.906838078841277,0.1638147914330337,0.0,68.0,35
7,338.0,2.3364402048010207,2.535554997558965,,,,0.0,0.0,84.25016461415525,0.6535301746484656,0.8750422448322648,0.1451519517945184,0.0,67.0,35
7,339.0,2.336591163868289,2.206296877509201,,,,0.0,1.0,38.160706326608704,0.6912874220053759,6.151987012215328,0.1690033148570931,0.0,66.0,35
7,340.0,2.338770490262247,2.3552579248340995,,,,0.0,1.0,20.896824821373144,0.460903079974793,1.1348968796519152,0.0840955252260065,0.0,65.0,35
7,341.0,2.378232856422614,2.3290222382162966,,,,0.0,0.0,108.23929534865616,0.3631334002176374,2.258298139198839,0.0701286600739458,0.0,64.0,35
7,342.0,2.378259865265143,2.5481612326268306,,,,0.0,0.0,88.67413519163716,0.5005735439363566,5.840254234806988,0.0,0.0,63.0,35
7,343.0,2.3833165671303447,2.5179675219128588,,,,0.0,1.0,32.53138696166808,0.5258960759399393,3.721526541549976,0.1326529898954629,0.0,62.0,35
7,344.0,2.384017748042908,2.590985214630066,,,,0.0,1.0,26.979419510687983,0.503994551357295,3.1911750633465443,0.1017677641628015,0.0,61.0,35
7,345.0,2.388766549440356,2.577976171003826,,,,0.0,1.0,35.348734955634605,0.7087962461302035,5.054190449368573,0.1397656507616742,0.0,60.0,35
7,346.0,2.5901920941098284,2.728951262665394,,,,0.0,0.0,98.851785141354,0.593386981365342,7.628825043001491,0.0076278782929722,0.0,59.0,35
7,347.0,2.687559186075525,2.987467711860128,,,,0.0,0.0,95.98716977552392,0.671863449661827,13.300714571859755,0.2104687910747214,0.0,58.0,35
7,348.0,2.6942745640196617,2.766693973913541,,,,0.0,0.0,104.24723161728032,0.5254314060347308,0.3309047874871966,0.0659367736532215,0.0,57.0,35
7,349.0,2.7045252601001377,2.6946000571738624,,,,0.0,1.0,31.392473986881583,0.6838739715849669,6.2485729604509705,0.2500179294417666,0.0,56.0,35
7,350.0,2.7648366000145197,2.910501593373045,,,,0.0,1.0,36.70478239564156,0.4891979718209925,5.906200056229873,0.2425592767152309,0.0,55.0,35
7,351.0,2.766036445970112,2.976502794898604,,,,0.0,0.0,100.3480529089509,0.5110088377182931,2.623825983977208,0.4162278898710156,0.0,54.0,35
7,352.0,2.7660498524016823,2.8105800521985502,,,,0.0,1.0,22.99845711147869,0.5481783756236627,1.0707303035593343,0.4438291239900904,0.0,53.0,35
7,353.0,2.7841094914240228,2.73314174920609,,,,0.0,1.0,30.84417376274246,0.4839111041032551,9.81263674802824,0.3011846855224002,0.0,52.0,35
7,354.0,2.907762015948595,2.9461429040070595,,,,0.0,1.0,36.81171453834823,0.5942407779761768,6.091791612498422,0.3712670431974566,0.0,51.0,35
7,355.0,2.907860727006935,2.826002235985273,,,,0.0,0.0,101.93364330402528,0.570393221588189,10.362948677692623,0.1409890918012697,0.0,50.0,35
7,356.0,2.90847797259274,2.913233190016155,,,,0.0,1.0,26.655886631185403,0.6778342748208519,7.483764104001406,0.0,0.0,49.0,35
7,357.0,3.0090469490544147,2.9715974350718493,,,,0.0,0.0,105.17646616339972,0.4458610183533362,7.888046015166498,0.2468648144981106,8.184728719317743e-07,48.0,35
7,358.0,3.039378025285715,3.163401555817028,,,,0.0,1.0,25.99927981633177,0.631141552251604,7.26318155008365,0.3914027865905167,1.5506288754024177e-05,47.0,35
7,359.0,3.0722258107215383,3.118946128983471,,,,0.0,0.0,93.42195376839756,0.6493324483673343,6.180865737451247,0.179467524625614,5.216567734383497e-05,46.0,35
7,360.0,3.073135126883396,2.889347590023537,,,,0.0,1.0,26.15799056609605,0.592684279113344,13.244082186192651,0.1952226749954441,5.348746784250475e-05,45.0,35
7,361.0,3.088041060977117,3.275796722994992,,,,0.0,1.0,22.699851010234056,0.6102860313296696,11.019135597106247,0.1750792835151997,7.751228417976444e-05,44.0,35
7,362.0,3.0900766763696352,2.9448748783960337,,,,0.0,1.0,37.67064824926973,0.4614586970632863,6.011767110866166,0.0872327700206407,8.113807625800022e-05,43.0,35
7,363.0,3.1143927081977734,3.320147409940164,,,,0.0,0.0,94.33706952990892,0.6226587800526497,5.518940028723463,0.0424721002911682,0.0001308569168882,42.0,35
7,364.0,3.3312270081456457,3.414616987508784,,,,0.0,0.0,105.45390574438392,0.5578448440803089,8.650087990573883,0.0,0.0010971133092511,41.0,35
7,365.0,3.331424536708531,3.4665528136926334,,,,0.0,1.0,28.086264439418656,0.56101937027884,8.461685891086468,0.162509111184874,0.0010984222353246,40.0,35
7,366.0,3.333623925404566,3.102490489532609,,,,0.0,1.0,30.342801731564435,0.6017228914963717,9.20373746300073,0.1146846617187477,0.0011130492360235,39.0,35
7,367.0,3.402964505281556,3.0398054987005168,,,,0.0,1.0,33.534474514047375,0.5522713621394784,4.807743005021066,0.2786937414137913,0.001623803925168,38.0,35
7,368.0,3.403791908117574,3.1859315481582606,,,,0.0,1.0,34.3480211428256,0.4931205337230493,7.2095642176343055,0.1095544064768999,0.0016304790506123,37.0,35
7,369.0,3.403806263789954,3.5310974154196684,,,,0.0,1.0,28.220620742280836,0.6012469222659755,6.358322688072166,0.5566185345978878,0.00163059498676,36.0,35
7,370.0,3.441671201181353,3.572433865090106,,,,0.0,0.0,111.33846968842715,0.6211992043506576,4.520532795364271,0.4779218185066224,0.0019507344995297,35.0,35
7,371.0,3.762363237388107,3.388684136246801,,,,0.0,1.0,42.782550046130886,0.7077587133841572,8.336560920187518,0.3282448533915456,0.0058119770572087,34.0,35
7,372.0,3.762993989814559,3.895159577205144,,,,0.0,0.0,111.7371569854049,0.5234153347242981,11.391508026841349,0.0,0.0058215982849313,33.0,35
7,373.0,3.850266284623833,3.958347578112832,,,,0.0,1.0,26.617935085495333,0.6148111825666912,9.378603690151625,0.1672923905406923,0.0072295275476801,32.0,35
7,374.0,3.86351405801238,3.8306669964852462,,,,0.0,1.0,30.142497093097266,0.5887117580665784,12.734827051257568,0.2949640202490227,0.00745656528385,31.0,35
7,375.0,3.870156788258879,3.8439470990800304,,,,0.0,1.0,35.17920612781605,0.5772785555067769,12.097668414100468,0.3447858198045868,0.00757172836153,30.0,35
7,376.0,3.870158311309092,3.757451224542195,,,,0.0,1.0,24.44206853886629,0.6910108576298747,11.968126817846784,0.4143380388309259,0.0075717548674029,29.0,35
7,377.0,3.870891896628744,3.922118166536665,,,,0.0,1.0,33.85064910708504,0.6896681887120245,9.30032151861196,0.5415596007866164,0.0075845269561361,28.0,35
7,378.0,4.530856197173958,4.320989784582262,,,,0.0,0.0,89.13302249640203,0.6142896657364733,13.920058585316855,0.2518345452090553,0.0234352069642591,27.0,35
7,379.0,4.53095450828973,4.5804803372931735,,,,0.0,1.0,39.62532873910826,0.5523115864755661,10.019088293111103,0.5769501443274954,0.0234382170645264,26.0,35
7,380.0,4.630004436341855,5.0890837391331765,,,,0.0,0.0,102.43754822011933,0.6320655935738848,12.96354375889214,0.6130866632631474,0.0265691446249412,25.0,35
7,381.0,4.679610636788835,4.556891170768707,,,,0.0,0.0,96.16960861069002,0.7628553288844756,14.307215806392634,0.3753993685738562,0.0282109189121419,24.0,35
7,382.0,4.864949156004142,5.015200847852671,,,,0.0,1.0,28.762597982801186,0.3951884548980661,9.661908092956734,0.5023195078571868,0.0347803535448056,23.0,35
7,383.0,4.866076657991383,4.694688626481125,,,,0.0,1.0,31.02981704206961,0.604083649560679,16.507356965228585,0.6783161279173875,0.0348224209350028,22.0,35
7,384.0,4.956290758069733,4.942702768738041,,,,0.0,1.0,29.377012973583454,0.5402727603525501,16.2339636970612,0.6875954895135594,0.0382707353010905,21.0,35
7,385.0,5.198828335689685,5.240858435484878,,,,0.0,0.0,106.13898562469494,0.6417184090448836,15.507102092645365,0.6106404534722253,0.0483484604983186,20.0,35
7,386.0,5.2613426387663536,5.200029894443036,,,,0.0,0.0,98.370338980707,0.3725286163810487,15.06021457610102,0.7323668060897747,0.0511367052990277,19.0,35
7,387.0,5.308601630123049,5.610817727153619,,,,0.0,0.0,100.15193809046129,0.621145327510181,19.313711459887827,0.6551452373039502,0.0532964148660679,18.0,35
7,388.0,5.755566661399554,5.867966768709841,,,,0.0,1.0,32.584484068709564,0.5751363586682525,19.83611786286785,0.862294000250968,0.0759314762541668,17.0,35
7,389.0,6.972334184877869,6.885717611520015,,,,0.0,1.0,26.791509275420815,0.5836875932222285,25.485567086428677,1.551584127981676,0.1577943887634932,16.0,35
7,390.0,6.991660907758861,6.832568418035508,,,,0.0,1.0,29.88988109581041,0.5858776366269243,22.355408868861616,1.316686593834527,0.1593335680253029,15.0,35
7,391.0,7.206362467472391,7.196861113723229,,,,0.0,1.0,23.434717235915457,0.5039007281395258,24.045971879209645,1.5728337884219863,0.1769348520776042,14.0,35
7,392.0,7.436631250238856,7.467974807010656,,,,0.0,1.0,33.63134935630048,0.7075794162233768,26.759296951661124,1.5093817731358647,0.1968369685059599,13.0,35
7,393.0,7.515734575296642,7.334761789968717,,,,0.0,0.0,99.31849833786416,0.5784447165831744,30.90966691966291,1.6043407469073907,0.2039185875452954,12.0,35
7,394.0,7.532525272886994,7.38328447865053,,,,0.0,1.0,24.503672855794385,0.436842066798112,27.07551959494731,1.2418459851257773,0.2054378534935932,11.0,35
7,395.0,7.760501721277132,7.823766503082475,,,,0.0,1.0,28.817283754450287,0.5431859891702534,27.93862181847503,1.3373679416203734,0.2266237663828254,10.0,35
7,396.0,8.165344423254759,8.028658205633842,,,,0.0,1.0,26.639688657114,0.5466153358154374,32.482526449048805,1.5102909648778933,0.2668078301084903,9.0,35
7,397.0,8.347630466688049,8.278842591240535,,,,0.0,1.0,37.6491025090481,0.5654822447611265,30.39857058598044,1.7726225457103086,0.2859715160825024,8.0,35
7,398.0,8.429269471058367,8.115462215481486,,,,0.0,1.0,30.679094306023963,0.4175763191265,28.500950398743218,1.730766763700598,0.294769669893664,7.0,35
7,399.0,8.4663323176953,8.422050716986458,,,,0.0,1.0,24.633515974159025,0.5423241616906763,33.600727165268296,1.7840233895827375,0.2988078900748008,6.0,35
7,400.0,8.640456338233236,8.759280661641665,,,,0.0,1.0,25.10041394728794,0.6048585781314689,32.1455616217292,2.037218881493673,0.3181474770351547,5.0,35
7,401.0,8.83164359264363,8.888941096169837,,,,0.0,1.0,27.418599806162156,0.5502405272022818,31.26374823874977,2.067342491917033,0.340080669916215,4.0,35
7,402.0,8.934671511615866,9.022819538056948,,,,0.0,1.0,27.04752357395318,0.5136817033264262,33.51252804090458,2.058278127624414,0.3522032595078494,3.0,35
7,403.0,9.131094956492154,9.156298708771148,,,,0.0,0.0,96.3923957845524,0.5916989378764081,40.31699968327238,2.0090802771437204,0.3759032536552352,2.0,35
7,404.0,9.672160633787296,9.617465142416062,,,,0.0,0.0,104.79390971291016,0.5808071811539797,36.53797514291168,2.541196719211841,0.4451772752306089,1.0,35
7,405.0,10.265970541477746,10.359551122937056,catastrophic_failure_replacement,629.1467026158551,,0.0,1.0,26.392354077733792,0.507954406066668,0.0,0.0386713817227352,0.0,0.0,35
8,0.0,0.0,0.0,,,,1.0,1.0,31.194268790143308,0.4937158576014445,0.4783886404410644,0.0,0.0,90.0,37
8,1.0,0.2012128220699397,0.4332310854138679,,,,1.0,1.0,30.54520425903373,0.5868520080376308,6.722566220612,0.0998898834403586,0.0,89.0,37
8,2.0,0.4463373304310289,0.340194026831121,,,,1.0,1.0,29.64889832157206,0.4540294085464156,0.0,0.0,0.0,88.0,37
8,3.0,0.5461761584836642,0.5265709861476331,,,,1.0,1.0,29.91944458597074,0.8895230642133753,0.0,0.1768918122485984,0.0,87.0,37
8,4.0,0.6123402300837724,0.4547136226455108,,,,1.0,1.0,34.45219357067342,0.6958996977862288,0.0,0.1890986472548611,0.0,86.0,37
8,5.0,0.6220237741667359,0.4959739838328535,,,,1.0,0.0,98.01804097928364,0.5910681833374315,0.0,0.0,0.0,85.0,37
8,6.0,0.8929061189374508,0.85885100532465,,,,1.0,0.0,109.78820067920128,0.6140257726069748,1.7608205347402546,0.1080405289391932,0.0,84.0,37
8,7.0,0.9045870247177724,0.8485495435441037,,,,1.0,0.0,105.09056205172992,0.7913210055362289,0.0,0.0,0.0,83.0,37
8,8.0,1.1479164815298886,1.0822165443357132,,,,1.0,1.0,41.00913677809535,0.7182614256735675,2.348930388177843,0.2219674255315014,0.0,82.0,37
8,9.0,1.147916490778882,1.0376328078683088,,,,1.0,1.0,36.36092911977117,0.5743431801242745,4.844857511717846,0.134565575563871,0.0,81.0,37
8,10.0,1.4904335215950102,1.278660001066893,,,,1.0,1.0,30.717849765760526,0.7392579856570302,4.103916686272881,0.4289765801204006,0.0,80.0,37
8,11.0,1.5756171490423478,1.6340224520695117,,,,1.0,1.0,28.772067530636896,0.6539518752596323,2.752004976825755,0.3022418754220813,0.0,79.0,37
8,12.0,1.7702344921403703,1.9293836072400925,,,,1.0,1.0,36.14024877127145,0.7191977354473473,3.1921462647517425,0.2188615109308266,0.0,78.0,37
8,13.0,1.770234496509275,1.8850007842559988,,,,1.0,1.0,26.152189116204624,0.6484725697010094,3.337401196219956,0.0224470625281038,0.0,77.0,37
8,14.0,1.823081682375292,1.7394729406795828,,,,1.0,1.0,38.152284514930784,0.7388089946866759,4.916653100051422,0.0,0.0,76.0,37
8,15.0,2.242724661839785,2.287454518801186,,,,1.0,1.0,34.439398543281314,0.7528541343562402,6.4111596087089895,0.4965271204190544,0.0,75.0,37
8,16.0,2.242724913274249,2.2084597074284247,,,,1.0,0.0,99.63497949194787,0.7027603849665967,8.408610481888164,0.0,0.0,74.0,37
8,17.0,2.3927737203844126,2.536089419705218,,,,1.0,1.0,30.790346985132445,0.4955340865479145,3.7798873781037714,0.2148534431338441,0.0,73.0,37
8,18.0,2.398285961732029,2.4862263314391058,,,,1.0,1.0,34.74068132306483,0.6268521565892158,6.936707566699084,0.1585234724633562,0.0,72.0,37
8,19.0,2.412635012175216,2.55710503354286,,,,1.0,1.0,26.7687009728993,0.603149030876319,2.80835085277201,0.1599606999436113,0.0,71.0,37
8,20.0,2.417428387080127,2.317841859289932,,,,1.0,1.0,32.05128390228319,0.5051625498391075,0.0,0.2372860593040253,0.0,70.0,37
8,21.0,2.4177988649686912,2.435771006323774,,,,1.0,0.0,89.48430607210113,0.680200485886082,5.407857442960771,0.3087274888827502,0.0,69.0,37
8,22.0,2.562272492694105,2.6310060484015083,,,,1.0,0.0,94.09808636535678,0.761605685355429,0.0,0.2836657575678875,0.0,68.0,37
8,23.0,2.563010060695835,2.3964320102816217,,,,1.0,0.0,105.46669725741552,0.6670197688431053,4.684064010861101,0.0,0.0,67.0,37
8,24.0,2.5630132074829417,2.72824436033076,,,,1.0,1.0,34.42707907588097,0.7244379505643533,0.0,0.2763656873995775,0.0,66.0,37
8,25.0,2.5645832924612675,2.427425173538676,,,,1.0,0.0,93.01125059124472,0.7404921141678333,5.668816995266445,0.4102276781253967,0.0,65.0,37
8,26.0,2.567336022062701,2.7665737319135357,,,,1.0,1.0,39.17724997705661,0.5444298509410065,1.4097856161502045,0.0529466863489738,0.0,64.0,37
8,27.0,2.567345625980696,2.4804264047930995,,,,1.0,1.0,29.17102368864106,0.6292383722802366,4.150274894287181,0.1352808005380758,0.0,63.0,37
8,28.0,2.569886054973225,2.6849293600216666,,,,1.0,1.0,28.675416257476563,0.5818355743802692,5.934501752009393,0.0416374660918969,0.0,62.0,37
8,29.0,2.570093784427592,2.417519837670302,,,,1.0,0.0,100.71140454371567,0.6876855126008594,10.00947648161832,0.0,0.0,61.0,37
8,30.0,2.646541073062997,2.8147392207098005,,,,1.0,1.0,25.23327790412364,0.7225285357587985,4.88149687696885,0.3216946407923725,0.0,60.0,37
8,31.0,2.7795046354559547,2.8698765737463594,,,,1.0,1.0,36.79099193684162,0.5309186468884741,6.282364781464597,0.4146175017838349,0.0,59.0,37
8,32.0,2.794105518796897,2.8670476810870307,,,,1.0,1.0,26.84817230035438,0.7291419037070093,5.5241822771596905,0.1221032525898824,0.0,58.0,37
8,33.0,2.8191677351645144,2.725479071483744,,,,1.0,0.0,100.32767755840544,0.7881942314823613,7.4024383385688735,0.2931757215782429,0.0,57.0,37
8,34.0,3.0385441638809225,2.9021561519800465,,,,1.0,1.0,29.855926292120586,0.7875633954588804,6.327022822481435,0.3005112409673984,1.4856525692794123e-05,56.0,37
8,35.0,3.0385446810004044,2.958372224186204,,,,1.0,1.0,35.83744467992584,0.5379261396324215,5.909375557440219,0.3987792963728307,1.4856924334229635e-05,55.0,37
8,36.0,3.238139973138096,2.9530600478328077,,,,1.0,1.0,32.72870538791094,0.6125320950290726,7.291336974322881,0.21326109844921,0.0005671064680621,54.0,37
8,37.0,3.2703501564634307,3.4186350575866085,,,,1.0,1.0,26.294737441116208,0.6163611572584862,5.446240294357974,0.1654047343986052,0.000730892070998,53.0,37
8,38.0,3.2833898587334214,3.2812225784741584,,,,1.0,1.0,28.234352265723903,0.7205230527870615,5.325359483728549,0.2995849770037076,0.0008030981203294,52.0,37
8,39.0,3.3292610738519914,3.3941171597128355,,,,1.0,1.0,27.58964264597911,0.6462701129747039,5.730279963745899,0.3073110180243901,0.0010841285475416,51.0,37
8,40.0,3.3504454500373417,3.121718914866797,,,,1.0,0.0,102.46815858880235,0.5718214052776047,8.608082240156262,0.2846924219300129,0.0012281201345187,50.0,37
8,41.0,3.3585185773584554,3.6134701000596543,,,,1.0,0.0,87.95534917335738,0.6891548719332942,2.5844916162852662,0.1154290000645216,0.0012853557031113,49.0,37
8,42.0,3.492074152758509,3.5732049136548647,,,,1.0,0.0,113.5611264316427,0.6360961420206912,7.259935096970112,0.3483369118322636,0.00242136971813,48.0,37
8,43.0,3.930378275467053,4.333590211126116,,,,1.0,1.0,37.42663362409297,0.6108649229855749,9.713966615399473,0.3184028919937166,0.0086560373546104,47.0,37
8,44.0,4.01940506205565,4.034114700923213,,,,1.0,1.0,22.72483933309653,0.6341143677176364,13.005602994569063,0.5744767719781405,0.0103918668054468,46.0,37
8,45.0,4.113185353993864,4.1110825850515305,,,,1.0,1.0,27.697803755170657,0.6162816967783351,8.277708488265297,0.4111644440102913,0.0123918163234644,45.0,37
8,46.0,4.136187015425165,3.904281736814999,,,,1.0,1.0,22.3606713822406,0.6095648891520009,14.249445562465077,0.3014284870532339,0.0129092093402074,44.0,37
8,47.0,4.165800040247792,4.310366943401904,,,,1.0,0.0,110.71052968743196,0.6605376593979222,4.953403792832575,0.5038592045586806,0.0135908973384175,43.0,37
8,48.0,4.170356098993989,4.209370757259955,,,,1.0,1.0,28.83273530041546,0.7171651013644735,14.736060930607824,0.731320835236371,0.0136973339845242,42.0,37
8,49.0,4.174780023967725,3.9834304911284746,,,,1.0,1.0,35.17050726685663,0.6033033909216508,10.06621202065377,0.0408060673427382,0.013801081047136,41.0,37
8,50.0,4.19621779725786,4.1935872062344695,,,,1.0,0.0,102.33770727959175,0.5779291995357643,13.556237309467331,0.3568692044324839,0.0143093701847644,40.0,37
8,51.0,4.292234238305383,4.462658458854159,,,,1.0,1.0,33.25702434110321,0.5222210811035717,10.333921265452028,0.6839241936162286,0.0166986932664869,39.0,37
8,52.0,4.332559135340794,4.501405547314917,,,,1.0,1.0,27.04208143656541,0.7677472200228341,10.272386121821205,0.3701975342309304,0.017757138491802,38.0,37
8,53.0,4.406031945303498,4.527082463812425,,,,1.0,0.0,116.4528894690913,0.6415627901625536,12.547028791025811,0.2450381108659451,0.0197692583121393,37.0,37
8,54.0,4.487180473403985,4.6040494844647775,,,,1.0,0.0,93.28396038479296,0.6274093991537737,14.975597061405402,0.5405452846354273,0.022117057604741,36.0,37
8,55.0,4.49339941219049,4.506019464064095,,,,1.0,1.0,28.86518508429696,0.4582069751782553,18.21023478971717,0.4707399282363579,0.022302418043309,35.0,37
8,56.0,4.493455906326863,4.636093383598672,,,,1.0,1.0,28.779390045993416,0.6004198364023438,10.919669131037464,0.442464377481012,0.0223041054414259,34.0,37
8,57.0,4.517439191857274,4.711751126077846,,,,1.0,1.0,33.04492876855729,0.5720529047907196,15.26597140599172,0.6785554698934256,0.0230262170098445,33.0,37
8,58.0,4.715899006972735,4.8327457856185125,,,,1.0,1.0,34.5961105729172,0.6445894987094096,9.74481839541338,0.6151930034690783,0.0294430940213001,32.0,37
8,59.0,4.715923075795938,4.721763294267672,,,,1.0,0.0,105.56397380991888,0.5765513589212738,15.465988667336424,0.5043948328175152,0.0294439200204899,31.0,37
8,60.0,4.717994599261462,4.848227534237104,,,,1.0,1.0,32.910333501863576,0.5907382304706925,15.666597687080802,0.6470079095403002,0.0295150544309155,30.0,37
8,61.0,4.967035890185209,4.997820015637006,,,,1.0,1.0,26.015604525166708,0.7386700663612713,16.99066139282498,0.7883713667558301,0.0386923019327671,29.0,37
8,62.0,5.119504095890149,5.057337902959824,,,,1.0,1.0,34.936689439121366,0.3482314499897311,13.433527181319928,0.8808588880839187,0.0449229761249512,28.0,37
8,63.0,5.124376600588585,5.057850104785826,,,,1.0,1.0,36.64446069616336,0.6545633581218326,14.037280414089624,0.7978835605258141,0.0451297594112831,27.0,37
8,64.0,5.1537059361053545,5.032946130330066,,,,1.0,1.0,23.02380767759584,0.4525076877123724,11.507332027054238,0.6700476936885064,0.0463844925921544,26.0,37
8,65.0,5.156471205452603,5.21950747098171,,,,1.0,0.0,97.2825209782332,0.7427375458797731,15.176609639529936,0.822292452966239,0.046503680599462,25.0,37
8,66.0,5.160013935067706,5.234026508384549,,,,1.0,1.0,26.081251733400173,0.8478161962940075,17.861105712219487,0.777526287481864,0.0466566019968667,24.0,37
8,67.0,5.180969645948891,5.195698695841248,,,,1.0,1.0,36.02299512901611,0.8209137013829686,14.128889436006348,0.746592054966117,0.0475662859655043,23.0,37
8,68.0,5.182948674103702,5.079717726281452,,,,1.0,1.0,25.228734911710838,0.5691554118178814,10.880287821043703,0.5103370388712835,0.0476526491377111,22.0,37
8,69.0,5.184037086647832,5.12028776023517,,,,1.0,0.0,94.97201717866798,0.667145320267195,16.203945418196774,0.5235651838248124,0.0477001799585315,21.0,37
8,70.0,5.490224596283045,5.273753654183758,,,,1.0,0.0,116.02580534730176,0.5320194621294799,19.29650870402761,0.7595510266776534,0.0620121853993305,20.0,37
8,71.0,5.496280280651472,5.625009630083986,,,,1.0,0.0,100.45897408650654,0.672119892042029,16.137062435452545,0.7668821602224486,0.0623141523956938,19.0,37
8,72.0,5.924428748808504,5.980803359368836,,,,1.0,1.0,21.807749623951043,0.7723447130004838,13.11492576753566,1.0477198339585403,0.0855228350685766,18.0,37
8,73.0,5.985144564753733,5.856761235215571,,,,1.0,1.0,38.40238961377045,0.5418528788952244,13.531494897862014,0.9028088041990324,0.0891108807247875,17.0,37
8,74.0,6.16004409449936,6.34116579275481,,,,1.0,1.0,32.34685880129511,0.9678165295168656,20.50542796992055,0.6393886345876385,0.0998587867918028,16.0,37
8,75.0,6.160341386373583,6.325090241268314,,,,1.0,0.0,115.49597276386368,0.6441642829592878,18.58614078083281,0.6515072978084834,0.0998775767842569,15.0,37
8,76.0,6.161400052365005,6.183306355620826,,,,1.0,0.0,99.94655617896048,0.5639259642304126,17.378637335886665,0.8154083819082012,0.0999445029109345,14.0,37
8,77.0,6.755932525007527,6.743304005984179,,,,1.0,1.0,29.812383556927443,0.5618394529126948,22.9934180091606,1.2405581820779494,0.1410702913240941,13.0,37
8,78.0,7.018994519617074,7.0705697048064895,,,,1.0,1.0,26.86582620065336,0.5613571966931058,23.961491529710845,1.3129127273783705,0.1615231694871208,12.0,37
8,79.0,7.254383634849768,7.100717317428222,,,,1.0,1.0,28.871923256947817,0.5850362901936442,22.22227606912047,1.301511405122646,0.1809978011247752,11.0,37
8,80.0,7.610427318446213,7.894092617627851,,,,1.0,1.0,28.618004117158097,0.629371883760669,24.49797105019683,1.4442391959443934,0.2125604005867514,10.0,37
8,81.0,7.65470197079583,7.512606123675139,,,,1.0,1.0,37.29236561946279,0.6159087905509834,24.347119604375525,1.4548132309702797,0.2166625043693058,9.0,37
8,82.0,7.869054023347719,7.782284125147431,,,,1.0,1.0,25.131306891410624,0.7194648457125058,23.734826963170207,1.6707851575656203,0.2370768708227861,8.0,37
8,83.0,8.047211515465555,7.777248603634267,,,,1.0,0.0,95.37866634221558,0.6198709694399503,27.50113855314519,1.6495292981318377,0.254743440818481,7.0,37
8,84.0,8.5616325257307,8.548840715706604,,,,1.0,1.0,30.88826721674569,0.6381895201442722,28.756767730155968,1.7980009324130852,0.3093175635126564,6.0,37
8,85.0,8.576406688495291,8.740015982343056,,,,1.0,1.0,33.725969501309066,0.6772086659509274,29.00973129894904,1.8275844064137472,0.3109631155549503,5.0,37
8,86.0,8.731305983471337,8.89229166971612,,,,1.0,1.0,31.06245543013791,0.4925550462081005,34.587444270998816,1.7745017093468298,0.3284786827617436,4.0,37
8,87.0,8.972047845814503,8.764073085989585,,,,1.0,1.0,19.16107630325794,0.749119721965704,27.88385473147836,2.112119569558341,0.3566535547269764,3.0,37
8,88.0,9.076184504064608,9.095421542046532,,,,1.0,0.0,102.31108645003692,0.5694351126011004,34.13446183924804,1.8491571630477328,0.3692001812743486,2.0,37
8,89.0,9.913376984688398,10.132348462196257,,,,1.0,1.0,29.98920736409825,0.8230288760928576,42.445560026105404,2.1242578328253034,0.4779478133241924,1.0,37
8,90.0,10.115625515866713,9.890245153602166,catastrophic_failure_replacement,496.9198535840118,,1.0,1.0,31.335321504196703,0.4992593403080528,0.0,0.0,0.0,0.0,37
8,90.0,0.0,0.0,catastrophic_failure_replacement,496.9198535840118,,1.0,1.0,31.335321504196703,0.4992593403080528,0.0,0.0,0.0,101.0,38
8,91.0,0.0017028650414363,0.0,,,,1.0,1.0,39.99419353997958,0.7627435850371244,2.840414863117058,0.0,0.0,100.0,38
8,92.0,0.0026024462133787,0.1487737957637825,,,,1.0,1.0,28.804531322018025,0.5807002574429114,0.0,0.0,0.0,99.0,38
8,93.0,0.0036770703313657,0.1332813113196229,,,,1.0,1.0,30.080682523625413,0.6586025512634748,0.0,0.0,0.0,98.0,38
8,94.0,0.069156641415009,0.0876166685995862,,,,1.0,1.0,24.222282070034968,0.6561789811099541,0.0,0.208420787057956,0.0,97.0,38
8,95.0,0.0691575049910905,0.0,,,,1.0,1.0,26.02544861462449,0.6376424040400629,0.0,0.0,0.0,96.0,38
8,96.0,0.1213509358639796,0.0,,,,1.0,1.0,34.51769211928095,0.6959389365361582,1.1639966901272083,0.2860668324608324,0.0,95.0,38
8,97.0,0.1221524708406272,0.2501130283226939,,,,1.0,1.0,28.2654158948992,0.6988026167413611,0.0,0.0,0.0,94.0,38
8,98.0,0.1248524091910837,0.0,,,,1.0,1.0,32.194144295537875,0.5351797268164564,0.0,0.1184566993848899,0.0,93.0,38
8,99.0,0.1248534222369765,0.1964377861641175,,,,1.0,1.0,28.88906776823196,0.6667860885898433,1.0918145493496882,0.1432443399808937,0.0,92.0,38
8,100.0,0.2220396400194317,0.1163467173983554,,,,1.0,1.0,36.93090885926535,0.5928584325302031,0.0,0.3844140985109582,0.0,91.0,38
8,101.0,0.2569319511001511,0.3077460120654228,,,,1.0,1.0,22.546017150399727,0.6310082111316224,0.0,0.1033105905963508,0.0,90.0,38
8,102.0,0.2569325097320151,0.5852729366344063,,,,1.0,1.0,30.16499593788399,0.8285097061290947,0.0,0.0693857307093275,0.0,89.0,38
8,103.0,0.2569690946851187,0.4400540021757867,,,,1.0,1.0,25.619224183353424,0.8097684095204768,1.8369955981913615,0.1753010224026438,0.0,88.0,38
8,104.0,0.2750568248067307,0.4058218697329051,,,,1.0,1.0,22.2279927941166,0.5803257528733021,6.697738193993506,0.0326762364209915,0.0,87.0,38
8,105.0,0.330061812349555,0.3242039936317554,,,,1.0,1.0,33.34301313964288,0.5353574068015218,4.569980621581339,0.0609881245671887,0.0,86.0,38
8,106.0,0.3710744964822846,0.227175359841142,,,,1.0,0.0,104.69581537522292,0.4827091218307908,0.0,0.0,0.0,85.0,38
8,107.0,0.3869597363736126,0.2979900397175358,,,,1.0,1.0,29.703495649539168,0.6782429364900969,0.0,0.0101847491084548,0.0,84.0,38
8,108.0,0.4697308888642316,0.5227804383485049,,,,1.0,1.0,28.9854201424787,0.5726015075375102,4.447511573137385,0.0,0.0,83.0,38
8,109.0,1.0045530470494288,0.8942458497248822,,,,1.0,0.0,83.3467234362077,0.6640963789498281,5.659429100118167,0.0851240221391153,0.0,82.0,38
8,110.0,1.816790218588112,1.839634746990116,,,,1.0,1.0,36.09150988268447,0.6637734132826508,3.963075341715372,0.0,0.0,81.0,38
8,111.0,1.83688807743164,2.01446670146575,,,,1.0,1.0,22.7764970488347,0.7985134783978123,0.0,0.1754929002336153,0.0,80.0,38
8,112.0,1.87440830102165,1.8819294537880296,,,,1.0,1.0,38.144747491931504,0.5683532731205702,2.2571827794678425,0.1512635760617545,0.0,79.0,38
8,113.0,1.9338868399864075,1.9143525174955915,,,,1.0,1.0,28.569717584076603,0.7520057746746711,4.626842998111655,0.0718948075453177,0.0,78.0,38
8,114.0,1.9342055725911091,2.010009527508977,,,,1.0,1.0,28.54694186382569,0.6023293752838998,7.3011389349916,0.2065224484146271,0.0,77.0,38
8,115.0,1.9360934728196155,1.9416326126791064,,,,1.0,1.0,22.32497847737749,0.5793792491751563,0.0,0.0,0.0,76.0,38
8,116.0,2.300981421677234,2.4685504348534737,,,,1.0,1.0,34.82426262435,0.6581647094882592,0.0,0.1563330834128364,0.0,75.0,38
8,117.0,2.373866870279526,2.299554308960926,,,,1.0,1.0,30.297691222639383,0.6574420668702339,0.2494575948154791,0.288274575851821,0.0,74.0,38
8,118.0,2.518413947402093,2.4547173429182645,,,,1.0,0.0,93.91723514496276,0.6511541853674763,4.7093713286142975,0.191147600642443,0.0,73.0,38
8,119.0,2.529510148889218,2.5501574249859247,,,,1.0,0.0,93.92432628805214,0.5146195923311652,7.745961178216972,0.1550070138415476,0.0,72.0,38
8,120.0,2.5501478574370453,2.496382880818365,,,,1.0,0.0,90.09590129915844,0.7199285197013153,1.5455023678638429,0.232955807795137,0.0,71.0,38
8,121.0,2.5502012701206827,2.76630171233024,,,,1.0,0.0,85.84734851737242,0.7322672859103522,8.584331064071307,0.3180976022946249,0.0,70.0,38
8,122.0,2.551253828471637,2.588134685848737,,,,1.0,1.0,33.84438752641896,0.556883925838656,6.71696571700444,0.2480466930709298,0.0,69.0,38
8,123.0,2.9255551610566086,2.7949542711506288,,,,1.0,1.0,21.528022332979333,0.6288564352324532,8.878953966273947,0.3094258472887957,0.0,68.0,38
8,124.0,2.9981644059036108,3.2465210076506987,,,,1.0,1.0,33.834356489384085,0.5841292837046207,7.901090218036495,0.2008012344190786,0.0,67.0,38
8,125.0,2.9982306463201085,2.9957934624654423,,,,1.0,1.0,24.577351302129053,0.7960112229237181,7.246427620197569,0.3183785289669865,0.0,66.0,38
8,126.0,3.024003560805368,2.8046979798514964,,,,1.0,1.0,35.24168721677186,0.5825854750637446,8.14635468350022,0.1328926426054353,5.76170931336995e-06,65.0,38
8,127.0,3.0263135147028195,3.040998109993407,,,,1.0,1.0,33.887423351753306,0.7028423743984915,6.335973186055294,0.4027623050191671,6.924010560155159e-06,64.0,38
8,128.0,3.038143770586646,2.9174010013306613,,,,1.0,1.0,25.6729600804259,0.7136342947909474,7.454268632090983,0.3273618455016443,1.4549472345666872e-05,63.0,38
8,129.0,3.061788469502196,2.927471847192181,,,,1.0,0.0,97.23635151019477,0.8131509749926986,6.41691087792006,0.1814894051149118,3.817814963423856e-05,62.0,38
8,130.0,3.1245443754709936,3.02730035029359,,,,1.0,0.0,104.46882350180432,0.71908520753916,5.611791790098842,0.1658283431533743,0.0001551130146145,61.0,38
8,131.0,3.128099728139357,2.994298019860756,,,,1.0,1.0,27.63635373812388,0.6584162720671382,3.820628570049256,0.2723274649546227,0.0001640954034937,60.0,38
8,132.0,3.1368632543908466,3.5712606216896785,,,,1.0,1.0,26.718827857789712,0.6186872900800999,8.208542332853,0.2468062888149522,0.0001873155040245,59.0,38
8,133.0,3.1749041598898056,3.310283334019915,,,,1.0,0.0,101.01897176028037,0.4757568823950479,3.776124123658072,0.0935933333102018,0.0003059146514675,58.0,38
8,134.0,3.2366910030755824,3.473169328183619,,,,1.0,1.0,39.824737594813456,0.6676312920483721,7.91611596756249,0.1878634609304882,0.0005602263093692,57.0,38
8,135.0,3.3481385711438323,3.574654174378838,,,,1.0,1.0,27.236210535158683,0.6624517485140716,10.461002083395387,0.4307653656450748,0.0012120046471806,56.0,38
8,136.0,3.51117176231086,3.4330152093587265,,,,1.0,1.0,36.59166916687123,0.7614532567613865,5.387388649743308,0.0302861185376835,0.0026129657058399,55.0,38
8,137.0,3.5817708482176736,3.3936983089496238,,,,1.0,1.0,25.88736072686553,0.770153866454713,7.705188617666623,0.3704557386229767,0.0033845731983591,54.0,38
8,138.0,3.6426717037342047,3.733973369837841,,,,1.0,1.0,28.04644291384557,0.7164303648363901,9.044261548007343,0.1517408737319757,0.0041302691878062,53.0,38
8,139.0,3.773028727611387,3.780852942989139,,,,1.0,1.0,29.818668825081847,0.712793360292031,9.930122401810948,0.5475728613252856,0.0059757341371248,52.0,38
8,140.0,3.775633911176585,3.855776757138046,,,,1.0,1.0,25.346417145056822,0.6615642141898727,8.64434642921465,0.5000868117843146,0.0060160796416708,51.0,38
8,141.0,3.833560892851868,4.026214128040971,,,,1.0,0.0,98.81474249222444,0.8285097398298926,7.242355807056501,0.4285902012180524,0.00694823762092,50.0,38
8,142.0,3.841291210355294,3.755881644692478,,,,1.0,1.0,31.49203970923583,0.4824693329394321,7.53174808895219,0.3736072575529791,0.0070777090062107,49.0,38
8,143.0,3.846708537322959,3.628697007276093,,,,1.0,0.0,91.83068892130052,0.8769877516508808,4.687394694876532,0.2586264780936761,0.0071691534717558,48.0,38
8,144.0,3.849568622239332,3.9397460904912007,,,,1.0,1.0,32.353305493737054,0.7349752580195236,6.02817270716598,0.48678993411271,0.0072176684389363,47.0,38
8,145.0,3.856082772799307,3.9884040514052654,,,,1.0,1.0,27.20777245622602,0.6905672817350537,12.1299269626361,0.1195574311355517,0.0073287771388374,46.0,38
8,146.0,3.915041527151243,3.924489719836479,,,,1.0,0.0,93.93713540430912,0.6400776746638338,13.808373234674862,0.6121958750001273,0.0083730099641127,45.0,38
8,147.0,3.9153155038991065,3.7837364334309314,,,,1.0,1.0,31.99166853684963,0.7634519584673368,9.888771297524944,0.6475395601956031,0.0083780247167807,44.0,38
8,148.0,3.9215074620513177,3.6686260257942815,,,,1.0,0.0,103.01012493054964,0.582034402616001,9.599716017854334,0.3872879908647865,0.0084917600261626,43.0,38
8,149.0,3.921509323977245,4.100881114490826,,,,1.0,1.0,35.319936131301944,0.7381361857025617,11.325990766176124,0.4369613680178026,0.0084917943417699,42.0,38
8,150.0,4.12105599885953,4.217203295632115,,,,1.0,1.0,30.69239250734253,0.6159230630102692,9.959556650520184,0.4291258830988839,0.0125676655257893,41.0,38
8,151.0,4.576621672597001,4.723840820482639,,,,1.0,1.0,33.26987564403136,0.6488929428549696,14.99075284361984,0.376890693616454,0.0248573589850256,40.0,38
8,152.0,4.964753413513676,5.003378642398765,,,,1.0,1.0,27.8930858778765,0.6490053637946214,14.179948674638108,0.7245841200550812,0.0386025597591364,39.0,38
8,153.0,4.97360224139068,5.0424029357346,,,,1.0,0.0,107.07821868219877,0.792945529345919,10.430346851909611,0.5819230208802664,0.0389510580722231,38.0,38
8,154.0,5.007636393944029,4.976028479001847,,,,1.0,0.0,97.82543689146016,0.449091170819458,17.208900287973695,0.6369831881721221,0.0403060389028858,37.0,38
8,155.0,5.156592286928652,4.955855563604356,,,,1.0,1.0,22.84743964716491,0.6598616898111467,15.087664586215094,0.6131445976057137,0.0465089029204015,36.0,38
8,156.0,5.173027022641475,4.998827353049943,,,,1.0,0.0,105.55498123842824,0.5826161812238771,18.43913177717164,0.7307913526174578,0.0472204644113007,35.0,38
8,157.0,5.180714601794391,5.171601062559279,,,,1.0,0.0,99.1558210581694,0.7679876917436778,12.020490354619614,0.3739351368675859,0.0475551617447927,34.0,38
8,158.0,5.1807506463669055,5.114828362593467,,,,1.0,1.0,36.50448481274052,0.774088892325046,13.37817196276406,0.5129844864822144,0.0475567338162967,33.0,38
8,159.0,5.357520921601992,5.3223670879564375,,,,1.0,1.0,26.10622395928543,0.6281492906313219,10.211152300945024,0.75275365740599,0.055579048957911,32.0,38
8,160.0,5.624972602212935,5.671644548296149,,,,1.0,1.0,32.33109775268572,0.6967621379091158,19.23928634165309,0.7497982428413261,0.0689048116236855,31.0,38
8,161.0,5.707582212877724,5.480433580159414,,,,1.0,1.0,31.01876378381952,0.5127446479406791,10.432924945118623,0.7951280483584411,0.0733100143949183,30.0,38
8,162.0,5.73378905184108,5.84431117682659,,,,1.0,1.0,29.86353686269448,0.6199931203609955,17.920974134834367,0.7620378275731928,0.0747360257996614,29.0,38
8,163.0,5.813044339611126,5.714494446741827,,,,1.0,0.0,94.37319917074127,0.8041300037085005,17.01768307686532,1.0483766859602317,0.0791321845661819,28.0,38
8,164.0,5.834990517414732,5.981933911929144,,,,1.0,0.0,108.7224449326092,0.652168837436284,14.178156255467488,0.7697419725718275,0.0803717123383145,27.0,38
8,165.0,5.845416404465158,5.981584537349412,,,,1.0,1.0,24.18792128010357,0.5883370152146146,25.91233406657629,0.9043846770367088,0.0809639451479942,26.0,38
8,166.0,5.883565699291963,5.895993077890098,,,,1.0,1.0,26.606514013341226,0.5842632060077717,20.67936662906753,0.6548018767683974,0.0831495114213314,25.0,38
8,167.0,5.884765071807012,5.860155058074686,,,,1.0,0.0,101.3476978724116,0.6284944082767219,16.379300316078027,0.9539016628165932,0.0832186951951771,24.0,38
8,168.0,5.8859155677121375,5.702611877355497,,,,1.0,1.0,33.08346556516033,0.4545174016556131,18.504686049002803,1.1160154205522912,0.0832850866396327,23.0,38
8,169.0,6.060552374251091,5.968904389808208,,,,1.0,1.0,37.18926782528958,0.5377802433737853,16.487848998973814,0.9366103101337034,0.0936698083553399,22.0,38
8,170.0,6.061277650648967,5.846473178759804,,,,1.0,0.0,97.91872766812578,0.801074400105277,20.692255489377068,0.820196647144797,0.0937142085436286,21.0,38
8,171.0,6.133013205263064,6.0976828207734615,,,,1.0,0.0,91.44880866419176,0.7208346416938921,17.952591641079096,1.016270464967174,0.0981577174435274,20.0,38
8,172.0,6.232064545909649,6.470547128326767,,,,1.0,0.0,101.23492266736108,0.7816329744253342,23.33325476187044,0.8482179129267284,0.1044624122892614,19.0,38
8,173.0,6.24435528635753,6.187974353543377,,,,1.0,1.0,29.063805246424447,0.7505348347358394,25.574269851555712,0.9143074054663892,0.1052584122411605,18.0,38
8,174.0,6.269634657176717,6.217905435443519,,,,1.0,1.0,33.74897990377665,0.6942575297400962,20.079574845045087,0.667957542893789,0.106905107914111,17.0,38
8,175.0,6.271563276085446,6.266615993887894,,,,1.0,1.0,27.67615175082007,0.7370318876235791,20.624755893864872,0.6899898086653088,0.1070312626943093,16.0,38
8,176.0,6.893979581137668,6.778772951086555,,,,1.0,1.0,37.522339361787466,0.6374213022603069,21.020596092812337,0.9698283542912496,0.1516307697831709,15.0,38
8,177.0,7.4642159728666915,7.396919836718668,,,,1.0,1.0,28.056702645660756,0.5844136356923375,26.89449409036957,1.3411936982195485,0.199292242523981,14.0,38
8,178.0,7.50439846867754,7.448765614642927,,,,1.0,1.0,33.538926114872865,0.7628202468816278,25.252208939117224,1.7258854743339602,0.2028960556462457,13.0,38
8,179.0,7.534169574943187,7.578975620052441,,,,1.0,1.0,26.34091634499718,0.5550737942424295,21.59458819960619,1.4097780179124428,0.2055869373434048,12.0,38
8,180.0,7.58826032256536,7.74748849537227,,,,1.0,1.0,21.063037106436788,0.7611530069821727,29.03365367241374,1.8998792344619524,0.2105213278762758,11.0,38
8,181.0,7.763057927070594,7.886892873137859,,,,1.0,1.0,28.00955887676473,0.5432882214266046,33.75403822773411,1.4418045734394758,0.2268672081663003,10.0,38
8,182.0,7.987086964385698,7.838873558017266,,,,1.0,0.0,107.20460071208812,0.7446037832676875,33.222311168099765,1.8045087388578696,0.2487103639034575,9.0,38
8,183.0,8.046362330164378,8.271332263742392,,,,1.0,1.0,33.15706545903927,0.6809542685908934,27.179256567817863,1.528928363796955,0.2546577276730205,8.0,38
8,184.0,8.146372651091205,8.07874561417327,,,,1.0,1.0,33.87566201940509,0.5097571060688063,24.112703485942088,1.5396516511956213,0.2648515146389951,7.0,38
8,185.0,8.222458080660834,8.594034820079461,,,,1.0,0.0,95.37667894637956,0.6622133755854772,32.19398741145836,1.856132545710423,0.2727406840425965,6.0,38
8,186.0,8.545237275917273,8.656871914393205,,,,1.0,1.0,28.580407825584185,0.7121774511661535,32.541421451224416,1.834139382673401,0.3074965644622243,5.0,38
8,187.0,8.75142531620286,8.599431248928047,,,,1.0,0.0,90.39086696805462,0.6157693279946913,32.69494273096539,2.106057329148442,0.3307889316785917,4.0,38
8,188.0,9.096157809219154,9.104705086109409,,,,1.0,0.0,96.60616974231664,0.711544605256428,34.081383490418304,2.237310284975273,0.3716314003490367,3.0,38
8,189.0,9.463463939577496,9.23491867752803,,,,1.0,0.0,95.1455779541119,0.6736187009556693,39.2624564374381,2.0617861546708296,0.4177636609821865,2.0,38
8,190.0,9.817474846299666,10.006117631267228,,,,1.0,1.0,36.35105350018172,0.5995435434407611,39.01780556853559,2.803040148524361,0.4647796327992864,1.0,38
8,191.0,11.160448180041394,10.993875503685196,catastrophic_failure_replacement,519.7659081050015,,1.0,1.0,37.17508852450003,0.6229234953011802,2.777345952549656,0.0,0.0,0.0,38
8,191.0,0.0,0.0,catastrophic_failure_replacement,519.7659081050015,,1.0,1.0,37.17508852450003,0.6229234953011802,2.777345952549656,0.0,0.0,126.0,39
8,192.0,0.000671254964144,0.0,,,,1.0,0.0,115.35996278138124,0.765073989963416,3.4332245802124755,0.0719296495555306,0.0,125.0,39
8,193.0,0.0730731458524529,0.0,,,,1.0,1.0,26.13776046434638,0.5666695248375824,1.740054761107784,0.0,0.0,124.0,39
8,194.0,0.0759596419835113,0.036458432896572,,,,1.0,1.0,26.850195803519476,0.8330087777097068,4.836987149309536,0.0,0.0,123.0,39
8,195.0,0.211473720186318,0.163458125878293,,,,1.0,0.0,113.48335282439754,0.5771339368464263,0.2242454021585637,0.0,0.0,122.0,39
8,196.0,0.2585306149244615,0.2335124839359073,,,,1.0,0.0,88.79145116383461,0.5957791867549183,0.0,0.0,0.0,121.0,39
8,197.0,0.4980343879357063,0.642466943424604,,,,1.0,0.0,87.12642577194086,0.5147282668472861,1.101061071918899,0.0,0.0,120.0,39
8,198.0,0.6283943529972614,0.7031136444047379,,,,1.0,1.0,27.358476251710727,0.7171858674525572,0.8896449728509358,0.0795920450925874,0.0,119.0,39
8,199.0,0.662838539294064,0.9160648542073598,,,,1.0,0.0,107.30061650475452,0.5650136646530797,0.0,0.026393584020256,0.0,118.0,39
8,200.0,0.6648149428436393,0.6039097722794172,,,,1.0,0.0,100.55152346541368,0.6464632512473963,0.168217486533226,0.0,0.0,117.0,39
8,201.0,0.6825731487961472,0.9299315893994872,,,,1.0,0.0,105.54069297311376,0.5626593156380245,0.0,0.0098303337229886,0.0,116.0,39
8,202.0,0.6923274963098134,0.7503349520223762,,,,1.0,1.0,30.27549449418959,0.6347515285433256,0.0,0.0178911144381809,0.0,115.0,39
8,203.0,0.7007976498423243,0.8180096761181568,,,,1.0,1.0,38.4891576387227,0.4580056227458461,1.7679944184145768,0.0,0.0,114.0,39
8,204.0,0.7007978638931337,0.5951405696253846,,,,1.0,1.0,29.58559286918716,0.5889760242968093,2.4513981914522622,0.0,0.0,113.0,39
8,205.0,0.7044078758638045,0.7627621968804537,,,,1.0,0.0,105.844640628379,0.8778219924822728,2.880716722803076,0.0,0.0,112.0,39
8,206.0,0.8115156399990575,1.0418624444329667,,,,1.0,1.0,35.08279416619374,0.4580451281726313,3.0106749607084917,0.0,0.0,111.0,39
8,207.0,1.0450679554021758,1.0782944384196778,,,,1.0,1.0,33.36272926564463,0.6574769283982349,9.476326856935229,0.2930970038074177,0.0,110.0,39
8,208.0,1.0834294366315549,1.060171709687534,,,,1.0,1.0,35.24119156378211,0.6971228169746758,0.0400214380358128,0.0,0.0,109.0,39
8,209.0,1.0938291002207403,1.0959642613348612,,,,1.0,1.0,27.204370608643774,0.4685328726483508,7.792025901551559,0.308060024183076,0.0,108.0,39
8,210.0,1.0938291002747722,0.946875956893055,,,,1.0,1.0,32.56789813393483,0.7133321215077766,3.333553077376201,0.035825967047541,0.0,107.0,39
8,211.0,1.2245374200794832,1.140431826944529,,,,1.0,1.0,32.229640339570054,0.5136526472983145,1.9366875656496407,0.0844013986994862,0.0,106.0,39
8,212.0,1.2726788609102624,1.1424827400092183,,,,1.0,0.0,95.35468702603475,0.4430080289693469,2.8269824676118427,0.1215348660945954,0.0,105.0,39
8,213.0,1.2733758662248913,1.357525691895459,,,,1.0,0.0,97.81854810171782,0.6552206928944864,4.90980754779498,0.125572821117309,0.0,104.0,39
8,214.0,1.2733860301658224,1.1582718182507334,,,,1.0,1.0,38.91672961861767,0.4669781961523047,2.880031482672627,0.0360071863646291,0.0,103.0,39
8,215.0,1.2733869880652575,1.3683895903665386,,,,1.0,0.0,101.8897630984493,0.4863017223538764,2.3576828737515854,0.0974064417952031,0.0,102.0,39
8,216.0,1.3579590034818358,1.1108142124015643,,,,1.0,1.0,35.26842480150695,0.8226259540631241,8.373011670628319,0.0328661415665867,0.0,101.0,39
8,217.0,1.5593143168042172,1.7094392851805542,,,,1.0,1.0,23.84223923220548,0.5922628857782122,6.426694639038285,0.2350611186772228,0.0,100.0,39
8,218.0,1.607600432058104,1.7129180314332149,,,,1.0,0.0,109.53677117994091,0.7300938270304889,0.0,0.0890850087138432,0.0,99.0,39
8,219.0,1.6337621247475569,1.6061438872899658,,,,1.0,1.0,38.118910884575854,0.632976572533338,1.5200063220174342,0.2235082989024021,0.0,98.0,39
8,220.0,1.8020109346022075,1.6813367620364923,,,,1.0,1.0,27.909605160078584,0.6848976728288351,9.006724177237016,0.0949660215111578,0.0,97.0,39
8,221.0,1.80218566783064,1.7875286415154903,,,,1.0,0.0,89.98232431516888,0.824620720419231,1.8635300619330544,0.1503648116133087,0.0,96.0,39
8,222.0,1.8021857480346648,1.4360375662774083,,,,1.0,1.0,26.61873281176238,0.6611655378116196,0.0,0.4041830448830967,0.0,95.0,39
8,223.0,2.0763514055181624,1.9183471707564608,,,,1.0,1.0,24.71696924164409,0.4998929184630439,0.4922642728047015,0.0777983317357915,0.0,94.0,39
8,224.0,2.235027296892008,2.101265884198066,,,,1.0,1.0,34.22872600014912,0.6826827446168029,5.795463299539452,0.1702799590354769,0.0,93.0,39
8,225.0,2.414150200871351,2.515095841412225,,,,1.0,0.0,102.37458488150928,0.81438854407391,4.163087027983958,0.1354810144386524,0.0,92.0,39
8,226.0,2.4376003971546574,2.1763665954560425,,,,1.0,1.0,29.121272494738665,0.4750668084143905,5.18155471092415,0.1163522299184436,0.0,91.0,39
8,227.0,2.470503266418524,2.6485041590020035,,,,1.0,1.0,26.936778320201164,0.5342087379775291,2.397827771659821,0.0,0.0,90.0,39
8,228.0,2.547489011477407,2.642913065296092,,,,1.0,0.0,98.8169005715482,0.6483179083966836,2.817729733102813,0.0,0.0,89.0,39
8,229.0,2.6592212264171784,2.554064731230354,,,,1.0,0.0,93.44826148256172,0.7129400541939891,2.704891080931623,0.0884794037317282,0.0,88.0,39
8,230.0,2.773027660828162,2.755682552596229,,,,1.0,1.0,30.689381663281587,0.6898829465030226,9.149124738996091,0.0772024914624393,0.0,87.0,39
8,231.0,2.773394257471467,2.9084482786712185,,,,1.0,1.0,22.049238497052453,0.5526138231697026,1.6879840538494602,0.0728943188514681,0.0,86.0,39
8,232.0,2.8328615972722875,2.849788145938074,,,,1.0,0.0,94.79825154632438,0.5055916275433397,6.907542307407326,0.1748470893367009,0.0,85.0,39
8,233.0,2.840540074963459,2.763531392047159,,,,1.0,1.0,41.51186826471454,0.7726861399520791,10.811215765067672,0.0051471928386498,0.0,84.0,39
8,234.0,2.861225517589063,2.7093607398576616,,,,1.0,1.0,29.16286586038034,0.7298377539905512,0.0,0.0,0.0,83.0,39
8,235.0,2.8612294357025743,2.859495659777913,,,,1.0,1.0,35.46243728422706,0.5383735863284145,0.5126553917427934,0.2474107828184221,0.0,82.0,39
8,236.0,2.8857006488335437,2.848179500492324,,,,1.0,0.0,104.70981827567904,0.6784248550225715,8.430557117356557,0.3345731706277516,0.0,81.0,39
8,237.0,3.016206330077057,2.859073440212869,,,,1.0,0.0,104.37593042470832,0.6542685233516196,8.803032497358153,0.0707534048130839,2.626451345665248e-06,80.0,39
8,238.0,3.095474536871877,3.3228671371166887,,,,1.0,0.0,97.862278040378,0.4714424792433297,8.369899214623473,0.3309904727625331,9.115387190899468e-05,79.0,39
8,239.0,3.0954787318803865,3.037952876455953,,,,1.0,1.0,35.86947317633606,0.8162617631380416,10.040696481393478,0.5589943790647751,9.116188241486792e-05,78.0,39
8,240.0,3.129461404552848,2.9257751977150512,,,,1.0,1.0,33.24496655856211,0.7536706135211011,6.111415407601189,0.041526129035036,0.0001676025526879,77.0,39
8,241.0,3.1748982358955944,3.3418859835120287,,,,1.0,0.0,99.0147185546586,0.5824335516567573,7.809379675302386,0.2558807700463441,0.0003058939291939,76.0,39
8,242.0,3.21234382998157,3.0697620892763973,,,,1.0,1.0,25.140687850457343,0.7683025413074832,9.984739852302678,0.095734585296253,0.0004508990213124,75.0,39
8,243.0,3.222602340295212,3.077915182311528,,,,1.0,1.0,30.485239495460416,0.7840048906409411,6.791367806326255,0.4029425598542946,0.000495518019049,74.0,39
8,244.0,3.222618068951584,3.057329078684393,,,,1.0,1.0,32.174470503949195,0.8354022762900875,4.433039337727601,0.2910470840677912,0.0004955880462373,73.0,39
8,245.0,3.224562863666589,3.359365277234828,,,,1.0,0.0,107.0534948885728,0.5502145052442254,6.829875648196991,0.3033609658657381,0.0005042847973813,72.0,39
8,246.0,3.2640328712371804,3.242117792027221,,,,1.0,1.0,22.14183125425048,0.6489144779902907,10.547388485699326,0.3687688192436633,0.0006971335709374,71.0,39
8,247.0,3.2909962802793014,3.3253545699872697,,,,1.0,1.0,33.17384491911599,0.6018870119073017,1.2846976229137148,0.4640993451615641,0.0008467883513638,70.0,39
8,248.0,3.43776018940772,3.2841919411029714,,,,1.0,1.0,29.084277246530693,0.6455856122429875,5.251342962323591,0.7702277420068449,0.0019163398343028,69.0,39
8,249.0,3.4390808220461038,3.690284042186289,,,,1.0,1.0,26.64717788323067,0.4630889026132482,5.649020395252586,0.1785212368538444,0.0019279196828868,68.0,39
8,250.0,3.443816324729722,3.3425080867697265,,,,1.0,1.0,28.510183501675936,0.7626868212970747,7.294431624271651,0.3382681119399555,0.0019697293009659,67.0,39
8,251.0,3.501200926885498,3.295260998379544,,,,1.0,0.0,102.25670907506417,0.8856672210137512,11.385157546347674,0.3669022571911567,0.0025120236911088,66.0,39
8,252.0,3.5105378859616803,3.4092800425822394,,,,1.0,1.0,30.40047749022595,0.8892391559931178,10.18085123446174,0.4041404999454345,0.0026064893300222,65.0,39
8,253.0,3.5368144747947383,3.3320082835639218,,,,1.0,1.0,31.68543109037107,0.6137164026387163,6.883890326753577,0.5314201677324213,0.0028816978034915,64.0,39
8,254.0,3.53947685834819,3.4698217765195265,,,,1.0,1.0,30.855568559978543,0.4994254996971418,9.88903449410688,0.4348344396406521,0.0029103528069323,63.0,39
8,255.0,3.997048111721591,4.230406481327199,,,,1.0,1.0,25.661046959461984,0.5948617260056209,11.549254574553444,0.3496528385349083,0.0099410493708758,62.0,39
8,256.0,3.9984282737442567,3.7618515640933183,,,,1.0,1.0,37.50727153450983,0.5899567426567283,10.700810257972371,0.3998172471354272,0.0099685901781193,61.0,39
8,257.0,4.000808084904946,3.8178717405116815,,,,1.0,1.0,26.776124451761767,0.8495696088648281,9.21157267273436,0.3306114006460717,0.010016168228111,60.0,39
8,258.0,4.024864533884832,4.098287077676941,,,,1.0,1.0,26.189940006862265,0.5998983113103685,13.772496651947918,0.2706027816913861,0.0105034731281497,59.0,39
8,259.0,4.063525055249875,4.255156692320861,,,,1.0,1.0,31.818392451928197,0.5815174846356409,12.4542102079356,0.8469654566935034,0.0113108554314425,58.0,39
8,260.0,4.128622729499805,3.8873382956202778,,,,1.0,1.0,34.61188299467098,0.7951217542875869,10.749705683912149,0.4837012739133023,0.0127378926554358,57.0,39
8,261.0,4.128812802358659,4.090986541935259,,,,1.0,0.0,83.06607453787791,0.7110503332312527,16.259199611563673,0.520570695907739,0.0127421834276881,56.0,39
8,262.0,4.132727064822882,4.194506023331871,,,,1.0,1.0,37.40748886877785,0.8272460861831539,9.450245835012538,0.6175870659115958,0.0128307060338226,55.0,39
8,263.0,4.218363559141786,4.097316704285593,,,,1.0,1.0,31.351328921180365,0.7361306391020501,9.330720768912794,0.412435523541008,0.0148440976224464,54.0,39
8,264.0,4.219826967213304,4.321600871779945,,,,1.0,1.0,38.3193485506599,0.6905231567809346,10.10001002681732,0.2955306521284405,0.014879778299408,53.0,39
8,265.0,4.458127183863196,4.509210109955383,,,,1.0,0.0,97.47987461834948,0.7131065376957435,13.352238845148976,0.7247915195260207,0.0212613488432081,52.0,39
8,266.0,4.465388582864876,4.724640860127739,,,,1.0,0.0,90.50472063333318,0.656887961311674,9.816115330851066,0.4547845292298094,0.0214736369879073,51.0,39
8,267.0,4.47660594892706,4.708565342591027,,,,1.0,1.0,27.934384355557096,0.5019066957865541,14.648675296682956,0.5255790251124797,0.0218036512840678,50.0,39
8,268.0,4.483731649691656,4.557496794585971,,,,1.0,1.0,33.16605905478223,0.4661589006156788,9.81375315978846,0.4293867119093492,0.0220145960829672,49.0,39
8,269.0,4.5246269806879225,4.687506464311932,,,,1.0,1.0,33.2746101444003,0.7218367402016291,12.451623677036755,0.3946295941511231,0.0232448743024157,48.0,39
8,270.0,4.544365437058151,4.634974459922262,,,,1.0,1.0,25.648637772923504,0.6802739669200419,11.413739528263678,0.4513340857066703,0.0238506460317981,47.0,39
8,271.0,4.580526074976126,4.543434415311678,,,,1.0,1.0,28.942911662170967,0.6896468897517616,13.427943273498762,0.2415492728903482,0.0249806267367943,46.0,39
8,272.0,4.582129380517575,4.8181379126883295,,,,1.0,1.0,34.89906844408424,0.5896249672649615,14.89639424741965,0.6063325131189738,0.0250313337669692,45.0,39
8,273.0,4.595508055567411,4.491655171817857,,,,1.0,1.0,20.41546789379888,0.6134165312576151,12.701350038510732,0.3849390305613218,0.025456459553805,44.0,39
8,274.0,4.595586944599366,4.423919567091459,,,,1.0,1.0,27.839547474165496,0.6309903173846647,11.768600726604872,0.4664968965285999,0.0254589769777594,43.0,39
8,275.0,4.659425256987853,4.812583664377056,,,,1.0,1.0,31.757698064331255,0.7098494288116798,8.307101617045582,0.5889229821421159,0.027536921835292,42.0,39
8,276.0,4.664317479132101,4.870585296157361,,,,1.0,1.0,29.12142017381165,0.6329968604450493,9.886280429938475,0.4376864123997083,0.0276995267134463,41.0,39
8,277.0,4.666802698549231,4.5847001050464495,,,,1.0,1.0,29.339669922444703,0.5953124304190688,11.19830118815079,0.3568970875819905,0.0277823123589099,40.0,39
8,278.0,4.666887561294473,4.500908875494334,,,,1.0,0.0,94.2728011771697,0.5500878457173923,12.27358318305244,0.6111251173598461,0.0277851414199823,39.0,39
8,279.0,4.696730068871479,4.385394375250342,,,,1.0,1.0,34.703153768776616,0.6657508322660238,17.397947576741927,0.5110868800844958,0.0287889292661261,38.0,39
8,280.0,5.0186156948903,5.171254239209595,,,,1.0,1.0,34.31690511007375,0.7521952344072859,13.039039791342145,0.4668046664289688,0.0407480932365744,37.0,39
8,281.0,5.018616578949092,5.155472551225615,,,,1.0,1.0,29.972318448624563,0.6273320475539236,15.21842419648124,0.5576487526374556,0.0407481289280813,36.0,39
8,282.0,5.0186222937667,5.192878841609045,,,,1.0,1.0,32.24742873314491,0.5890359503535025,10.579760630061296,0.9088764524442374,0.0407483596489193,35.0,39
8,283.0,5.060027308402061,5.184326341419097,,,,1.0,1.0,23.856724996130623,0.7836970956225782,19.5544840092155,0.4366970695751364,0.0424371251136224,34.0,39
8,284.0,5.060035870969072,5.201047637028252,,,,1.0,0.0,105.11863177337362,0.5985453198273314,17.034844702426245,0.6577719241754387,0.042437477896793,33.0,39
8,285.0,5.193801443206658,5.278644819045985,,,,1.0,1.0,29.46413786194044,0.6878306430994826,17.40292455656765,0.5759273963559646,0.0481276477221561,32.0,39
8,286.0,5.207539606674537,5.13478706181577,,,,1.0,1.0,28.695144894018025,0.6181405223303098,17.097890794456355,0.8207810335187478,0.0487323111503677,31.0,39
8,287.0,5.207911058757861,5.084640953184561,,,,1.0,0.0,96.57739599181885,0.8185021191635032,14.480552666761128,0.7433080852586005,0.0487487124338526,30.0,39
8,288.0,5.226859305547686,5.265034907721698,,,,1.0,1.0,33.80605148738593,0.5685368920703113,12.194107981492492,0.4660062143818483,0.0495890236670432,29.0,39
8,289.0,5.356566549526912,5.299703700071765,,,,1.0,1.0,26.93459750757855,0.5565287175192205,14.547184873707746,0.6726741118276527,0.0555340590234917,28.0,39
8,290.0,5.3973692195876,5.5270138449942765,,,,1.0,1.0,29.302776127232505,0.5339125463584791,16.181229326826386,0.910139489368312,0.0574737917502605,27.0,39
8,291.0,5.428604476607229,5.385712728875071,,,,1.0,1.0,25.12580153253078,0.7639301164297296,11.621451760359816,0.5812215401989274,0.0589811970379667,26.0,39
8,292.0,5.6302064274316015,5.761293828254631,,,,1.0,1.0,32.917179067909984,0.5320004111888961,10.863801164755706,0.8179844223703805,0.069179858509025,25.0,39
8,293.0,5.843424364298725,5.951810490472697,,,,1.0,1.0,32.22498661498643,0.5736912256214679,22.447978336102857,0.9193048974354804,0.080850621154876,24.0,39
8,294.0,5.945009330039322,6.000511658043757,,,,1.0,1.0,34.49004224708734,0.7140688524905315,11.67468412929724,0.815769020555645,0.0867307995401865,23.0,39
8,295.0,5.945246586690587,6.081370114331739,,,,1.0,1.0,23.773215545941746,0.592582685738789,17.703052338383255,0.965341246611135,0.0867447745641255,22.0,39
8,296.0,5.945836510709621,6.024029018093804,,,,1.0,1.0,38.64206237536199,0.5736784641419967,13.494864984857806,0.8033906400375237,0.0867795274782983,21.0,39
8,297.0,5.9577760277740826,5.773662380981463,,,,1.0,0.0,102.59760841318202,0.5200049825439579,16.337887687070918,0.6351079775688766,0.0874843903047502,20.0,39
8,298.0,6.275982309708784,6.449227724694278,,,,1.0,1.0,22.296353369005395,0.457232969327098,16.31115440463985,0.7417773897744382,0.107320600935249,19.0,39
8,299.0,6.294046869372182,6.10829877188757,,,,1.0,0.0,103.15269217343976,0.638729269711889,22.44662710869048,0.999438027155132,0.1085074477762067,18.0,39
8,300.0,6.489216456680694,6.313980567781882,,,,1.0,0.0,100.8210635612186,0.5963914815627767,21.570676744953087,1.1484162108555411,0.1217463148157138,17.0,39
8,301.0,6.749121758078886,6.785162691540114,,,,1.0,0.0,102.42795341293304,0.5588118953635468,18.97613629820124,0.9818176536578318,0.1405591395690051,16.0,39
8,302.0,6.830166047062448,6.870044476188168,,,,1.0,1.0,26.560472687680395,0.7618324814102795,17.500233242749317,1.0700334157612812,0.1467017194806998,15.0,39
8,303.0,7.197081196897262,7.187888602097534,,,,1.0,1.0,40.720094909164,0.6333896029628033,24.27834148103478,1.4284594894232852,0.1761549057334855,14.0,39
8,304.0,7.2035567272986105,7.4477827962915395,,,,1.0,1.0,35.68167351256214,0.8651836030149581,25.849057978324105,1.1383076274760686,0.176698891596174,13.0,39
8,305.0,7.295766261344783,7.222080430768327,,,,1.0,0.0,98.8934310362506,0.7348860757219529,23.30253549958599,1.3268947060812064,0.1845360777210813,12.0,39
8,306.0,7.527923142641708,7.687383622448759,,,,1.0,0.0,96.80072930744878,0.7384214480167282,30.085545503212806,1.392021621795133,0.2050208798567036,11.0,39
8,307.0,7.604203181611548,7.385484600413107,,,,1.0,0.0,96.15390788743584,0.6208189382287052,27.351023873973475,1.5982910106509554,0.211986869375619,10.0,39
8,308.0,7.750160847474016,7.707362557737612,,,,1.0,1.0,21.59669555592649,0.8240398479187118,28.421146346768413,1.5605394869960438,0.2256402807687507,9.0,39
8,309.0,7.758753050695996,8.112532181654826,,,,1.0,1.0,28.360516455361427,0.6257391483883863,33.42774606902499,1.5859150734222995,0.2264573059750845,8.0,39
8,310.0,8.061876056151391,7.989210084946518,,,,1.0,1.0,33.16068637972393,0.6594058401558919,30.977313606192805,1.333238447497773,0.2562258920783876,7.0,39
8,311.0,8.15444606861291,8.107009271260939,,,,1.0,1.0,24.712905047079325,0.6831480963821095,30.81625993177588,1.546399643992961,0.2656831427423908,6.0,39
8,312.0,8.528704121238672,8.357800033041,,,,1.0,1.0,34.70489214711659,0.622207781284619,30.08218541966348,1.6219750531431798,0.3056656926020148,5.0,39
8,313.0,8.572593988757953,8.684457162606959,,,,1.0,0.0,106.98285762673542,0.552171334733118,27.390855585877954,1.597312767142399,0.3105380376354126,4.0,39
8,314.0,8.787158885785606,8.370822219055439,,,,1.0,1.0,36.78356185536812,0.6588025852844785,30.674956497542368,1.8652867044386217,0.3349120796932729,3.0,39
8,315.0,9.425891795092792,9.340878701353263,,,,1.0,1.0,24.86969620048768,0.6908652660489227,37.10215114289412,2.129829397188548,0.4129208536224085,2.0,39
8,316.0,9.686775951321904,9.56278284463388,,,,1.0,1.0,28.13641180811128,0.6412975030396387,32.2954904079413,2.2266074543361127,0.4471297262317695,1.0,39
8,317.0,10.193018633451356,10.06058547810476,catastrophic_failure_replacement,299.0267779403296,,1.0,0.0,111.86221080054544,0.6109135914542655,0.0,0.0148810599863096,0.0,0.0,39
8,317.0,0.0,0.0,catastrophic_failure_replacement,299.0267779403296,,1.0,0.0,111.86221080054544,0.6109135914542655,0.0,0.0148810599863096,0.0,107.0,40
8,318.0,0.0001358899455043,0.0,,,,1.0,1.0,36.84300386578119,0.5988716489387405,0.0,0.0,0.0,106.0,40
8,319.0,0.0020550385382684,0.2358482113162625,,,,1.0,1.0,20.22809556705907,0.7422998260291378,0.0,0.1462896631304453,0.0,105.0,40
8,320.0,0.0354615873856263,0.1387877107778843,,,,1.0,1.0,27.18211313888607,0.4582985434858084,0.0,0.1739289660908199,0.0,104.0,40
8,321.0,0.676031521643975,0.6362379119242695,,,,1.0,1.0,30.814760266108717,0.6141902225217327,3.5892425638875416,0.1146802154673191,0.0,103.0,40
8,322.0,0.8179051599532569,0.8481730358613744,,,,1.0,0.0,86.07336912026788,0.6970900542588726,2.18853769771263,0.2429156077979381,0.0,102.0,40
8,323.0,0.8306775974839715,0.5925867754319535,,,,1.0,1.0,29.9019705460992,0.6642527130971165,0.0,0.0199140349525673,0.0,101.0,40
8,324.0,0.8650770876165892,1.0121205406632028,,,,1.0,1.0,29.17520578832896,0.6294326816401826,3.0109107036638885,0.0,0.0,100.0,40
8,325.0,0.8836499233241906,0.7453585670334769,,,,1.0,1.0,27.81367545246477,0.7116829006441738,0.0,0.0,0.0,99.0,40
8,326.0,0.8930743783820504,1.020074749456009,,,,1.0,1.0,26.10416994037521,0.7507909493446921,2.381555587429384,0.0132203661197665,0.0,98.0,40
8,327.0,0.8957072209489555,0.7998573506009345,,,,1.0,1.0,20.938922600856245,0.6269337995395818,5.667362704368365,0.0,0.0,97.0,40
8,328.0,0.8957315690837073,0.9833289010850071,,,,1.0,1.0,24.019367180991715,0.5989201553839236,0.0,0.1105667540823773,0.0,96.0,40
8,329.0,0.9295446505904644,1.1311719658755464,,,,1.0,1.0,32.6739863969945,0.7025555297165861,0.0,0.0,0.0,95.0,40
8,330.0,0.9295450114283488,0.8878834121732962,,,,1.0,1.0,29.05448798402116,0.5912139326628874,1.707818633580855,0.1572496237513842,0.0,94.0,40
8,331.0,0.92976358083359,0.9835250126970032,,,,1.0,1.0,28.40292749539517,0.5528733761201541,5.782632431991338,0.1728242389095003,0.0,93.0,40
8,332.0,0.9312414207892836,0.8976860806878553,,,,1.0,1.0,25.597291182829764,0.5306358982093345,0.7161642639803647,0.0,0.0,92.0,40
8,333.0,0.9360111597268672,0.9391536779178882,,,,1.0,1.0,34.66755688904841,0.6049471313863951,1.3422478929563075,0.0446210470149717,0.0,91.0,40
8,334.0,0.969555290746716,1.0955014213376362,,,,1.0,0.0,93.2594482269994,0.5159946127218729,2.9929583423561583,0.3280979728442879,0.0,90.0,40
8,335.0,1.1069248450683788,1.0042629520825073,,,,1.0,0.0,106.49452152235312,0.557477405471121,0.0,0.0,0.0,89.0,40
8,336.0,1.107365703753658,1.2094785453463588,,,,1.0,0.0,98.50882711467732,0.8362863752637872,3.384724413991612,0.1210641790051287,0.0,88.0,40
8,337.0,1.165374052900356,1.274249506265652,,,,1.0,1.0,34.06673081139353,0.5117084056316585,0.0,0.1773889627075559,0.0,87.0,40
8,338.0,1.1665404679511475,1.351249085010703,,,,1.0,0.0,94.32433500646574,0.6508344149251092,2.3129744144950792,0.0,0.0,86.0,40
8,339.0,1.169659864537013,1.2160906311101178,,,,1.0,0.0,90.37278463203889,0.6644108145492809,5.639101712944989,0.1000082127808692,0.0,85.0,40
8,340.0,1.169815810256616,1.1038377902444625,,,,1.0,1.0,31.448102536905395,0.4683825929996051,3.111001314086168,0.1372200578833529,0.0,84.0,40
8,341.0,1.1710703904973605,1.0638288125631334,,,,1.0,1.0,18.35438670422445,0.5490224398228953,1.532319099885944,0.0839315862756157,0.0,83.0,40
8,342.0,1.1801982944092917,1.1476921505831947,,,,1.0,1.0,38.667013331845546,0.6276132421821359,0.0,0.0,0.0,82.0,40
8,343.0,1.186660129250031,0.9425458601903528,,,,1.0,0.0,89.3792331054768,0.8486344480963013,0.8419780458068163,0.247720105843141,0.0,81.0,40
8,344.0,1.186729127581284,1.15517620191192,,,,1.0,1.0,33.54249430900545,0.5001195051239016,1.1205597808933525,0.0,0.0,80.0,40
8,345.0,1.2053014315218626,1.050468531885372,,,,1.0,1.0,26.72475035506424,0.6037833951313015,5.739186605035439,0.052060070762687,0.0,79.0,40
8,346.0,1.224732127882785,1.0484521077397182,,,,1.0,1.0,28.48846127896206,0.814857179605492,0.0,0.1839875636563057,0.0,78.0,40
8,347.0,1.4562360586353889,1.4642359669372231,,,,1.0,0.0,100.5441809681615,0.6453684502542378,5.592105235758623,0.0,0.0,77.0,40
8,348.0,1.4562370878788655,1.804972010925652,,,,1.0,1.0,37.33288986807716,0.6782495667130173,2.7779899342037315,0.0,0.0,76.0,40
8,349.0,1.45625400758398,1.3890200903056322,,,,1.0,1.0,34.467090938628445,0.5854807609422105,3.185691148974327,0.0,0.0,75.0,40
8,350.0,1.459336501555065,1.45307915968032,,,,1.0,1.0,32.62260586980337,0.5898347502648041,0.0,0.2570615173932045,0.0,74.0,40
8,351.0,1.564793623827467,1.5510444905293406,,,,1.0,0.0,112.2544823610478,0.5272524610833675,6.786523370329784,0.3282542310924546,0.0,73.0,40
8,352.0,1.593998649167318,1.6354422354650504,,,,1.0,1.0,29.57957547966869,0.5911365213210134,3.664467592789082,0.0,0.0,72.0,40
8,353.0,1.7538287095993297,1.641801610022062,,,,1.0,1.0,24.009869595062938,0.6993728307921048,2.4743168161737947,0.2335243003513881,0.0,71.0,40
8,354.0,1.7551095106753352,1.7697624482650232,,,,1.0,1.0,36.50128085707589,0.5100386295699275,3.0406437498834324,0.2254979855912416,0.0,70.0,40
8,355.0,1.8227206644474947,1.6988443725351006,,,,1.0,0.0,93.64992132671044,0.6628803700692205,5.044447048297112,0.101807125387505,0.0,69.0,40
8,356.0,1.8447984462522176,1.9350658580690665,,,,1.0,1.0,28.867825639485208,0.6091528339742656,0.0,0.0,0.0,68.0,40
8,357.0,1.888786412225096,1.9497087288651629,,,,1.0,1.0,29.56379332556524,0.7929662443031812,0.4134019865893661,0.1027295909516354,0.0,67.0,40
8,358.0,1.957874200136197,2.056998317876994,,,,1.0,1.0,32.41224441223544,0.5817424234169599,0.0,0.4512440500385372,0.0,66.0,40
8,359.0,2.0055247362488804,2.0014794414513597,,,,1.0,1.0,34.88504138207069,0.6531094003448513,6.635743767426764,0.171328488043174,0.0,65.0,40
8,360.0,2.007182447142585,2.1785851380614853,,,,1.0,1.0,37.38666967494566,0.8926059009963458,3.130983189427972,0.4468418552855631,0.0,64.0,40
8,361.0,2.007739266104895,2.1253549049369203,,,,1.0,1.0,20.163585501947964,0.8218586233963161,1.2386694385173702,0.163102446965628,0.0,63.0,40
8,362.0,2.00843500172668,1.860869086293448,,,,1.0,1.0,31.253498981257064,0.6843390006067325,3.3922162677440912,0.0,0.0,62.0,40
8,363.0,2.013049674685803,1.8448619582105537,,,,1.0,1.0,25.453107945119008,0.6957599143340416,0.0,0.0350779857334542,0.0,61.0,40
8,364.0,2.063052643665677,2.0030368650978243,,,,1.0,0.0,96.60305877769665,0.7360720837450144,0.6102565362865437,0.315263485992388,0.0,60.0,40
8,365.0,2.172992136633075,2.070049830240458,,,,1.0,1.0,31.52352488771944,0.6028393271316812,5.118231694554465,0.2417447797596256,0.0,59.0,40
8,366.0,2.18007013498906,2.167006046868895,,,,1.0,1.0,31.94608693986165,0.6578924931723749,5.6875175464874985,0.0,0.0,58.0,40
8,367.0,2.7456616795858704,2.868099233716663,,,,1.0,1.0,29.287006902212116,0.5521265761029794,9.17746852378744,0.0,0.0,57.0,40
8,368.0,2.7456616797561746,2.739271909037628,,,,1.0,1.0,22.51890136122489,0.7479917252621294,1.013676768148537,0.3841578869605144,0.0,56.0,40
8,369.0,3.059402970404115,3.162385531357514,,,,1.0,1.0,33.072193002259205,0.6481811410797099,8.230350745191508,0.1990614736992696,3.528712892832151e-05,55.0,40
8,370.0,3.059660506906257,3.136351869270201,,,,1.0,1.0,36.488634562501694,0.5540805182314265,11.450788526206004,0.1585401098668933,3.5593760843115015e-05,54.0,40
8,371.0,3.0759714588313867,2.9064432969838654,,,,1.0,1.0,30.62525305524337,0.8080976547781326,6.568905321860422,0.1289454494155837,5.7716625569691305e-05,53.0,40
8,372.0,3.29169055226675,3.068324799134563,,,,1.0,1.0,36.46119068678652,0.5896054558850543,8.636002591020892,0.1034788552074854,0.0008508337828168,52.0,40
8,373.0,3.394086901320136,3.4457548084076524,,,,1.0,1.0,25.34190199740749,0.6005515296011577,10.948745900370824,0.3171029636937932,0.001553044857921,51.0,40
8,374.0,3.460860871435048,3.3904549333637557,,,,1.0,1.0,34.593560808060545,0.548095559248729,12.419214845278931,0.0886392597303552,0.0021239274281987,50.0,40
8,375.0,3.460870748515527,3.481626396081088,,,,1.0,0.0,92.67533337493605,0.8263456381211015,13.049571061262968,0.4683758144488556,0.0021240184683726,49.0,40
8,376.0,3.4708877056447003,3.2068072211300938,,,,1.0,1.0,26.756420244329085,0.4954934545182363,8.597497977330168,0.464468544670116,0.0022173523132732,48.0,40
8,377.0,3.481146714216753,3.53887122097124,,,,1.0,1.0,31.823537750792557,0.735534260292178,5.218361243730762,0.4575641687963101,0.0023150216060157,47.0,40
8,378.0,3.7805815934907887,3.7334507582892815,,,,1.0,0.0,94.9465644086095,0.7316952181675634,8.120421924674778,0.3560358418598315,0.0060930762409661,46.0,40
8,379.0,3.795269729736943,3.479532205771873,,,,1.0,1.0,27.784169432777144,0.6044407845615845,4.454026209896297,0.220509753745106,0.0063245394303586,45.0,40
8,380.0,3.851888300478708,3.762580128129169,,,,1.0,1.0,29.33527094630986,0.6360419822291226,13.954290972331298,0.2270353540021873,0.007257136764925,44.0,40
8,381.0,3.859693580997814,3.622551486935842,,,,1.0,0.0,101.11103217094944,0.7285597718841235,11.74352458471892,0.2422823754919915,0.0073907305320884,43.0,40
8,382.0,3.996884320020109,3.973233687306055,,,,1.0,1.0,38.72933033457692,0.7074897370910969,11.316656112631652,0.4375029490601304,0.0099377834750195,42.0,40
8,383.0,3.9999517391081296,4.1378800809094125,,,,1.0,1.0,29.21725780584805,0.7251363718991328,13.508762319314291,0.6205965781328525,0.0099990348054537,41.0,40
8,384.0,4.237744553201881,4.265693307559593,,,,1.0,1.0,35.87700534638197,0.7658427251387592,12.133127832514308,0.3608728973044806,0.0153201157898092,40.0,40
8,385.0,4.262382485945805,4.22144598362831,,,,1.0,0.0,101.85298190997425,0.7177416353448783,12.6173297744717,0.2970760679140109,0.0159360954082271,39.0,40
8,386.0,4.262573694259595,4.172265953346434,,,,1.0,1.0,26.21615007040604,0.6131638434586812,10.146558292247358,0.5634718439008413,0.0159409233343632,38.0,40
8,387.0,4.264937404025953,4.611482876515405,,,,1.0,1.0,24.822050314950864,0.5204246985210694,4.945853745207893,0.3888856439107475,0.0160006663610391,37.0,40
8,388.0,4.268175731357762,4.384059237684999,,,,1.0,0.0,94.45834525638342,0.6501659564545755,12.274147862612084,0.5977952239690334,0.0160826968560479,36.0,40
8,389.0,4.710820982599319,4.7502560476646885,,,,1.0,0.0,103.87951571451516,0.4906935868617117,10.36499387506882,0.3251237673309607,0.029269084345021,35.0,40
8,390.0,4.724379273458561,4.696635241300872,,,,1.0,0.0,89.50106224791223,0.7750842777736082,9.692349197378793,0.7752086223789302,0.0297348387873347,34.0,40
8,391.0,4.728990544444517,4.751388527943781,,,,1.0,1.0,35.79376245374738,0.5794506356392458,10.536041540407568,0.4812546419658212,0.0298940830277854,33.0,40
8,392.0,4.804335423748573,4.944677419199203,,,,1.0,1.0,35.74643945449895,0.528702197493141,15.2169214826463,0.8203459376231067,0.0325562632139394,32.0,40
8,393.0,5.214505902544216,5.399260492402163,,,,1.0,1.0,32.70035181120227,0.791843674425731,10.520555007873783,0.309537574548323,0.0490403639240317,31.0,40
8,394.0,5.268928252384279,5.225282092287373,,,,1.0,0.0,100.90847622734177,0.6596358409353158,16.146856192139452,0.594798155200229,0.0514803541446757,30.0,40
8,395.0,5.281312336030098,5.118847789018373,,,,1.0,1.0,27.60371527253009,0.5585804691838094,16.740738052706416,0.8004929820769164,0.052043859745231,29.0,40
8,396.0,5.289729440712524,5.264980581747769,,,,1.0,1.0,25.690384729526592,0.6749519363572015,19.851840085280077,0.6182763222791511,0.0524286091166568,28.0,40
8,397.0,5.385289409284065,5.54128486923541,,,,1.0,1.0,34.130842285150074,0.6128409790773123,17.3317883074055,0.5991142215603867,0.0568960556604272,27.0,40
8,398.0,5.539675460148217,5.185981112145505,,,,1.0,1.0,40.54098134822807,0.5289775974277076,18.33877952518052,0.7427745052029907,0.0644995144287905,26.0,40
8,399.0,5.540432194258511,5.411496195018066,,,,1.0,1.0,24.53585464981313,0.6471527018852564,9.00974408102663,0.8093639702480534,0.0645379573362511,25.0,40
8,400.0,5.717037939388974,5.880333468884564,,,,1.0,1.0,37.10366508506303,0.8228627012873542,16.45267855196475,0.8890575038739331,0.0738229516407908,24.0,40
8,401.0,5.801161170284583,5.953546113788937,,,,1.0,1.0,18.43331383406004,0.781661728948576,20.25764956341557,0.819727676801922,0.0784650390191009,23.0,40
8,402.0,5.856690018003833,5.72045828775266,,,,1.0,0.0,99.96197144464328,0.594707216217759,22.85428434699124,0.9587748609753388,0.0816067785896274,22.0,40
8,403.0,5.866012006689952,5.993541427890159,,,,1.0,1.0,32.728723367126854,0.4764587455745169,16.968422743111457,0.938838454208358,0.0821402482249096,21.0,40
8,404.0,5.874387358454416,6.013564719945932,,,,1.0,1.0,32.12719969605425,0.7449883795859801,22.088667973681545,0.7984940562718946,0.0826210268644255,20.0,40
8,405.0,6.333456359316232,6.3975570870576295,,,,1.0,1.0,33.28859101368688,0.6410138014430433,17.677053156917342,0.8649276456159336,0.1111193129946582,19.0,40
8,406.0,6.375166266708342,6.259172828298849,,,,1.0,1.0,32.33739933666869,0.6092929244652615,24.78570149689432,1.059518468638373,0.1139174732792592,18.0,40
8,407.0,6.484796014483072,6.595093017113198,,,,1.0,0.0,95.7612871576656,0.6372486288568765,16.373002501427454,1.219688808064317,0.121438032625571,17.0,40
8,408.0,6.7213943620879215,6.6598241932120095,,,,1.0,0.0,93.13653505046216,0.9595089011089376,20.104150670953707,1.4311437712789887,0.1384877599817977,16.0,40
8,409.0,6.731589150576919,6.536100164613617,,,,1.0,1.0,27.789839370561328,0.4647962637104773,19.917605566036165,1.139660873089774,0.1392475758870338,15.0,40
8,410.0,6.732510325065813,6.660701702193083,,,,1.0,1.0,26.61315223831385,0.5965490082445662,24.436593268709206,1.0643149809093282,0.1393163332672289,14.0,40
8,411.0,6.7593519140786125,6.620725221455712,,,,1.0,1.0,29.480646143061623,0.7316525809686992,25.57622041417673,1.264524886552426,0.1413272681388653,13.0,40
8,412.0,6.815368445229292,6.901395275760658,,,,1.0,0.0,112.08371960092882,0.6869768577193032,25.66086998189417,1.1942563515189828,0.1455703637285138,12.0,40
8,413.0,6.954556803944067,6.856141507379663,,,,1.0,0.0,87.71919524814945,0.7429567596023334,20.339925051223958,1.1116364775678669,0.1563851951562032,11.0,40
8,414.0,7.011953057594852,7.053023015334119,,,,1.0,1.0,21.967536020091856,0.8300515804635697,23.86701593003212,1.5159776966827123,0.1609576733634468,10.0,40
8,415.0,7.547842903348032,7.357326013828634,,,,1.0,0.0,95.79707557002185,0.5082324017891123,27.648835215475128,1.6132491283110195,0.2068287507353305,9.0,40
8,416.0,7.803797479348493,7.786184550343171,,,,1.0,1.0,23.839660276945967,0.7469845249384435,25.61127953520476,1.6234942816418318,0.2307647022259494,8.0,40
8,417.0,8.001605959947248,8.053637819557892,,,,1.0,0.0,93.24011149843273,0.6179679739869097,25.82732896138916,1.792854738103963,0.2501606217857983,7.0,40
8,418.0,8.135772020037997,7.90844838692784,,,,1.0,0.0,100.94486120029735,0.5301372471980684,27.52214007835778,1.775370002399423,0.2637615424180516,6.0,40
8,419.0,8.325179656771494,8.020215368199295,,,,1.0,1.0,29.28692435605445,0.612276410779713,35.16270506864794,1.6355683694058492,0.2835753837689297,5.0,40
8,420.0,8.328030276819081,8.34393497274845,,,,1.0,1.0,30.911533697711477,0.7205782441913055,33.69782090852402,1.6606443083922202,0.2838790663070082,4.0,40
8,421.0,8.339235524976175,8.354687306875045,,,,1.0,1.0,35.31041483815547,0.552180514091187,30.04349144057696,1.714314206141094,0.2850743599116762,3.0,40
8,422.0,8.950995632282476,8.888872215583744,,,,1.0,1.0,31.457304414148467,0.5951835522124314,33.50139421039977,2.1158500233362374,0.3541434901544511,2.0,40
8,423.0,9.544613391581954,9.40358599235914,,,,1.0,0.0,96.22622400108348,0.5957656414681161,39.31918749103657,2.253059912468423,0.4283196444527385,1.0,40
8,424.0,10.35165692647032,10.362237717051904,catastrophic_failure_replacement,316.6345069904331,,1.0,1.0,33.72114156553895,0.5362196452870882,3.8274609871461873,0.0529343789264389,0.0,0.0,40
9,0.0,0.0,0.0,,,,1.0,1.0,33.34669809827095,0.5001810578633997,0.0,0.0,0.0,106.0,42
9,1.0,0.0062803623428942,0.1167952984620366,,,,1.0,0.0,98.66347937958494,0.692345398350087,2.3072795522865364,0.0,0.0,105.0,42
9,2.0,0.0137599857192672,0.0,,,,1.0,1.0,31.22375183956154,0.6568915545156719,0.0,0.0889431386533267,0.0,104.0,42
9,3.0,0.2144213175672417,0.2387807008439842,,,,1.0,1.0,29.09009376662371,0.5846944255693205,0.0,0.1186532951454433,0.0,103.0,42
9,4.0,0.2415479131379354,0.248165317361746,,,,1.0,0.0,81.10133609145488,0.4831879056121226,0.0,0.0,0.0,102.0,42
9,5.0,0.2415528535938435,0.3910010147296653,,,,1.0,1.0,31.29531689724697,0.6188016301720298,2.900272745284318,0.1147844327234488,0.0,101.0,42
9,6.0,0.2508260648094378,0.240775801239047,,,,1.0,1.0,27.03583173949798,0.5960097771877096,3.4996282014195352,0.2551178900256726,0.0,100.0,42
9,7.0,0.2519972709412801,0.2888516852852825,,,,1.0,0.0,94.49309029029826,0.562733209732633,1.0991585797757426,0.1223576262589804,0.0,99.0,42
9,8.0,0.3569781939260831,0.3373263138312455,,,,1.0,1.0,31.59206846312711,0.525813429604177,0.0,0.0,0.0,98.0,42
9,9.0,0.3920408236458123,0.4949534197982799,,,,1.0,1.0,31.594084000951227,0.6827690027185276,0.0,0.0,0.0,97.0,42
9,10.0,0.4394414518131262,0.345004860282757,,,,1.0,0.0,107.35123041715876,0.8393565650340356,0.1959143449541805,0.0,0.0,96.0,42
9,11.0,0.470412022858204,0.5903421533893587,,,,1.0,0.0,94.31502396009084,0.6705927129341624,7.945755504904435,0.1293675618970494,0.0,95.0,42
9,12.0,0.5593799908642182,0.3912277910043892,,,,1.0,1.0,30.193043912645912,0.6166610520866598,0.0,0.2086698875260927,0.0,94.0,42
9,13.0,0.5594497128429015,0.6437042040382067,,,,1.0,1.0,24.629200145743656,0.5293936389637234,2.8115731578474654,0.0,0.0,93.0,42
9,14.0,0.6373088880967597,0.8064429742340777,,,,1.0,1.0,26.451886673166424,0.5194880543439853,0.0,0.1389368972171563,0.0,92.0,42
9,15.0,0.6695779485180473,0.5149561038989819,,,,1.0,1.0,33.696952827647614,0.530110809886571,9.67532083059756,0.1386361902765441,0.0,91.0,42
9,16.0,0.6731221143583924,0.6730890373205427,,,,1.0,1.0,29.633977129492013,0.7209140219375643,0.0,0.0,0.0,90.0,42
9,17.0,0.6880188135181386,0.7208082017043449,,,,1.0,1.0,30.97775144030488,0.8197156791536796,0.8324338632461057,0.0,0.0,89.0,42
9,18.0,1.2238367085137472,1.128272146183974,,,,1.0,1.0,24.102392352624964,0.6723726805174639,0.0,0.2393133727263714,0.0,88.0,42
9,19.0,1.2665600798649992,1.2269837153843346,,,,1.0,0.0,97.3615194841604,0.6390670972939525,0.2021768675531619,0.0,0.0,87.0,42
9,20.0,1.52291063167353,1.58326587052959,,,,1.0,1.0,33.92859073570811,0.6441619972377063,1.1735089781070616,0.0001067011716129,0.0,86.0,42
9,21.0,1.7187684374107774,1.6432979718975942,,,,1.0,1.0,20.973638153547675,0.6622116803573971,0.0,0.265454491071855,0.0,85.0,42
9,22.0,1.7209397543671057,1.7042070007862151,,,,1.0,1.0,33.520358603441444,0.6515247645185065,5.601570730476181,0.0597607204417842,0.0,84.0,42
9,23.0,1.7610377400195063,1.5127804160542295,,,,1.0,0.0,101.67622516621807,0.6647559140990986,0.5100102684685028,0.0,0.0,83.0,42
9,24.0,1.811501914206349,1.551902150426726,,,,1.0,0.0,105.91416113910792,0.6183712340540399,0.8690471713334267,0.2001521206175489,0.0,82.0,42
9,25.0,2.055650339753293,2.0684680526664927,,,,1.0,1.0,25.65908109734622,0.6975401879248969,3.1801375450050986,0.1404638713173806,0.0,81.0,42
9,26.0,2.547317595669534,2.6103393358295817,,,,1.0,1.0,26.243055612864524,0.7239702031725966,3.610625073540553,0.019984837933011,0.0,80.0,42
9,27.0,2.5496900599063506,2.6081201821301883,,,,1.0,1.0,34.02667001106612,0.6025346439075033,3.33798669424783,0.194742398241468,0.0,79.0,42
9,28.0,2.575644538368929,2.411618391055908,,,,1.0,1.0,37.083331599358246,0.859599280919839,0.0,0.0,0.0,78.0,42
9,29.0,2.626494368337529,2.640915816287591,,,,1.0,0.0,93.31804949045518,0.5550542538558484,4.800543242692499,0.265364696411328,0.0,77.0,42
9,30.0,2.7216285203283963,2.422057310864799,,,,1.0,0.0,99.41555155877626,0.5957326949968684,3.952963091565584,0.1264035604932913,0.0,76.0,42
9,31.0,2.72221839090151,2.7350034319891985,,,,1.0,1.0,29.522843655191743,0.581305991090154,5.282819652802881,0.1567818857018744,0.0,75.0,42
9,32.0,2.722266698561937,2.504174491604992,,,,1.0,1.0,28.66483512314821,0.7934771091599435,4.746856629771853,0.3327665611966205,0.0,74.0,42
9,33.0,2.7464139778180026,2.6797320201372217,,,,1.0,0.0,106.2625311914483,0.675795061692048,10.690088848025596,0.3621884868755259,0.0,73.0,42
9,34.0,2.7538187835287347,2.634382545784162,,,,1.0,1.0,34.58240934113902,0.7734646406047432,0.0,0.3227820797448418,0.0,72.0,42
9,35.0,2.7609342086824507,2.625326715133941,,,,1.0,0.0,90.83864309690114,0.5270263204034985,4.229085844969936,0.1943867745073334,0.0,71.0,42
9,36.0,2.763217920190564,2.834011559297071,,,,1.0,0.0,92.18601946091968,0.8113005159886072,5.852676030013999,0.5846943583669997,0.0,70.0,42
9,37.0,2.784804009803711,2.809631404556845,,,,1.0,1.0,35.58508478751348,0.5674322010083528,4.345512746737022,0.0811411563147625,0.0,69.0,42
9,38.0,2.8072558162551635,2.716440677188944,,,,1.0,0.0,104.424054921615,0.7428428627102226,5.817149815399298,0.0,0.0,68.0,42
9,39.0,2.852530792280381,2.842137335752024,,,,1.0,0.0,98.81395736500428,0.5521698249656635,9.023321297377883,0.2454168090918202,0.0,67.0,42
9,40.0,2.883167753562164,2.809072942881586,,,,1.0,0.0,91.661969446589,0.6237774241707862,2.7869472230097494,0.1284986438187513,0.0,66.0,42
9,41.0,2.8896416224734267,2.9986230804305927,,,,1.0,0.0,93.47449074363418,0.5603942735545393,7.44511554173617,0.3104146832328128,0.0,65.0,42
9,42.0,2.9892584868163783,2.89765954762777,,,,1.0,0.0,103.70091953340874,0.7229435393658123,5.413383307204175,0.0740539986569684,0.0,64.0,42
9,43.0,2.999283950854908,3.07167772025296,,,,1.0,1.0,30.26934224870477,0.7408491513674457,3.5448478180118723,0.2572336652177467,0.0,63.0,42
9,44.0,3.0195675631910257,2.975255600740608,,,,1.0,0.0,98.46335390149105,0.6603011171624618,5.94489583780649,0.354590355155458,3.828895292347884e-06,62.0,42
9,45.0,3.0199244950964266,3.0285676531913053,,,,1.0,0.0,94.03070849414308,0.6101282004816685,5.74864641812797,0.4843397614927011,3.969855048475311e-06,61.0,42
9,46.0,3.068210408959735,3.1816682532082945,,,,1.0,1.0,30.83161296831714,0.6153111886245257,10.62569013121482,0.4344296901364438,4.6526598904543215e-05,60.0,42
9,47.0,3.070335583731026,3.264506576212701,,,,1.0,1.0,24.80964962959314,0.6431038286254821,8.9202657032986,0.3817350731078611,4.947094338784247e-05,59.0,42
9,48.0,3.1262259095636677,3.185354394499776,,,,1.0,1.0,40.86884202517442,0.4038118291264515,3.4279350774711483,0.197981456565481,0.0001593298024517,58.0,42
9,49.0,3.24527640466861,3.4362307203008053,,,,1.0,0.0,89.17080684354617,0.558126165857951,1.42530458902191,0.0940074939498283,0.0006016051468715,57.0,42
9,50.0,3.315313451411983,3.2068051683850145,,,,1.0,1.0,32.56159614125402,0.8711961563035032,3.57137448348736,0.1956718952116603,0.0009942257264133,56.0,42
9,51.0,3.332042979296148,3.2067270043888287,,,,1.0,1.0,33.15256850618203,0.7066536137870653,8.407972658682962,0.4029079871796869,0.0011025254009986,55.0,42
9,52.0,3.3360664842392325,3.3086433043742147,,,,1.0,1.0,27.983871721916515,0.7525126026785904,8.693181163474119,0.2465504172939753,0.0011294068182891,54.0,42
9,53.0,3.3441075709549604,3.432747580612649,,,,1.0,1.0,26.85246017007327,0.6381167367017857,2.4604964107822465,0.5797750481112909,0.0011841002038852,53.0,42
9,54.0,3.3738183696856585,3.198830494334423,,,,1.0,1.0,27.51816510997016,0.6791255957825106,8.673291710934185,0.3206557803641686,0.0013974017351444,52.0,42
9,55.0,3.3777282725038424,3.2388653029909085,,,,1.0,1.0,24.157944929842387,0.6764030299603404,5.087311901831242,0.2743125247078078,0.0014267864784873,51.0,42
9,56.0,3.420304801311121,3.5488759642474226,,,,1.0,0.0,82.20731273973426,0.5043104798896026,6.211393973812952,0.4640177460744235,0.0017665612600518,50.0,42
9,57.0,3.421877416354125,3.530227755826992,,,,1.0,1.0,29.43710795016348,0.5002344381412432,5.405867974717281,0.1739663358083982,0.0017798055442963,49.0,42
9,58.0,3.4222747176055943,3.2719861709432503,,,,1.0,1.0,31.47398524586545,0.6684754338801815,3.8328215220026776,0.1275766549729825,0.0017831593712888,48.0,42
9,59.0,3.606739394784752,3.494668908224109,,,,1.0,1.0,30.65637220762464,0.7880893833718318,8.693457806840824,0.3430732676432044,0.0036813269318376,47.0,42
9,60.0,3.609053023749841,3.5232226732289016,,,,1.0,1.0,36.33475195925723,0.7504447527224987,6.725877756919383,0.1749940923194375,0.0037094558573882,46.0,42
9,61.0,4.090350775963975,4.204341015468407,,,,1.0,0.0,109.9772429095503,0.5798845287999598,15.48842325123242,0.4280043867023977,0.0118886481464524,45.0,42
9,62.0,4.3737244620261935,4.559194880553602,,,,1.0,0.0,106.73541549320562,0.4992683043914207,13.287850600080963,0.3623671366576131,0.0188711889756915,44.0,42
9,63.0,4.45755426261622,4.657261973802439,,,,1.0,1.0,23.53823242874958,0.6285525910051365,8.407183278988724,0.3804596858571582,0.0212446442847071,43.0,42
9,64.0,4.4710761856724,4.28273665123177,,,,1.0,1.0,27.077281352371333,0.5552372375577805,14.361868128229249,0.5043227170168674,0.0216406514405245,42.0,42
9,65.0,4.86424602394844,4.953208373346226,,,,1.0,0.0,104.65779454206326,0.7482857352918544,13.911952602328286,0.7795027911825059,0.0347541323780756,41.0,42
9,66.0,4.867766408468905,4.919894129510002,,,,1.0,0.0,93.84990968484524,0.5977918033819096,16.599687713889846,0.7509205852153913,0.0348855135660483,40.0,42
9,67.0,4.87449399560651,4.828065181455494,,,,1.0,0.0,103.00933445670624,0.6062030042547984,15.14388125675055,0.5622892826119432,0.0351372773956486,39.0,42
9,68.0,4.886466334957052,4.969407711916088,,,,1.0,0.0,99.99575261273756,0.7358562164814328,12.148467746356651,0.6528035031542528,0.0355875523292629,38.0,42
9,69.0,4.955498647399076,4.946616553898886,,,,1.0,0.0,109.9190423338122,0.6110322504210577,13.852704037129485,0.3370966113615689,0.0382397495997961,37.0,42
9,70.0,4.989520375976383,4.900874259203249,,,,1.0,1.0,28.659635194333653,0.6884727976411312,13.44554237538616,0.5713681581654879,0.039581913264252,36.0,42
9,71.0,5.005157508003367,4.945053457449792,,,,1.0,1.0,37.52105356139543,0.5982620831968557,18.802656476670585,0.4921262294697838,0.0402065663190227,35.0,42
9,72.0,5.079669198060808,5.047562228783932,,,,1.0,1.0,34.21379426204366,0.6583754337488171,11.2268677800398,0.6700620114846983,0.0432502397336288,34.0,42
9,73.0,5.085226090476458,4.985813929269053,,,,1.0,1.0,38.39845229002182,0.6329625793289586,16.497725957305022,0.8837089889860322,0.0434816784840373,33.0,42
9,74.0,5.08579652689505,4.887128858776869,,,,1.0,1.0,30.246776134057058,0.9000275875088792,18.067619017295893,0.7923985922485326,0.0435054715160745,32.0,42
9,75.0,5.090561644310568,5.205229117289623,,,,1.0,1.0,33.8481384636992,0.8070305688011081,19.793788937021144,0.6303984828935973,0.043704479886625,31.0,42
9,76.0,5.174980894006596,5.1069860087196615,,,,1.0,1.0,22.479242480801275,0.6572402644097199,14.684309106249094,0.5700156168396426,0.0473054188929373,30.0,42
9,77.0,5.495008987708797,5.44939553841564,,,,1.0,0.0,105.63727152894936,0.5774083831095782,19.406109708068392,0.6554177788310219,0.0622506984874767,29.0,42
9,78.0,5.590423473606839,5.6211975926388735,,,,1.0,1.0,29.690756074086355,0.846250127644663,16.586300642432125,0.9290716006686544,0.0671029377261331,28.0,42
9,79.0,5.592088475986979,5.7029295061672975,,,,1.0,1.0,28.995839686557304,0.7274462930304348,13.933327605326664,0.867430413465563,0.067189226673445,27.0,42
9,80.0,5.9346710095834965,6.072628414551015,,,,1.0,0.0,92.03746286459872,0.684665056930157,16.23010925659794,0.7300359472794836,0.0861229393448981,26.0,42
9,81.0,5.953298298190653,5.728196121678325,,,,1.0,1.0,33.22064763926896,0.7482281860182637,13.668843866522376,0.9513818388707044,0.087219708380958,25.0,42
9,82.0,5.954261986690638,5.935339695637057,,,,1.0,1.0,33.92337077037829,0.7664373208711763,14.737864183443088,0.915802954435297,0.0872766388600532,24.0,42
9,83.0,5.995391969320679,6.328889851269281,,,,1.0,1.0,27.388042913219167,0.5898982329602478,15.180352164699356,0.9101308096717208,0.0897237304987081,23.0,42
9,84.0,6.261825024758825,6.220450599633175,,,,1.0,1.0,38.635929041116015,0.6777979883364592,15.49933301663999,1.119248393403612,0.106395024921429,22.0,42
9,85.0,6.314666374168243,6.415204919619157,,,,1.0,0.0,102.5690343286634,0.6178705011273571,16.157681354367572,0.8251987040687351,0.1098701317204164,21.0,42
9,86.0,6.380634595475013,6.1858509566042414,,,,1.0,1.0,32.88657641175962,0.5311508517632351,20.13464903724702,0.9460091756206072,0.114286902681225,20.0,42
9,87.0,6.392283814922185,6.596086209612877,,,,1.0,1.0,30.010211176054295,0.5317777946262205,19.564438287740167,0.9227246008873444,0.1150758948098301,19.0,42
9,88.0,6.392509964885361,6.476124055762336,,,,1.0,0.0,96.38134984214636,0.7569715589386111,22.65552268406497,1.2793520965615623,0.1150912386184647,18.0,42
9,89.0,6.41959139915834,6.4102762695483975,,,,1.0,1.0,40.19122252981665,0.5432154121814872,17.50318369481606,0.7656271118392636,0.1169360533719769,17.0,42
9,90.0,6.466952812707048,6.324228500986282,,,,1.0,1.0,29.399722973177624,0.7192767751587352,20.03849692882004,1.108701290030563,0.120197618055373,16.0,42
9,91.0,6.4676405492740425,6.394949977316564,,,,1.0,0.0,106.72008475356968,0.7183476407123328,17.417085675576317,1.441605954829267,0.1202453097896958,15.0,42
9,92.0,6.4885156159331245,6.2090808822708885,,,,1.0,1.0,31.144948779520625,0.4885056672548111,18.140360829830584,0.8486340296057122,0.1216974120260927,14.0,42
9,93.0,6.799630765544487,6.734116833008432,,,,1.0,1.0,26.551508583357812,0.7268202128442701,21.262333035900998,1.0324789439610396,0.1443719395447218,13.0,42
9,94.0,6.850190176348324,6.891822056907885,,,,1.0,0.0,96.8389733201289,0.5541829940424077,21.84364125905781,1.3173647426992263,0.1482396439404914,12.0,42
9,95.0,6.909823836273417,6.974175144129116,,,,1.0,1.0,32.80905848370927,0.7621350140141192,23.78153026620793,1.2388538536529992,0.1528672243069177,11.0,42
9,96.0,6.933831413716135,7.014565910870816,,,,1.0,1.0,28.709986529792594,0.7115235905971727,20.12006328289729,1.1068294499219662,0.1547502959153988,10.0,42
9,97.0,6.97045917061268,7.0718501821795625,,,,1.0,0.0,110.25319390016764,0.6235769399403421,20.64927005326537,1.2837225997393666,0.1576454602550232,9.0,42
9,98.0,7.188423708626451,7.453476277883819,,,,1.0,1.0,27.202518346542707,0.6516154191365329,29.07007149894632,1.444947592366039,0.1754289316298415,8.0,42
9,99.0,7.358143878878682,7.316893852834526,,,,1.0,1.0,29.634889378876423,0.7310391213688512,24.11715258647928,1.320846786419435,0.1899341806900772,7.0,42
9,100.0,7.399903118368796,7.39313642049264,,,,1.0,1.0,30.495526145290555,0.5892905905845747,28.94392138629042,1.3048058204631336,0.1935914745103145,6.0,42
9,101.0,8.005575621617275,7.921761952398909,,,,1.0,1.0,25.067586197175984,0.6426089389414601,28.642859470440516,1.5290076400720538,0.2505578730372917,5.0,42
9,102.0,8.6454127635341,8.652806681601655,,,,1.0,0.0,95.92007706340722,0.6729561192572404,33.6233033226465,1.7149817915621133,0.3187068527067374,4.0,42
9,103.0,8.76061338041894,8.859253288938104,,,,1.0,1.0,26.637571855662245,0.5928015242095163,35.852264103009304,1.7262782023059091,0.3318466651866172,3.0,42
9,104.0,8.933322363108847,8.869842977007735,,,,1.0,1.0,25.352234268495007,0.4988117826619321,35.51396128781189,2.161722426011797,0.3520431426456754,2.0,42
9,105.0,9.230105176310715,9.411586763207865,,,,1.0,1.0,31.722876986603502,0.6404200829640787,38.75646486157999,2.3026929843951147,0.3881421050789358,1.0,42
9,106.0,10.029348267502828,9.832139957593332,catastrophic_failure_replacement,277.1789952411612,,1.0,0.0,113.09961086087505,0.710613694144163,6.398019456692119,0.0025923168602968,0.0,0.0,42
9,106.0,0.0,0.0,catastrophic_failure_replacement,277.1789952411612,,1.0,0.0,113.09961086087505,0.710613694144163,6.398019456692119,0.0025923168602968,0.0,105.0,43
9,107.0,0.038802546603134,0.0945424092251657,,,,1.0,0.0,106.34562196481323,0.6001254347401789,0.0,0.0,0.0,104.0,43
9,108.0,0.0853721838568634,0.0086752840393525,,,,1.0,1.0,21.825423420971248,0.5869965897975797,2.5158772523908777,0.0524924984925468,0.0,103.0,43
9,109.0,0.2600105419866837,0.4138141929806099,,,,1.0,0.0,106.52824804903469,0.5936542458131274,0.870387967003843,0.0,0.0,102.0,43
9,110.0,0.260010993904412,0.3973840268531805,,,,1.0,0.0,110.6054956021335,0.5398632342179659,2.915992159908709,0.0141768727457486,0.0,101.0,43
9,111.0,0.2896135699066821,0.3552408009586606,,,,1.0,1.0,33.99877770104662,0.5691189012496254,2.978035469635811,0.0005007112957507,0.0,100.0,43
9,112.0,0.3014877955180697,0.1905993280200226,,,,1.0,1.0,34.746552968626546,0.6545669314723717,0.0,0.108215089059109,0.0,99.0,43
9,113.0,0.7486230388843947,0.6895140165468929,,,,1.0,1.0,26.88114756506837,0.5242700190808204,3.820303035532246,0.0,0.0,98.0,43
9,114.0,0.7689475305172296,1.0174687695250857,,,,1.0,1.0,33.9002279717747,0.5794832742511806,2.4362644900404584,0.0,0.0,97.0,43
9,115.0,0.8584130842320384,1.1200430810467406,,,,1.0,1.0,27.320555751094687,0.6298298683015819,0.0,0.0,0.0,96.0,43
9,116.0,0.858454148313145,0.9295179971600568,,,,1.0,0.0,99.4914275413437,0.5678555758710447,5.011136761127691,0.3933351258465021,0.0,95.0,43
9,117.0,0.8663789897537335,0.854202514311278,,,,1.0,1.0,33.76346731547864,0.7976331875886122,0.0,0.0,0.0,94.0,43
9,118.0,0.8704111480553004,0.944733035463212,,,,1.0,1.0,31.88982133546017,0.8460416523681666,0.0,0.0214334743556349,0.0,93.0,43
9,119.0,0.8704467602145068,0.9531605172154464,,,,1.0,0.0,92.02687886266853,0.5907342637149388,0.0,0.0325660628010344,0.0,92.0,43
9,120.0,0.8709226962914395,0.967347621599041,,,,1.0,1.0,35.06388108249011,0.6595489354740758,0.0,0.2129414728100876,0.0,91.0,43
9,121.0,0.8709232404156351,0.8192778143008494,,,,1.0,1.0,26.838027586579425,0.6360225169123332,0.0,0.0757724308843174,0.0,90.0,43
9,122.0,0.8791996699386591,0.9357848867104605,,,,1.0,1.0,34.16163074636536,0.5472598085545064,0.2203236761541209,0.038432695529163,0.0,89.0,43
9,123.0,0.9084112186404426,0.7567889143571993,,,,1.0,0.0,104.84071688668746,0.5671684406558055,2.27455169310031,0.0,0.0,88.0,43
9,124.0,1.218415173746388,1.2537422932775004,,,,1.0,0.0,92.940985005116,0.8521790760174015,0.430902632154629,0.0,0.0,87.0,43
9,125.0,1.384413652256832,1.212639948052401,,,,1.0,0.0,100.45287106100676,0.6938000238425723,6.548798056274429,0.2618899166751914,0.0,86.0,43
9,126.0,1.3845895549672074,1.081926776538621,,,,1.0,1.0,31.350336441605428,0.6482735562281062,1.0344644356300687,0.0,0.0,85.0,43
9,127.0,1.3846583185976875,1.3787487263847709,,,,1.0,1.0,38.2382629220637,0.6203583294151557,6.411162032004409,0.0,0.0,84.0,43
9,128.0,1.386727583599248,1.571608831097182,,,,1.0,1.0,34.31711120018723,0.7491173722319269,5.930365282762109,0.1655698155736729,0.0,83.0,43
9,129.0,1.4201174921311293,1.224962684212636,,,,1.0,1.0,32.24315525129125,0.6689758986225954,2.855929249219032,0.210661241457064,0.0,82.0,43
9,130.0,1.4207384032700978,1.5587125418629786,,,,1.0,1.0,39.28381732315464,0.5947151556814356,3.236207266882817,0.0,0.0,81.0,43
9,131.0,1.4207384083781016,1.1558050387208203,,,,1.0,0.0,105.74847428189116,0.5660379755040561,5.980524221814482,0.0,0.0,80.0,43
9,132.0,1.4208825169492842,1.328728362439361,,,,1.0,0.0,97.71290795211354,0.684732779270808,1.014091568519041,0.0,0.0,79.0,43
9,133.0,1.4223608259033116,1.3374797605750517,,,,1.0,0.0,102.20656549646452,0.4983456064505829,0.0,0.0,0.0,78.0,43
9,134.0,1.4580627618302875,1.6552692256179078,,,,1.0,1.0,28.41402661659327,0.6223278121003913,2.116081013065627,0.0,0.0,77.0,43
9,135.0,1.4581004504820243,1.3483563198986843,,,,1.0,1.0,30.60537774950888,0.6766750491331227,3.4944016973193235,0.0,0.0,76.0,43
9,136.0,1.4608547432790076,1.5064943556918415,,,,1.0,1.0,22.2240275758337,0.544423763744069,4.32625602874549,0.0,0.0,75.0,43
9,137.0,1.479271948336879,1.6649905511143408,,,,1.0,1.0,28.721379449721965,0.529013265597964,2.517141787826371,0.2600582319758122,0.0,74.0,43
9,138.0,1.4794826710714222,1.30910007595291,,,,1.0,0.0,84.56595160135912,0.5298662061344139,1.4639676681795353,0.0227922657323239,0.0,73.0,43
9,139.0,1.5079179077365437,1.5426271691879776,,,,1.0,1.0,21.889003261923463,0.6602406991245924,0.0,0.0762763933072557,0.0,72.0,43
9,140.0,1.508487225318466,1.836883291102144,,,,1.0,1.0,20.243843961336918,0.5725885312381241,1.55416458831416,0.0735228422128444,0.0,71.0,43
9,141.0,1.641159617620103,1.4280261811386146,,,,1.0,1.0,24.74711896639458,0.4251649679084535,5.631160368304,0.0,0.0,70.0,43
9,142.0,1.676400797598815,1.7394995789718553,,,,1.0,0.0,112.92060344395296,0.5992564902413623,1.0942523733143903,0.3347286179890328,0.0,69.0,43
9,143.0,1.8298098655587167,1.65890989965081,,,,1.0,1.0,28.4483619266174,0.6571488375788506,3.580587832934138,0.1640937696674214,0.0,68.0,43
9,144.0,2.005624119827823,2.0496930959400217,,,,1.0,0.0,99.3015276194903,0.7950748374579628,3.334390349123134,0.4394169364516411,0.0,67.0,43
9,145.0,2.0081690615648866,1.9765595959383973,,,,1.0,1.0,31.47268139356275,0.6286314982861781,0.0,0.2348442728681323,0.0,66.0,43
9,146.0,2.0560081202777134,2.3059355564358395,,,,1.0,0.0,100.15649613483605,0.7105041580063293,6.220739283613121,0.3533285094354175,0.0,65.0,43
9,147.0,2.0560244155010907,2.13939060391515,,,,1.0,1.0,28.874163714378422,0.639207000074194,4.499398307374768,0.2562579748427535,0.0,64.0,43
9,148.0,2.384393138575058,2.3658925996300635,,,,1.0,0.0,89.19331501112603,0.6788724358788661,1.7727772165423437,0.178357318032997,0.0,63.0,43
9,149.0,2.385161246775034,2.259508375244309,,,,1.0,0.0,104.58689781330006,0.7131048751191217,8.465939269620476,0.3332419803844203,0.0,62.0,43
9,150.0,2.415306415030052,2.5795351896090986,,,,1.0,1.0,30.82064340837309,0.8240996574638432,5.073480665924301,0.4466383766683743,0.0,61.0,43
9,151.0,2.4155805501491447,2.4021545440986114,,,,1.0,1.0,33.98676406068701,0.5400001247562415,8.469588879131239,0.1941768717684922,0.0,60.0,43
9,152.0,2.518074553528955,2.353112241399983,,,,1.0,0.0,100.86740563002093,0.8236425903288571,9.3379449150336,0.0,0.0,59.0,43
9,153.0,2.51809748549998,2.6095371252756427,,,,1.0,1.0,25.34101394445064,0.6635429155623762,2.903874573679119,0.0948602508991194,0.0,58.0,43
9,154.0,2.5182605697900278,2.456747036802247,,,,1.0,0.0,97.58067026576136,0.6624983103322257,2.957516044883686,0.0626766795946208,0.0,57.0,43
9,155.0,2.7872686651959757,3.055676085335716,,,,1.0,1.0,28.58643588676684,0.5865834400148296,5.959890692364164,0.5145621475751818,0.0,56.0,43
9,156.0,2.8837033692202185,3.161513871185302,,,,1.0,1.0,23.727284814674547,0.5736850860026584,8.817624656611555,0.2976056296871165,0.0,55.0,43
9,157.0,2.884849231857045,2.9830860861843607,,,,1.0,0.0,101.06212738609698,0.7337005272856064,5.447966000316265,0.2126569927288555,0.0,54.0,43
9,158.0,2.9084103311899137,2.8191856895259533,,,,1.0,1.0,33.63302875997687,0.701161534271453,6.5035064512063325,0.3124203586503655,0.0,53.0,43
9,159.0,3.0672728963638445,3.0789825323217346,,,,1.0,0.0,104.14466792157911,0.5588365086521935,4.094398637030606,0.3279745392760892,4.52564258518059e-05,52.0,43
9,160.0,3.0783706041982595,2.920656944693324,,,,1.0,0.0,113.41538330251969,0.6567038532843978,3.4453224041896133,0.1200013094739062,6.141951602400262e-05,51.0,43
9,161.0,3.078704785106865,3.0179103724864125,,,,1.0,1.0,24.635601004665755,0.6117993852542526,9.423708186062967,0.3119801064890553,6.19444319871781e-05,50.0,43
9,162.0,3.128136947796571,3.1622252420534287,,,,1.0,1.0,37.11056454302893,0.5913008346728629,11.395399536680513,0.0577051831811519,0.0001641907739062,49.0,43
9,163.0,3.3431813493491878,3.224424745756329,,,,1.0,1.0,38.76868423185476,0.4955638828435744,15.271786309702485,0.3749905632060322,0.0011777343854112,48.0,43
9,164.0,3.608965440016568,3.46765007437711,,,,1.0,0.0,89.85674283704572,0.5690186056394906,5.19163442878356,0.1738793677396132,0.0037083890713457,47.0,43
9,165.0,3.651134290467498,3.7259818531925015,,,,1.0,1.0,28.45115625517105,0.7239050296973109,11.589651186697386,0.4129390016768268,0.0042397586422261,46.0,43
9,166.0,3.651149489293644,3.489330965721417,,,,1.0,0.0,113.60942847162508,0.7475035460841026,14.011292503039668,0.4721596119744874,0.0042399565740737,45.0,43
9,167.0,3.678202371222657,3.726514898244072,,,,1.0,1.0,35.64399521774751,0.7346914306528095,8.728767784765301,0.5031525113348329,0.0045995845633203,44.0,43
9,168.0,3.7138453567316105,3.6590974085342176,,,,1.0,1.0,23.75703892650565,0.6954157516388739,15.722873618870926,0.2402642723246759,0.0050957519332728,43.0,43
9,169.0,3.957727430249375,4.058108761609369,,,,1.0,1.0,27.808965113821397,0.7053599580880188,9.279305518647018,0.5246179973840419,0.0091724183065207,42.0,43
9,170.0,4.032126881777828,3.8545971699433736,,,,1.0,0.0,91.846654415904,0.6330191476277608,8.502045180898412,0.4384769965798029,0.0106528590008842,41.0,43
9,171.0,4.145166396993135,4.328636252788591,,,,1.0,1.0,36.58921830072205,0.6487412138093005,14.383672909662804,0.5166685706862965,0.0131140607680223,40.0,43
9,172.0,4.209303081619494,3.967776879892614,,,,1.0,0.0,104.11873428608196,0.7341529908194141,7.173320946158376,0.3716892002220274,0.014624139432144,39.0,43
9,173.0,4.21807849999557,4.552137624421236,,,,1.0,1.0,33.34629355362287,0.6538326801111911,13.57696530960331,0.6281315008103758,0.0148371523215145,38.0,43
9,174.0,4.319721267337741,4.158081028295531,,,,1.0,0.0,100.29903172974186,0.7315040797739885,2.8187286592233214,0.412445824581446,0.0174166422346353,37.0,43
9,175.0,4.353774772465817,4.465647956133145,,,,1.0,0.0,109.22476923500815,0.8443814942119923,7.549407628274636,0.6937840118267318,0.0183270613456487,36.0,43
9,176.0,4.372251463154816,4.279377058000063,,,,1.0,1.0,32.84346817186327,0.6912268802809853,10.69953684242037,0.3870784874694408,0.0188307407813053,35.0,43
9,177.0,4.54436061651738,4.580843253767621,,,,1.0,0.0,109.81382301762656,0.7085146638662776,12.825743320063545,0.428011498759865,0.0238504971384994,34.0,43
9,178.0,4.573124389185759,4.452729627614563,,,,1.0,1.0,28.27411636683277,0.6150299961505226,15.81884868700407,0.8185865602324401,0.0247472034385106,33.0,43
9,179.0,4.887991637042006,5.220620092815533,,,,1.0,1.0,32.94883165609712,0.6340583007324487,13.16745348811626,0.4223600673927397,0.0356451242154055,32.0,43
9,180.0,4.929083924285028,5.168706184237229,,,,1.0,1.0,27.31981532508111,0.538277889688334,11.63056844007136,0.7540209889952605,0.0372136478693492,31.0,43
9,181.0,4.934610664058979,4.853503266939761,,,,1.0,1.0,36.82708191869677,0.8878111377487193,20.459005221817428,0.4913295886233136,0.0374271842149072,30.0,43
9,182.0,5.118910816179873,5.173603810626005,,,,1.0,1.0,30.964909941175737,0.5023491178507364,19.924752572874997,0.780682528147895,0.0448978304692405,29.0,43
9,183.0,5.150783607629255,5.07879320321364,,,,1.0,0.0,94.97743386232872,0.7414475558374833,9.65287051357442,0.849729060574086,0.0462587012684671,28.0,43
9,184.0,5.194705597040256,5.159755460098593,,,,1.0,1.0,36.97776329950979,0.5942330752253586,9.964403532772868,0.569589283550395,0.0481673265767983,27.0,43
9,185.0,5.194719541650277,4.937348127438615,,,,1.0,0.0,88.13534595289487,0.6027273902820076,13.991355762219646,0.8443398960616121,0.048167938665016,26.0,43
9,186.0,5.195801493500764,5.180961756638705,,,,1.0,1.0,30.10657298569432,0.5387948801455051,16.742163784496924,0.5167205074564736,0.0482154419886018,25.0,43
9,187.0,5.503920785525097,5.349606268430652,,,,1.0,1.0,29.20272657663687,0.7007703794862377,14.13170221455405,0.96022869525886,0.0626961930018462,24.0,43
9,188.0,5.589153860156119,5.534657364295823,,,,1.0,0.0,87.91856107541304,0.6714293312676137,17.741051476913665,0.7941480529862986,0.0670371771156133,23.0,43
9,189.0,6.04939548461464,6.06592696459306,,,,1.0,1.0,33.02850315740516,0.4737276162999253,20.889056505943817,1.064723773018722,0.0929881282158815,22.0,43
9,190.0,6.103731043105027,5.979749211510855,,,,1.0,1.0,39.67280043723717,0.8002859207192878,20.500671643863228,1.1969214936000383,0.0963314638793382,21.0,43
9,191.0,6.12689531629304,6.199099353921978,,,,1.0,0.0,106.21719384587443,0.5727903668774844,18.7183444501588,0.9105864680468162,0.0977747431905534,20.0,43
9,192.0,6.226532239586252,6.067918290294581,,,,1.0,1.0,31.10589712808566,0.740314276668774,17.730280382275048,1.040747313010862,0.1041051029308947,19.0,43
9,193.0,6.231428851265037,6.290514825609959,,,,1.0,1.0,30.893333732611666,0.6882970267123993,15.10915280628134,0.725656365015237,0.1044213242078807,18.0,43
9,194.0,6.716773474446329,6.660968658828507,,,,1.0,1.0,30.058953936907443,0.6481229173154981,23.509968489128152,1.1324687652230854,0.1381440506034784,17.0,43
9,195.0,6.721130644532892,6.825953285654015,,,,1.0,0.0,93.79322081815197,0.6753151077386157,25.525564998002057,0.9349260018164514,0.1384681327368177,16.0,43
9,196.0,6.845427415045907,7.056191479613664,,,,1.0,0.0,109.07754584811546,0.7093282386747277,25.320505575024622,1.1680705767542463,0.1478731200438665,15.0,43
9,197.0,6.856679355632821,7.076974364549187,,,,1.0,1.0,32.19315302580012,0.672695416639828,24.02167589810145,1.40932849949132,0.1487397565216439,14.0,43
9,198.0,7.024817016049571,7.238392495664107,,,,1.0,1.0,37.2828738772179,0.5813764727220679,23.52572552173867,1.1951174737188344,0.1619915201268217,13.0,43
9,199.0,7.096792820233309,6.874092702808104,,,,1.0,1.0,23.59227441416288,0.7068937348592348,27.798525303945432,1.1504879131270371,0.1678371141191518,12.0,43
9,200.0,7.377685367129846,7.525156683151373,,,,1.0,0.0,91.537212099215,0.5749742746316584,23.40602169415047,1.387744115018811,0.1916412917358277,11.0,43
9,201.0,7.433210776113611,7.387181400200908,,,,1.0,0.0,93.73182039027144,0.6489608278007444,27.85656509261409,1.5274258353338268,0.1965335778544983,10.0,43
9,202.0,7.571935445185466,7.584018589174357,,,,1.0,0.0,95.56054272757926,0.676872151842819,22.612759410254885,1.2221337766594211,0.2090259371494322,9.0,43
9,203.0,7.883447419960931,7.994720378666425,,,,1.0,1.0,33.28237260725565,0.6426137245371665,30.72374880550702,1.4812932895602813,0.2384805870352308,8.0,43
9,204.0,8.410522904516583,8.528829900064393,,,,1.0,1.0,27.942133459821516,0.5710673660778589,26.279603421206644,1.7933958176278575,0.2927375810029857,7.0,43
9,205.0,8.420768449973508,8.2071055358764,,,,1.0,1.0,30.260153860631167,0.7135957119849556,36.26282663757191,1.5561643631989557,0.2938473058822818,6.0,43
9,206.0,8.5711607375015,8.666250454068765,,,,1.0,1.0,29.737835972198685,0.8429274122159801,29.81386397440629,2.1491610142903954,0.3103783196307827,5.0,43
9,207.0,8.835028226624361,8.81735317287103,,,,1.0,1.0,32.44112475738933,0.5775955742261307,26.518868142401804,1.9064119504563584,0.3404755440550304,4.0,43
9,208.0,8.865963420037042,9.07618484783305,,,,1.0,0.0,103.91605203087286,0.5484503752706185,38.84596463448022,2.134100316724028,0.3440952684521266,3.0,43
9,209.0,9.516666188618968,9.641615542611786,,,,1.0,1.0,29.027443988445857,0.7061986778357321,33.430516936818904,2.0526994873944835,0.4246693821388965,2.0,43
9,210.0,9.692576030689128,9.57565915878115,,,,1.0,1.0,24.46535980975425,0.6479219302635557,37.63981279798486,2.414305775674665,0.4479057392655464,1.0,43
9,211.0,11.598030940614647,11.49389057656688,catastrophic_failure_replacement,96.7287561157111,,1.0,1.0,40.649570181982064,0.7411933900147663,3.52246181662296,0.4724426011056732,0.0,0.0,43
9,211.0,0.0,0.0,catastrophic_failure_replacement,96.7287561157111,,1.0,1.0,40.649570181982064,0.7411933900147663,3.52246181662296,0.4724426011056732,0.0,73.0,44
9,212.0,0.0011235378053059,0.0106124814198688,,,,1.0,1.0,35.75783799365491,0.3889843954036989,0.0,0.0,0.0,72.0,44
9,213.0,0.0297337664934211,0.0,,,,1.0,1.0,35.1073348177693,0.6472274128590625,0.0,0.0097776578286115,0.0,71.0,44
9,214.0,0.0397254060232492,0.0,,,,1.0,1.0,29.32057678533453,0.6141879404336232,0.0,0.0905932964501217,0.0,70.0,44
9,215.0,0.0452817603210522,0.0,,,,1.0,1.0,33.9142506537012,0.4957726549821021,0.4901673205468319,0.0242336249104046,0.0,69.0,44
9,216.0,0.0456157760619292,0.0767559910330237,,,,1.0,0.0,106.26046214604922,0.8283373298682584,0.0,0.0,0.0,68.0,44
9,217.0,0.0664288857345582,0.0,,,,1.0,1.0,31.87017826988477,0.5282167129007374,2.49537524842398,0.0,0.0,67.0,44
9,218.0,0.0667249395363732,0.0366441976267464,,,,1.0,1.0,33.188672650989844,0.5745870426621227,0.0,0.0,0.0,66.0,44
9,219.0,0.0679464453460946,0.1481046347916602,,,,1.0,0.0,99.71034147677769,0.6234366242182302,2.8688154035354634,0.0,0.0,65.0,44
9,220.0,0.0688590221675033,0.3383862733019465,,,,1.0,0.0,100.57148100474828,0.5695714747378713,0.0,0.1186363654958026,0.0,64.0,44
9,221.0,0.0736027425757559,0.0687199592854274,,,,1.0,1.0,30.69775685507055,0.673556133021947,2.656495414930871,0.0,0.0,63.0,44
9,222.0,0.0736706925724419,0.3809872757570289,,,,1.0,1.0,33.709279261281424,0.7619236711964233,1.8406756147415648,0.0,0.0,62.0,44
9,223.0,0.0908546249884107,0.0,,,,1.0,1.0,38.92835269832065,0.540865163280369,0.0,0.1011326306735953,0.0,61.0,44
9,224.0,0.4110676589246204,0.4681736584333738,,,,1.0,1.0,18.605920098251087,0.7351566433718074,0.0281691602960423,0.0,0.0,60.0,44
9,225.0,0.4366265704490214,0.4308829924604463,,,,1.0,1.0,32.21324030808257,0.6547572822821353,3.1792553184444268,0.0632899363615424,0.0,59.0,44
9,226.0,1.0353818453639605,1.1970050637787626,,,,1.0,0.0,103.34706678715642,0.7493003978126787,4.280222477934316,0.0,0.0,58.0,44
9,227.0,1.0840148487294476,1.2014615699588098,,,,1.0,1.0,30.64412351921216,0.5784195638763268,0.19531272837468,0.0,0.0,57.0,44
9,228.0,1.1575020131681952,0.9247177817758822,,,,1.0,1.0,26.67806407092469,0.8477394603107181,2.489584961438897,0.1006247298839773,0.0,56.0,44
9,229.0,1.16268617141177,1.0503463017356416,,,,1.0,1.0,18.804775883604883,0.4801565332469159,1.6481705669895563,0.0,0.0,55.0,44
9,230.0,1.163056126618024,1.3525918063937294,,,,1.0,0.0,92.54037200590469,0.7181883245412568,3.1351860016224427,0.1764626459900963,0.0,54.0,44
9,231.0,1.1631667459711312,1.5933409255016806,,,,1.0,1.0,36.67552828306916,0.7683805314469422,6.670741693893541,0.2017077438121348,0.0,53.0,44
9,232.0,1.163411411157534,1.173785658492508,,,,1.0,0.0,105.66797538920918,0.7731407480961119,0.0,0.0,0.0,52.0,44
9,233.0,1.7348302605509638,1.828456976113252,,,,1.0,1.0,25.269059551948004,0.6955254279858287,7.609504971153359,0.0103349371523005,0.0,51.0,44
9,234.0,1.857308250103355,1.868805485268696,,,,1.0,1.0,24.685673049662523,0.7285796133354714,9.87127992665045,0.0194487145400695,0.0,50.0,44
9,235.0,2.1750738737055118,2.120787664520022,,,,1.0,1.0,42.89703229835851,0.6861681972134592,0.0,0.0,0.0,49.0,44
9,236.0,2.175073882774528,2.454042093731115,,,,1.0,1.0,25.952492871679404,0.7284285241103625,6.446892736023074,0.2998260990869459,0.0,48.0,44
9,237.0,2.178710645023999,2.0772011244881816,,,,1.0,0.0,93.42287712267796,0.5733525349254173,4.32917112591978,0.1786227770954609,0.0,47.0,44
9,238.0,2.182295955414806,2.1037957894303987,,,,1.0,1.0,25.10679227603341,0.5773394130848506,4.000808528022238,0.0,0.0,46.0,44
9,239.0,2.2184031026756035,2.131054060933489,,,,1.0,1.0,29.070814293915312,0.71882753534293,2.400795919883455,0.2176849666695601,0.0,45.0,44
9,240.0,2.3178426943841592,2.3409161501314117,,,,1.0,1.0,32.74810903558873,0.5530609931838804,4.205566951790316,0.0330580783177057,0.0,44.0,44
9,241.0,2.336713058127428,2.352917515221117,,,,1.0,1.0,30.64315966612346,0.6625582498951351,4.469195180773316,0.2399081359802773,0.0,43.0,44
9,242.0,2.6206918661525003,2.540944395738064,,,,1.0,1.0,23.50414807126012,0.6585711481735123,4.654151966076347,0.186947751706088,0.0,42.0,44
9,243.0,2.744099686214178,2.508865944094172,,,,1.0,0.0,93.31021187881149,0.9010370120461566,6.926361650929538,0.2187562829648822,0.0,41.0,44
9,244.0,2.745340658432524,2.7159129757483824,,,,1.0,0.0,102.97418252192476,0.4433596006996646,5.28223976030393,0.3042246629009441,0.0,40.0,44
9,245.0,3.0964855413936787,2.8829627794668964,,,,1.0,1.0,27.938711774421623,0.5218808273664494,3.4369863283143864,0.0797541976239602,9.309459698031308e-05,39.0,44
9,246.0,3.3914338125117194,3.279729334259988,,,,1.0,1.0,25.372315433477723,0.6391734006964416,8.917975408634952,0.3934542249714167,0.0015322042957745,38.0,44
9,247.0,3.5137399617322407,3.377865501507628,,,,1.0,1.0,30.838113361344483,0.630746282156204,9.361375342579825,0.3466468931583039,0.0026392874828064,37.0,44
9,248.0,3.561221956225861,3.664054887964446,,,,1.0,0.0,103.80531391836908,0.6476342308246152,6.302419957710816,0.4503334361813261,0.0031497008414998,36.0,44
9,249.0,3.592472379552812,3.50977660587553,,,,1.0,1.0,30.170686658877955,0.7551635260322834,11.31793715467642,0.4707118256754427,0.0035102352053297,35.0,44
9,250.0,3.901521086270432,4.020634323035232,,,,1.0,1.0,25.29855965936917,0.6396063800301099,7.715737739723364,0.448736521758631,0.0081274026899022,34.0,44
9,251.0,3.901804699458045,3.8648940813437056,,,,1.0,0.0,104.54788200891323,0.6755301734238387,7.251716503759616,0.2340267008628623,0.0081325171596461,33.0,44
9,252.0,4.074768499783029,3.744373664312141,,,,1.0,0.0,102.81726073822256,0.6252804574934223,10.187982205623612,0.1831961024530286,0.0115512732812586,32.0,44
9,253.0,4.344674511287465,4.386159211106045,,,,1.0,1.0,22.24746151726722,0.644589125194537,8.61999792209982,0.6284976163769216,0.0180814954130618,31.0,44
9,254.0,4.567482001176516,4.5750589371920745,,,,1.0,1.0,27.32043955609019,0.7783530427683036,15.957540106360982,0.5810706451478231,0.0245699982401233,30.0,44
9,255.0,4.73659714400244,5.073605804874745,,,,1.0,1.0,28.60374163120232,0.6017067455898159,12.34207424282439,0.7082512900231892,0.0301576964055743,29.0,44
9,256.0,4.737030763156474,4.693705627410332,,,,1.0,0.0,96.05309333691272,0.7804180947113255,11.539695494212555,0.7350860303245138,0.0301727587215196,28.0,44
9,257.0,4.7370370356182505,4.945178716390145,,,,1.0,1.0,35.246863620969464,0.7490396946397374,14.479137106997548,0.4728854864428201,0.0301729766310944,27.0,44
9,258.0,4.752552086399372,4.959338966489369,,,,1.0,0.0,106.99649520919196,0.6826001287168825,13.16341592300454,0.6041752918639239,0.0307143881554279,26.0,44
9,259.0,4.775237690116275,4.627767034046125,,,,1.0,1.0,26.852072359461708,0.7933304045096664,18.88328571469317,0.5595970001555375,0.0315146885640936,25.0,44
9,260.0,4.910014754786106,4.967732214885664,,,,1.0,1.0,33.464011807685374,0.6060494243001457,19.266854789788177,0.5639968341573861,0.0364815636350063,24.0,44
9,261.0,4.929348869844321,4.914420063416339,,,,1.0,0.0,108.7611551549998,0.7256434059459858,13.115576758263332,0.9147206468494646,0.0372238706156955,23.0,44
9,262.0,5.028580954854614,5.268732456489632,,,,1.0,0.0,98.87972185264512,0.7177936664291087,17.369689949719362,0.7829290915433302,0.0411514069039885,22.0,44
9,263.0,5.088421754551102,5.14721582860792,,,,1.0,0.0,89.30096630373909,0.5122229572547554,11.44689184030788,0.4839388928419465,0.043615054248823,21.0,44
9,264.0,5.1295885479261285,5.3089645394984935,,,,1.0,0.0,104.37393738975577,0.5946100883590104,16.2765380379337,0.8874398805589081,0.0453514738345811,20.0,44
9,265.0,5.135846110521933,5.070569339914904,,,,1.0,1.0,30.612483023039868,0.7470523281056254,16.08913008386032,0.7999269886445779,0.0456183860783167,19.0,44
9,266.0,5.162961786658677,5.20182221054992,,,,1.0,1.0,23.468287208847123,0.5844092683260322,15.945095609302436,0.6797402299862749,0.0467840369054569,18.0,44
9,267.0,5.274555070453936,5.378296845472644,,,,1.0,1.0,31.110783417323844,0.6085136674924827,10.081551226628177,0.4776229988725513,0.0517360076852771,17.0,44
9,268.0,5.303456531304944,5.391806356871747,,,,1.0,1.0,30.432978279194558,0.6090150855890635,11.51205546207842,0.5371743640116696,0.053059119916114,16.0,44
9,269.0,5.85940055187175,5.863436068318824,,,,1.0,0.0,85.73885107679484,0.6567561060711532,12.638479123279854,0.8290173977741021,0.0817617151604446,15.0,44
9,270.0,5.861908953860779,5.859954017150073,,,,1.0,1.0,25.88198839563327,0.673369457412754,15.430113427950852,0.8335446929946444,0.081905228601885,14.0,44
9,271.0,6.2872869263072495,6.121090407786886,,,,1.0,0.0,101.54518509797836,0.4544305608008123,21.89126376302616,1.005360954425222,0.1080625533587056,13.0,44
9,272.0,6.415183722330288,6.033593771996127,,,,1.0,1.0,32.82294854793465,0.6416053697311517,28.865960252297363,0.9721662991669432,0.1166347985726976,12.0,44
9,273.0,6.883155224342594,6.923354971883174,,,,1.0,1.0,36.91451875121293,0.5669769766289418,20.545158848167198,1.025598119561059,0.1507889449633918,11.0,44
9,274.0,6.915600078998927,6.828361656290471,,,,1.0,1.0,36.783394863172944,0.7842528251674858,19.25819941955757,1.299852808345945,0.153319239786564,10.0,44
9,275.0,6.994417935451361,6.832726729430628,,,,1.0,0.0,94.64229467802636,0.5657738728351085,24.57876171101648,1.422945672503602,0.1595537464305551,9.0,44
9,276.0,7.0791201155837165,7.064029181905032,,,,1.0,1.0,23.0703770005249,0.5970254816728963,22.64421239714418,1.518168016901589,0.1663922091735971,8.0,44
9,277.0,7.107314478849113,7.228638403012309,,,,1.0,1.0,25.075437471718672,0.7343009107379272,24.28260926920984,1.3057700604279756,0.1687003222816356,7.0,44
9,278.0,7.800822615615901,7.663035720701727,,,,1.0,0.0,103.52389251658953,0.4640904103360826,23.768524155817477,1.3394792099592967,0.230478977866091,6.0,44
9,279.0,7.829303072698276,8.023883820553808,,,,1.0,1.0,24.30669559752493,0.6038282316041105,27.328792778692584,1.6604794198275057,0.2332216816797301,5.0,44
9,280.0,7.841634784583943,8.003380439606191,,,,1.0,1.0,29.880587785787373,0.3842116062056966,27.88556302886745,1.571046744123731,0.234414273872932,4.0,44
9,281.0,8.760622780477965,8.980506203896017,,,,1.0,0.0,110.11788700737576,0.536529478125206,32.066948974416825,1.8806692373717555,0.3318477481896167,3.0,44
9,282.0,9.273009322571768,9.50736791986122,,,,1.0,1.0,43.227864854342585,0.5945044467690541,36.76772139839181,2.2432121200534545,0.393506459610723,2.0,44
9,283.0,9.588103100569944,9.924926941334837,,,,1.0,0.0,96.62425439673244,0.6613809880930053,36.78755022945308,2.407211933528178,0.4340310246373931,1.0,44
9,284.0,10.031423357373129,10.160626972886895,catastrophic_failure_replacement,652.2540890643025,,1.0,1.0,37.34058813180111,0.4759335756847871,0.9048116424016568,0.0,0.0,0.0,44
9,284.0,0.0,0.0,catastrophic_failure_replacement,652.2540890643025,,1.0,1.0,37.34058813180111,0.4759335756847871,0.9048116424016568,0.0,0.0,94.0,45
9,285.0,0.0583667367608101,0.0,,,,1.0,0.0,96.5593473225822,0.4946865249458204,0.0,0.0,0.0,93.0,45
9,286.0,0.0635077919430101,0.0449826585404079,,,,1.0,0.0,109.55139581949342,0.5368682548659385,5.27693422592596,0.2414790020417061,0.0,92.0,45
9,287.0,0.0646231483271775,0.3104170232538014,,,,1.0,1.0,21.50982238968379,0.4024300546846286,3.5799829118982043,0.0,0.0,91.0,45
9,288.0,0.0649928069142668,0.0,,,,1.0,1.0,27.262106672689125,0.6234357504477162,3.4863176406459653,0.1463484850772869,0.0,90.0,45
9,289.0,0.1198214330355964,0.4034853500281773,,,,1.0,1.0,32.9473571351888,0.6578341995278818,4.42697217976744,0.2067908020885784,0.0,89.0,45
9,290.0,0.1198215343306916,0.2288965628708648,,,,1.0,0.0,87.69332617758472,0.5881530116788309,2.317023447143609,0.301192806614749,0.0,88.0,45
9,291.0,0.1937318122639292,0.0350753843156039,,,,1.0,1.0,32.9781343801574,0.7216631131950797,0.0,0.0921840358202894,0.0,87.0,45
9,292.0,0.194018473238768,0.0255384420894784,,,,1.0,1.0,32.49355918848587,0.7205888857741742,4.417475832073067,0.2519768301826645,0.0,86.0,45
9,293.0,0.2370127799059646,0.0389736787025642,,,,1.0,1.0,30.50468097260361,0.6106138669573813,0.0,0.0,0.0,85.0,45
9,294.0,0.256912066678554,0.3194126131188892,,,,1.0,0.0,100.4485480344634,0.7748092672447511,0.0,0.1891690741894749,0.0,84.0,45
9,295.0,0.2673561055323387,0.3052678800375066,,,,1.0,0.0,94.19151831203337,0.7405580667702899,0.0,0.0485107500922024,0.0,83.0,45
9,296.0,0.2863385647948845,0.2563399795117438,,,,1.0,1.0,22.525461034068915,0.6091489642546286,0.1520958580486854,0.0,0.0,82.0,45
9,297.0,0.2911905961708804,0.3875473068262731,,,,1.0,1.0,36.04006419553041,0.6130407444492675,1.8469953315734653,0.0,0.0,81.0,45
9,298.0,0.3215208779441803,0.3924079706527714,,,,1.0,0.0,103.77500025169296,0.4472428866781172,0.2958075798978368,0.0,0.0,80.0,45
9,299.0,0.380346229307045,0.5285178600882507,,,,1.0,1.0,27.83787861387989,0.7939345068730537,0.0,0.0,0.0,79.0,45
9,300.0,0.5125585080500286,0.8017203979038503,,,,1.0,1.0,26.328790309819624,0.6992171258796422,0.0,0.0,0.0,78.0,45
9,301.0,0.5437812723306902,0.4890809161749596,,,,1.0,1.0,30.07219822335311,0.6101445428311238,0.0,0.0602252108950454,0.0,77.0,45
9,302.0,0.5447688076046022,0.474502760182472,,,,1.0,0.0,101.7889912184695,0.5947619856765232,0.0,0.1722254184567398,0.0,76.0,45
9,303.0,0.6221112803430394,0.4160363159656306,,,,1.0,0.0,102.7061235829471,0.6871652113495919,0.0,0.0,0.0,75.0,45
9,304.0,0.7043353105267182,0.4264411760765605,,,,1.0,1.0,25.9845995708066,0.5922248860298657,4.3176307650371015,0.0764875629514757,0.0,74.0,45
9,305.0,0.7200250282173214,0.5476791123905814,,,,1.0,1.0,29.102761031818087,0.6996443859646129,1.605217291898346,0.2231634985505591,0.0,73.0,45
9,306.0,0.8837158170665851,1.0724909888549838,,,,1.0,1.0,28.54773079545386,0.5533211091056505,0.340389172052945,0.0,0.0,72.0,45
9,307.0,0.8957481606300426,1.2157904181235313,,,,1.0,1.0,31.900396443719,0.6189180156741836,1.4436726023834066,0.2845963927445718,0.0,71.0,45
9,308.0,0.9086649101611288,0.6853778109558029,,,,1.0,1.0,30.077570233258577,0.5445542161813617,0.0,0.0,0.0,70.0,45
9,309.0,0.9338185876501212,1.095310347584374,,,,1.0,1.0,29.341136626584667,0.6460630529463103,3.247362627228635,0.0822566023535552,0.0,69.0,45
9,310.0,0.9338967433902142,0.8621035759872648,,,,1.0,1.0,33.62402530883096,0.5499598090609275,6.479078907413467,0.0,0.0,68.0,45
9,311.0,0.9601119343852372,0.7755995585755315,,,,1.0,1.0,21.97998427810285,0.6181910193608711,0.0,0.0911974633313014,0.0,67.0,45
9,312.0,0.9604445672258216,0.8055839703297346,,,,1.0,0.0,112.17054419622292,0.5309558847969712,0.1980333887179524,0.0471092247575767,0.0,66.0,45
9,313.0,0.9604532386267376,0.828997067029975,,,,1.0,1.0,27.35990322196639,0.6758527707548321,0.0,0.0,0.0,65.0,45
9,314.0,1.6545598364367131,1.6134464428708444,,,,1.0,0.0,98.40457464197355,0.6750021128230075,6.219001182171125,0.0314273201657486,0.0,64.0,45
9,315.0,1.6545818257629392,1.4596469809853885,,,,1.0,1.0,25.064219077305697,0.5181123465042557,6.591249509306823,0.0255429478961925,0.0,63.0,45
9,316.0,1.8062129340913409,1.7436509253680557,,,,1.0,1.0,31.000721324493668,0.8951932014532797,0.8172502698804736,0.0829671048009611,0.0,62.0,45
9,317.0,1.808935843749636,1.471715475112902,,,,1.0,1.0,28.961070549868925,0.4805604175890586,3.624206381109463,0.0801627140852785,0.0,61.0,45
9,318.0,1.8089462492852209,1.9217233955151616,,,,1.0,1.0,28.20605592548883,0.648218855547062,10.0102336382555,0.1078281751635356,0.0,60.0,45
9,319.0,2.271430858264303,2.0758978217061683,,,,1.0,1.0,32.12716110570942,0.4567167020602086,6.454197541441458,0.2037273196571006,0.0,59.0,45
9,320.0,2.3039232574589974,2.3026513318998725,,,,1.0,1.0,23.60913661695197,0.7008959892596781,3.7635010805384335,0.2277570788263772,0.0,58.0,45
9,321.0,2.309770810077992,2.2813537760145968,,,,1.0,1.0,28.39117138949796,0.5338395420258872,8.328511043264768,0.1101319534596497,0.0,57.0,45
9,322.0,2.3855716560947178,2.320044206577476,,,,1.0,1.0,31.29684593918172,0.5928314764040102,1.0026832928324994,0.2716956693549908,0.0,56.0,45
9,323.0,2.3906967445079585,2.3069860790455885,,,,1.0,1.0,17.196632392749336,0.729560577686615,5.391598679727179,0.2141900942321663,0.0,55.0,45
9,324.0,2.6654446336528173,2.7398333514902657,,,,1.0,0.0,107.55907537346978,0.690128281392122,2.440569934907076,0.1093154255368324,0.0,54.0,45
9,325.0,2.7621346363688977,2.6615504063795727,,,,1.0,0.0,111.28283929779433,0.6988007507224152,3.6682373300562094,0.1719424397117017,0.0,53.0,45
9,326.0,3.209874368991363,3.3767907877218635,,,,1.0,1.0,24.98580146703985,0.6439226411010124,9.051408516952568,0.1275166061439419,0.0004404725075952,52.0,45
9,327.0,3.2261042730187244,3.112503573728115,,,,1.0,0.0,99.61173816635193,0.5884865260499448,9.372442602174376,0.3046965557308661,0.0005112314227732,51.0,45
9,328.0,3.2735821041828808,3.0828575809511323,,,,1.0,1.0,25.23636063070122,0.6038688326231298,0.76113212070487,0.3209902990463905,0.0007484716772913,50.0,45
9,329.0,3.306974576429295,3.3215985714762657,,,,1.0,1.0,30.11935279974152,0.4706598015919577,0.0,0.1190664847020259,0.0009423339057394,49.0,45
9,330.0,3.306975852359356,3.529333753560126,,,,1.0,1.0,26.8703851314312,0.7245136519545925,9.13958261436521,0.2349508295132684,0.0009423417393175,48.0,45
9,331.0,3.5907710452986548,3.6293184579823343,,,,1.0,1.0,25.397930283271275,0.6855995414216968,2.676108579395416,0.4462034795082416,0.0034901042796326,47.0,45
9,332.0,3.590808395388316,3.866652292664052,,,,1.0,0.0,101.7080810841724,0.5006963855868029,8.398755509247776,0.317209808749184,0.0034905456006131,46.0,45
9,333.0,3.6512196388507454,3.667653308103663,,,,1.0,1.0,32.58661781849107,0.4610203598970195,4.1309490526037065,0.4852815495229604,0.0042408701802489,45.0,45
9,334.0,3.6578752562764505,3.7859766864019058,,,,1.0,1.0,36.35042540263599,0.7080610092042487,10.206484927143032,0.3805429310729366,0.004327998528208,44.0,45
9,335.0,3.709851197818127,3.8893816824800687,,,,1.0,0.0,106.0667594885479,0.603184259030017,6.930306263526729,0.2224566413580199,0.0050388872304382,43.0,45
9,336.0,3.722535222037248,3.772103333814872,,,,1.0,0.0,107.77961530324568,0.5390411600052805,8.383678036100026,0.5862343454710033,0.0052205714708441,42.0,45
9,337.0,3.843429629906027,3.809920289905919,,,,1.0,1.0,22.94720095880531,0.5765595202268756,7.724075221811869,0.4478573840345549,0.0071137354060341,41.0,45
9,338.0,3.8529317469603694,3.5247491016976857,,,,1.0,1.0,26.167784999375428,0.6490721453368393,12.995164066612451,0.4258805857338413,0.0072749256497286,40.0,45
9,339.0,3.852931845977832,3.66494044203065,,,,1.0,0.0,91.41429495799592,0.7239796254051841,11.534092394858945,0.4107684947927881,0.0072749273388315,39.0,45
9,340.0,3.9256985250864855,3.830192101351887,,,,1.0,1.0,28.627175402809,0.5884651232213663,10.03314106161414,0.6129271350334353,0.0085691775934729,38.0,45
9,341.0,3.9309265533201736,3.940741612599507,,,,1.0,1.0,22.268364189891617,0.5413588254047785,8.711167661933843,0.3327299473659671,0.0086662424767657,37.0,45
9,342.0,4.159439595826408,4.097334403609848,,,,1.0,1.0,34.30695473635363,0.6747585967955309,9.130019149216867,0.498533157672125,0.013443001763701,36.0,45
9,343.0,4.164247299227011,4.323870607583965,,,,1.0,1.0,33.402999860630054,0.5610270580107897,9.78179597195637,0.4715107940997659,0.0135547177375738,35.0,45
9,344.0,4.183366904219095,4.249217691479525,,,,1.0,0.0,101.7250242952619,0.7765023314071753,8.419427528082005,0.5430572355746894,0.0140035723000108,34.0,45
9,345.0,4.260000958434846,4.344422875443467,,,,1.0,1.0,29.52784779479303,0.6630449561012927,10.832331054136851,0.4369082871735587,0.0158760241525673,33.0,45
9,346.0,4.260084759625303,4.296624403133493,,,,1.0,0.0,105.0213096569827,0.4598624829819821,11.091204147483262,0.5403030142386835,0.0158781360143995,32.0,45
9,347.0,4.262013367785905,4.372558128364753,,,,1.0,0.0,100.1888751220372,0.6187233416614777,10.236840696390278,0.4387845502183853,0.0159267774047032,31.0,45
9,348.0,4.639498728277298,4.752308367559573,,,,1.0,0.0,112.76350609374748,0.4504078671828078,18.151736669476577,0.7601015721040739,0.0268795608002287,30.0,45
9,349.0,4.649584247815124,4.677835051068293,,,,1.0,1.0,24.981578171734608,0.6675204909133703,15.643863396681844,0.485050628489826,0.0272112819063978,29.0,45
9,350.0,4.722073374578164,4.431232512043617,,,,1.0,1.0,31.982260579716325,0.6463317011376162,10.585895282414365,0.7426097369312784,0.0296553670743102,28.0,45
9,351.0,4.728371681701525,4.98449320556655,,,,1.0,0.0,83.2099113381331,0.5929564378888155,16.2917015811756,0.543889012761098,0.0298726867010775,27.0,45
9,352.0,4.7606417137534525,4.741310112750062,,,,1.0,1.0,28.094766374202955,0.5987932709258132,17.787692611309627,0.4942960834555943,0.0309985924420869,26.0,45
9,353.0,4.766510107647416,4.670544340941655,,,,1.0,1.0,33.63318880729013,0.45065120889275,8.242759011108154,0.3169199614834621,0.0312055796042048,25.0,45
9,354.0,4.875420447003553,4.92547520786017,,,,1.0,1.0,29.5435993751055,0.6128045136426337,16.708954220162124,0.8946782782454625,0.03517201853039,24.0,45
9,355.0,5.201332189359672,5.120242524945374,,,,1.0,0.0,90.68832284227136,0.7517141876844291,14.036178873261408,0.6998395948041785,0.0484586340791104,23.0,45
9,356.0,5.207080132956508,5.359976155000914,,,,1.0,1.0,36.946159738788495,0.5931974663933024,9.684488166332834,0.7168649540601306,0.0487120271329131,22.0,45
9,357.0,5.235469514982188,5.40827938386973,,,,1.0,1.0,25.482997321404262,0.6421824105897888,19.023595491322958,0.4851543863768559,0.0499732395241469,21.0,45
9,358.0,5.263618421522496,5.54218354279669,,,,1.0,0.0,90.93770642024644,0.7588802778212445,14.774470973130436,0.743842015140962,0.0512396835825599,20.0,45
9,359.0,5.372389108224712,5.277984015817459,,,,1.0,0.0,103.9471613247266,0.6957219583764321,14.993414631421205,0.9713563768715594,0.0562823008082324,19.0,45
9,360.0,5.614800677128388,5.636310457654236,,,,1.0,1.0,33.39724270159698,0.6286885399463507,15.952950356168929,0.8496635135745962,0.0683718258111107,18.0,45
9,361.0,5.657804532180335,5.686504641517831,,,,1.0,1.0,20.929997519865363,0.609610905600057,15.697651954974411,0.8664639988622533,0.0706392493127833,17.0,45
9,362.0,5.843536774552463,5.871009777121705,,,,1.0,1.0,30.84229527862789,0.6738731273329102,13.557171604289156,0.9962191148295976,0.0808570138823222,16.0,45
9,363.0,6.007707715765298,5.820762495598101,,,,1.0,1.0,35.127469564515515,0.6856260573369175,15.700053464452978,0.9796850608452948,0.090463057034741,15.0,45
9,364.0,6.402761463715562,6.448683603799173,,,,1.0,1.0,36.13615881783001,0.7833670803284338,19.480553336251287,0.9141302342405212,0.1157878557894767,14.0,45
9,365.0,6.817533385154658,6.812664128113156,,,,1.0,1.0,27.450595897644536,0.694446149796049,23.692918777732,0.9901793166565172,0.1457356114677037,13.0,45
9,366.0,6.8845631199578285,7.182748243625718,,,,1.0,1.0,27.315196482956296,0.7474495704419808,23.16027417007411,1.1565135645441924,0.150898306329365,12.0,45
9,367.0,6.926471775563298,6.970707660182548,,,,1.0,1.0,29.70375950356409,0.5519177044162621,21.815462005207216,1.1383435088250868,0.154171806042952,11.0,45
9,368.0,6.95179431604483,7.063385176873415,,,,1.0,1.0,25.929579276651715,0.6629758168927842,15.45815734109851,1.0232163860046513,0.1561667831632422,10.0,45
9,369.0,7.140133920144265,7.342916840148627,,,,1.0,1.0,33.93559248480886,0.5530942461398252,19.72792489213366,1.0607439260484168,0.1714070887672912,9.0,45
9,370.0,7.255050756603237,7.139495392861509,,,,1.0,0.0,108.06546098398708,0.6495359667391372,26.966796084259023,1.530672354590354,0.1810545694126977,8.0,45
9,371.0,8.002933162900911,8.212137719583357,,,,1.0,0.0,108.73219662142812,0.9452755850229588,29.299626509514525,1.7677827882256585,0.2502934023245371,7.0,45
9,372.0,8.035144980794866,8.038567931791365,,,,1.0,1.0,33.05931736167679,0.6663498401601922,23.770946694691855,1.6463814845565796,0.2535268497762373,6.0,45
9,373.0,8.487055436723649,8.66488746849042,,,,1.0,0.0,106.11944872942318,0.6406873125733556,31.080296896375017,1.793638139294615,0.3010777736567855,5.0,45
9,374.0,8.981495790938265,8.918514240482981,,,,1.0,1.0,34.991940080276535,0.7404731604351743,36.019523413293406,1.895754846813775,0.3577829189701217,4.0,45
9,375.0,9.24789419876004,9.2609769663881,,,,1.0,1.0,26.07285134638635,0.4442359707583102,40.08881826533877,2.22770404198656,0.3903618191889936,3.0,45
9,376.0,9.316110059927857,9.415727566646682,,,,1.0,1.0,24.135319408466845,0.7680202263305316,37.6438400592434,2.0046338717675365,0.3989324628912188,2.0,45
9,377.0,9.7576337556052,9.643891471582846,,,,1.0,1.0,35.798948281618834,0.6406279924746415,38.36408359186332,2.407662415285815,0.4566561397489482,1.0,45
9,378.0,10.424796640492822,10.472523543846826,catastrophic_failure_replacement,240.9083900544016,,1.0,1.0,25.390448390133773,0.6252794553631885,3.068728879634519,0.0,0.0,0.0,45
10,0.0,0.0,0.0,,,,2.0,1.0,30.40127397631768,0.6792383685463164,0.0,0.0,0.0,118.0,47
10,1.0,0.0488369747560938,0.2586344334081784,,,,2.0,1.0,24.49178121619673,0.4741176229629757,0.0,0.0,0.0,117.0,47
10,2.0,0.0496548003586318,0.042304247431402,,,,2.0,1.0,28.247950692113665,0.4356286271566614,0.0,0.0,0.0,116.0,47
10,3.0,0.0496579097505118,0.0,,,,2.0,1.0,31.49136588301418,0.5827013407201634,0.0,0.0705416577986998,0.0,115.0,47
10,4.0,0.119947365756322,0.3688557657370017,,,,2.0,1.0,29.04301351031598,0.3994265601738462,3.597594451893689,0.0839059098700824,0.0,114.0,47
10,5.0,0.3105465806737222,0.440297132093461,,,,2.0,0.0,102.00906652291351,0.5839913240687523,0.0,0.1466830183292802,0.0,113.0,47
10,6.0,0.390928233795465,0.3402225470548671,,,,2.0,1.0,24.821830658350198,0.7120680918180192,0.0,0.0,0.0,112.0,47
10,7.0,0.5382216400733429,0.6380184822722329,,,,2.0,0.0,95.6591202513528,0.439304422635224,1.894319004153356,0.0,0.0,111.0,47
10,8.0,0.8689146659573138,0.7515292841266491,,,,2.0,1.0,31.611403537059918,0.4831636657284506,0.0,0.0,0.0,110.0,47
10,9.0,0.8692476865994668,0.9307683098562158,,,,2.0,1.0,39.722522759767145,0.4577175839537892,0.0,0.0,0.0,109.0,47
10,10.0,0.8736020158260178,0.919458393752908,,,,2.0,1.0,31.999809009009248,0.5782546620466726,0.0,0.1605820858725335,0.0,108.0,47
10,11.0,0.881324295490897,0.8623254392734155,,,,2.0,1.0,26.80816198446827,0.5520651906141009,0.3906889512406386,0.227984361826204,0.0,107.0,47
10,12.0,0.933284888065169,0.9083746292455136,,,,2.0,1.0,38.07242485337677,0.4052731105473867,2.81663376710014,0.3482321411744691,0.0,106.0,47
10,13.0,0.938874128526592,0.9395808746431326,,,,2.0,1.0,32.53886504276264,0.7598810436419418,7.313380892192065,0.3947412613563894,0.0,105.0,47
10,14.0,0.974419342604948,0.9119192762800884,,,,2.0,1.0,28.29281417290083,0.5145545328007257,0.3312327666871574,0.0,0.0,104.0,47
10,15.0,1.1902067952384008,1.2415817170142749,,,,2.0,0.0,91.73513634403965,0.4986265370683792,7.387643536199697,0.0910975764738419,0.0,103.0,47
10,16.0,1.2073993097359608,1.072740987591018,,,,2.0,0.0,104.41774455956752,0.6047818892223286,7.355075371272999,0.0778768457753642,0.0,102.0,47
10,17.0,1.210713198753628,1.2353169661640429,,,,2.0,1.0,39.97677767555532,0.4844071306839387,2.326582282056392,0.0722374810537858,0.0,101.0,47
10,18.0,1.2108203584794008,1.227328463871965,,,,2.0,1.0,34.96933733376201,0.5184334516728051,0.0,0.0,0.0,100.0,47
10,19.0,1.2448062907466813,1.1693405932560927,,,,2.0,1.0,22.304321044374,0.5418159493146903,3.817214459700255,0.1781300730999925,0.0,99.0,47
10,20.0,1.2448083059831172,1.227392131820979,,,,2.0,1.0,22.092676622922784,0.4829793698618551,3.4794341140101954,0.0,0.0,98.0,47
10,21.0,1.2451330091596835,1.2176287575239897,,,,2.0,1.0,34.89524924750286,0.467948008008334,0.0,0.1049637916594866,0.0,97.0,47
10,22.0,1.2451330792616675,1.2270014894590329,,,,2.0,1.0,28.859489619023503,0.5166973997095268,0.6309572069120382,0.277429189125526,0.0,96.0,47
10,23.0,1.2855529357594746,1.4620336233310065,,,,2.0,1.0,39.32572450885112,0.5712984702497992,0.7579511170440558,0.0174836043190472,0.0,95.0,47
10,24.0,1.289685384279515,1.253391158141098,,,,2.0,0.0,116.78028152017056,0.5831370884704458,9.456272846870352,0.3640151761698463,0.0,94.0,47
10,25.0,1.3091538471100554,1.3661653626756762,,,,2.0,1.0,32.055306465566304,0.3716132063735701,4.20983325872003,0.0,0.0,93.0,47
10,26.0,1.3125406694866175,1.4744036559565743,,,,2.0,1.0,32.09829676705863,0.4297602920458064,0.0,0.0830952603263178,0.0,92.0,47
10,27.0,1.335400461906529,0.7946392831949338,,,,2.0,1.0,18.181345364341627,0.7347719345898545,5.803941458068645,0.1794507617807051,0.0,91.0,47
10,28.0,1.3957084101172783,1.397176508983482,,,,2.0,1.0,33.40272760051849,0.6904957305946925,2.111347533604283,0.131247185367304,0.0,90.0,47
10,29.0,1.3961323847193443,1.5587039213996892,,,,2.0,1.0,26.75054508604611,0.4985175362296132,2.392656234489322,0.0,0.0,89.0,47
10,30.0,1.524669503813599,1.502616632488337,,,,2.0,0.0,93.39012047839388,0.5117579428450845,5.882034957420306,0.2007363365667595,0.0,88.0,47
10,31.0,1.5776673300923705,1.6389561362402176,,,,2.0,0.0,100.78822433579026,0.4883689372616904,6.466096543380336,0.2320693183742764,0.0,87.0,47
10,32.0,1.58045713093835,1.530946445317203,,,,2.0,0.0,95.41920642400254,0.6196673410918231,3.1029327463054197,0.0297043297973395,0.0,86.0,47
10,33.0,1.780313485287895,1.7439424754046564,,,,2.0,1.0,36.03363203635385,0.5204315027243491,9.811666421082052,0.144392463596181,0.0,85.0,47
10,34.0,1.9735335560901368,2.1637831919701744,,,,2.0,1.0,31.963504957438506,0.7138752699926275,8.396223612694298,0.3407074163673401,0.0,84.0,47
10,35.0,2.090580557560654,1.7469155081176302,,,,2.0,1.0,36.35825735448544,0.5950915827605099,8.791616085603586,0.0993276222769247,0.0,83.0,47
10,36.0,2.2790191794523804,2.311256350890652,,,,2.0,0.0,118.77939274334506,0.7532648759820578,2.669527469295145,0.0138692172225718,0.0,82.0,47
10,37.0,2.28774373380895,2.3466222484621992,,,,2.0,0.0,100.97981734937558,0.6346942240049717,0.6216600345028049,0.1371603673349991,0.0,81.0,47
10,38.0,2.28958192593007,2.425217354297025,,,,2.0,1.0,23.448531898466072,0.60240782623963,5.55679746534848,0.3624306139778868,0.0,80.0,47
10,39.0,2.2914363213754467,2.470528707050294,,,,2.0,0.0,94.115448171488,0.6407089411726099,1.8797506001575373,0.2467426598912089,0.0,79.0,47
10,40.0,2.33629762244592,2.3590612371626163,,,,2.0,0.0,99.67549213150966,0.4475708769614062,0.0,0.3949747002536063,0.0,78.0,47
10,41.0,2.4760366736071644,2.313988906202741,,,,2.0,0.0,103.78825140230948,0.5192195402813873,4.546036594850509,0.102597203572391,0.0,77.0,47
10,42.0,2.479804479078284,2.680595667631003,,,,2.0,1.0,30.009631944384207,0.5816007802163086,11.534514767579552,0.1018697136898264,0.0,76.0,47
10,43.0,2.497512781546792,2.6561152624867197,,,,2.0,0.0,98.06864632947756,0.6642127529409185,0.0,0.1912008292047415,0.0,75.0,47
10,44.0,2.5065197012210985,2.214014358358053,,,,2.0,0.0,100.48278557352752,0.7243910900053331,4.548996770696712,0.0899402926357004,0.0,74.0,47
10,45.0,2.5071187538533266,2.589772002032275,,,,2.0,1.0,30.183563795240502,0.5853406483155642,4.138768155071919,0.1887341792097342,0.0,73.0,47
10,46.0,2.5104035371605917,2.606072682535676,,,,2.0,0.0,89.4120871343782,0.447211365968788,3.0335776619726067,0.0902813196965313,0.0,72.0,47
10,47.0,2.5104035446588187,2.399524452269605,,,,2.0,1.0,29.96592119438339,0.544905094094547,2.4303011406052706,0.0494694057454643,0.0,71.0,47
10,48.0,2.512809288453387,2.2023603628783817,,,,2.0,1.0,40.28077246856893,0.5723800188413118,2.311092245739248,0.0669352608534795,0.0,70.0,47
10,49.0,2.5581786652255216,2.720677717455555,,,,2.0,1.0,32.66036693256146,0.4993879035376701,6.390346633144111,0.1377465766111911,0.0,69.0,47
10,50.0,2.558260305260145,2.383596025922332,,,,2.0,1.0,25.78888067132176,0.5701162736312468,2.0167321184941223,0.190582305709161,0.0,68.0,47
10,51.0,2.7842193287015844,2.7936391414634807,,,,2.0,0.0,100.19749170528362,0.4855335792248342,5.41049238494732,0.4088854836756754,0.0,67.0,47
10,52.0,2.9630575647725403,2.931308696166893,,,,2.0,1.0,28.13554452318914,0.5354606006693765,4.835851748884027,0.1106239489774721,0.0,66.0,47
10,53.0,2.984354074659279,2.904515782474673,,,,2.0,1.0,25.217724615607555,0.5531654552713912,1.7116735570375496,0.1745260571925365,0.0,65.0,47
10,54.0,2.9893588951096275,2.829386538604574,,,,2.0,1.0,30.4089577853268,0.6174685551081571,2.5484474113058297,0.2252361321469968,0.0,64.0,47
10,55.0,3.0883510937040146,3.172678421678657,,,,2.0,1.0,31.4331454760146,0.5192029693891754,3.4022831690283315,0.3533813546502906,7.80591575869563e-05,63.0,47
10,56.0,3.089443355131136,3.3981844438662034,,,,2.0,1.0,28.06520457156756,0.6851277085218496,5.13449169003726,0.1418736046283075,8.000113777114472e-05,62.0,47
10,57.0,3.0894928963901704,3.1129504991659447,,,,2.0,0.0,97.16829193728933,0.5325744358447131,4.384103644246011,0.2127796247094411,8.008978504301761e-05,61.0,47
10,58.0,3.0895415927936747,3.1524693922734395,,,,2.0,1.0,24.18374756040384,0.6394167606647407,0.0,0.2264028261413588,8.017696840028294e-05,60.0,47
10,59.0,3.161109135468554,3.3035812663242683,,,,2.0,0.0,92.0880217334649,0.2412845779524156,5.910127546958675,0.3767492868516119,0.0002595615353142,59.0,47
10,60.0,3.161508371594705,3.25804199901828,,,,2.0,1.0,30.674410974634583,0.5553868091974481,2.911310076759744,0.0211925558151519,0.0002608495409517,58.0,47
10,61.0,3.163980744771633,3.144006145435202,,,,2.0,1.0,25.35919478033506,0.5207068304512685,9.877053977941705,0.2991660422295493,0.0002688968465585,57.0,47
10,62.0,3.2021489625267354,3.3844126012415563,,,,2.0,1.0,29.25415337396026,0.6547563896134723,5.973140712142891,0.1041453798437266,0.0004086420305063,56.0,47
10,63.0,3.2068560440916163,2.977063796104716,,,,2.0,0.0,90.39928190207787,0.5436254533107315,7.2032884225142295,0.2842572029389882,0.0004278942297723,55.0,47
10,64.0,3.206856244977748,3.235363840378959,,,,2.0,1.0,22.6462954495274,0.3927379759525328,7.144294552267874,0.3454739796390241,0.0004278950608629,54.0,47
10,65.0,3.3790515471149147,3.4220318137020627,,,,2.0,1.0,25.831831612286383,0.5622524221220222,11.010988633859489,0.2486792336666173,0.0014368007537021,53.0,47
10,66.0,3.4424230653142542,3.440064692840602,,,,2.0,1.0,24.29681278390392,0.5618242348108515,9.759110744525085,0.0325603776008601,0.0019573816872206,52.0,47
10,67.0,3.4511509494211783,3.20354131511757,,,,2.0,1.0,28.95950519996416,0.5148096107870324,9.462477304168676,0.3170156269863637,0.0020353717916363,51.0,47
10,68.0,3.727637647008883,3.6789945628334806,,,,2.0,1.0,27.584883004531747,0.6645593198229857,8.858413081395787,0.5056215829511727,0.0052945654534462,50.0,47
10,69.0,3.761968873278135,3.621644634264436,,,,2.0,0.0,102.82062397748396,0.548052990465314,9.98304063434185,0.4446595341728382,0.0058059656384475,49.0,47
10,70.0,3.8626976667807136,3.7746033474149474,,,,2.0,1.0,30.078409776087867,0.546661611839345,8.872246564129936,0.2880749018924493,0.0074424726426888,48.0,47
10,71.0,3.883749631785453,3.921891971551827,,,,2.0,1.0,18.99196744277648,0.6337250024963894,13.458730225457405,0.3335064818955965,0.0078101341168092,47.0,47
10,72.0,3.88429454814882,3.953193026398869,,,,2.0,1.0,30.21343781513717,0.5421000187647923,10.944341147403208,0.4916629901191027,0.0078197684788572,46.0,47
10,73.0,3.9099076853729695,3.740874720294748,,,,2.0,1.0,40.96712044862469,0.7278143340564159,11.515816406346053,0.4219905532261209,0.0082793199590079,45.0,47
10,74.0,3.9242259151765886,3.8742112425263286,,,,2.0,0.0,86.11389017377994,0.7404374139328379,8.407575139067006,0.4195739116637065,0.00854193542284,44.0,47
10,75.0,3.9267261111745024,3.984938141461921,,,,2.0,0.0,95.2766500908847,0.5875494676613171,13.435726335306478,0.3596716095255114,0.0085882128513261,43.0,47
10,76.0,3.9526312390227383,4.167857244923747,,,,2.0,1.0,20.779257953589788,0.6373609826793042,10.140370662721775,0.3081172345699076,0.0090750627756199,42.0,47
10,77.0,3.964067754057527,3.983716172225638,,,,2.0,1.0,30.60249442962358,0.5223037323584957,13.74702740577306,0.4449266648545156,0.0092942663441352,41.0,47
10,78.0,4.014636732835462,3.991823837128877,,,,2.0,1.0,30.47784108812061,0.4784968371304324,5.715148043682088,0.5527055247700238,0.0102948769961902,40.0,47
10,79.0,4.135228337426483,3.843496898077861,,,,2.0,0.0,96.00106441958974,0.6163942535176042,10.146512573464864,0.4378935717224941,0.0128874337809609,39.0,47
10,80.0,4.174372756567636,4.046371446801485,,,,2.0,0.0,106.08025620477632,0.6872295651762218,8.818204282373479,0.6689070551770748,0.0137915137136826,38.0,47
10,81.0,4.595437073206486,4.564648531901746,,,,2.0,1.0,19.293439048364355,0.5988650466018629,16.293189180985117,0.3940127902034441,0.0254541945456167,37.0,47
10,82.0,4.595665110843311,4.601125720831134,,,,2.0,0.0,107.030506107395,0.5861824050493056,13.208534670084966,0.4941137698055974,0.0254614714596259,36.0,47
10,83.0,4.688684948359096,4.624235038376184,,,,2.0,1.0,38.11723199858624,0.5670317209049325,15.402871650573136,0.4309139401279259,0.0285165685481456,35.0,47
10,84.0,4.74049932158453,4.751299656747707,,,,2.0,1.0,40.437084561103205,0.6298366974231784,10.856284949806009,0.6628179111870569,0.0302933788843621,34.0,47
10,85.0,4.751307711290366,4.417743472890575,,,,2.0,1.0,40.98058956759876,0.3446176712040285,13.422658895445696,0.4276945107280956,0.0306707869962509,33.0,47
10,86.0,4.998728937090887,4.842955319901206,,,,2.0,1.0,28.642179731765246,0.3286191056224019,13.248672767603525,0.5904864968806138,0.0399491736396446,32.0,47
10,87.0,5.090352715654514,5.037999902731063,,,,2.0,1.0,37.91760673707127,0.5530022001360787,12.817837152080267,0.9435700672115624,0.043695744758442,31.0,47
10,88.0,5.126228792604547,5.167172189756492,,,,2.0,1.0,36.10471785297672,0.5134550692465623,9.343609732747748,0.6213749714522198,0.0452084887850059,30.0,47
10,89.0,5.143852431101447,5.241798980985026,,,,2.0,0.0,105.92624987379502,0.4863913588558062,12.019486750331154,0.4042749906936003,0.0459610324633958,29.0,47
10,90.0,5.16064640101971,5.165958483854071,,,,2.0,0.0,93.61723844912149,0.451968902031901,16.605279241015907,0.7653280413684804,0.0466839287023942,28.0,47
10,91.0,5.162665177610808,4.994345636703757,,,,2.0,0.0,103.16591162040142,0.579466649583242,14.082206857820015,0.6078663158989224,0.0467712067045038,27.0,47
10,92.0,5.176858059244783,4.90482293057202,,,,2.0,1.0,34.03776975129176,0.6317297754676019,14.034189714513788,0.5960793364420297,0.0473871101009896,26.0,47
10,93.0,5.492294169935746,5.518962534929085,,,,2.0,1.0,28.343079341337884,0.4171472729478455,14.68975007550496,0.9934050636863988,0.062115302294957,25.0,47
10,94.0,5.546113777759065,5.699755082229418,,,,2.0,1.0,34.763249529807766,0.5234842028735098,12.205223001049168,0.8477898116527443,0.0648269536929453,24.0,47
10,95.0,5.546535377867811,5.422090543057156,,,,2.0,0.0,106.3371271874642,0.4624496919439501,22.328830711974675,0.792974105305602,0.0648484243073235,23.0,47
10,96.0,5.7797324692356735,5.899332519398433,,,,2.0,1.0,25.53119899629234,0.5509954013010379,18.42942016424553,0.859224927161155,0.0772691260052305,22.0,47
10,97.0,5.857680415492301,5.812622157253951,,,,2.0,1.0,27.341763585866016,0.6841069154645275,18.61571344121556,0.755046561362715,0.0816633735708825,21.0,47
10,98.0,6.207246508828643,6.273202199959928,,,,2.0,1.0,28.61946867168267,0.6423963955011232,20.53505138579012,0.8534764766093025,0.1028643016839352,20.0,47
10,99.0,6.247849115098624,6.258806131848612,,,,2.0,1.0,30.818060812681185,0.5675178161572536,16.978633514066026,1.0904976020109398,0.1054852387444691,19.0,47
10,100.0,6.303847339860682,6.135786341422621,,,,2.0,1.0,27.893983713248097,0.5825632327035711,20.361092598769503,0.8169378098568821,0.109154072451045,18.0,47
10,101.0,6.3250003170907485,6.243946140672585,,,,2.0,1.0,24.90662252482187,0.6256309158397233,11.599611474804544,0.7280361785760039,0.1105562710865358,17.0,47
10,102.0,6.480430736935887,6.694863806878268,,,,2.0,1.0,36.66560958094042,0.3994018404570997,21.501877779085664,1.0525065136733105,0.1211339811460808,16.0,47
10,103.0,6.500609012663888,6.435247275162288,,,,2.0,1.0,23.255558429632764,0.5449797119086417,23.847632899266543,1.197809360857128,0.1225426345954363,15.0,47
10,104.0,6.504868036518857,6.379294127785716,,,,2.0,1.0,34.67312507301269,0.5637599771936913,22.719608745774494,1.2340350433764384,0.1228409995341155,14.0,47
10,105.0,6.520581478416823,6.523819705905449,,,,2.0,1.0,17.684580851462194,0.1784276178945166,21.884593694968395,1.0272977439638475,0.1239449394617158,13.0,47
10,106.0,7.223696071729732,7.573836397967148,,,,2.0,1.0,20.291130060189747,0.5340961330685235,18.4465874118616,1.272967575008813,0.1783960850634516,12.0,47
10,107.0,7.306176636951994,7.288964598203962,,,,2.0,1.0,33.09326373980276,0.4762560745205597,23.9042494544066,1.3325057648065024,0.1854315722863118,11.0,47
10,108.0,7.46756878716096,7.455682797076133,,,,2.0,0.0,97.97517557072588,0.6513658213831492,23.91432313628283,1.1657618010142263,0.1995917086801485,10.0,47
10,109.0,7.477509677510177,7.475820381844557,,,,2.0,0.0,108.89687278086568,0.4083683939282734,28.37701500346074,1.4195591445429914,0.2004809291219728,9.0,47
10,110.0,7.484037794484108,7.487756062579915,,,,2.0,0.0,96.34436685090571,0.5328348886683516,28.41490603467337,1.1939157862602106,0.201065949423619,8.0,47
10,111.0,7.494057690554437,7.505282287041101,,,,2.0,1.0,28.603390233841896,0.5297310988395585,25.7013238890629,1.3172340886803882,0.2019655452603148,7.0,47
10,112.0,7.544667809852253,7.631739827960922,,,,2.0,1.0,35.667532369866024,0.4911148236045681,29.66228367180729,1.422352093898748,0.2065400550190728,6.0,47
10,113.0,8.012933968669284,8.128409893934633,,,,2.0,1.0,29.985723186557557,0.74648363594867,25.588761993291563,1.784844921770878,0.2512950697423838,5.0,47
10,114.0,8.564919421780743,8.603773108484447,,,,2.0,1.0,29.181116416073102,0.6913764427280179,32.548249415862514,1.65250844213496,0.3096832817091252,4.0,47
10,115.0,8.618005518158741,8.455100442026676,,,,2.0,0.0,95.36093587526923,0.532559832760333,32.734319484369735,1.8510324461832397,0.3156198600206207,3.0,47
10,116.0,9.579620101236838,9.565669797963825,,,,2.0,1.0,23.01415726435945,0.6252236707769255,34.013421522173225,2.449284765142872,0.4329140067659986,2.0,47
10,117.0,9.88991384141658,9.780857770125449,,,,2.0,0.0,108.68369783902874,0.5294989895756221,47.24990074573493,2.226479840104729,0.4747091274214376,1.0,47
10,118.0,10.20080409308026,10.191119770362336,catastrophic_failure_replacement,431.832013182925,,2.0,1.0,36.637276570089405,0.5684782672576539,0.0,0.2924340282662367,0.0,0.0,47
10,118.0,0.0,0.0,catastrophic_failure_replacement,431.832013182925,,2.0,1.0,36.637276570089405,0.5684782672576539,0.0,0.2924340282662367,0.0,98.0,48
10,119.0,0.2011651108757633,0.3455928068646847,,,,2.0,0.0,105.71935892151768,0.5069948142714005,6.837537641398527,0.0670097884630266,0.0,97.0,48
10,120.0,0.2773883301465749,0.4199143777423907,,,,2.0,1.0,31.725251503718404,0.6945176910175197,0.0,0.1043216252439649,0.0,96.0,48
10,121.0,0.2773883819290323,0.3108900661716319,,,,2.0,1.0,26.694293448645595,0.7299876837723618,0.0,0.0754457012031657,0.0,95.0,48
10,122.0,0.3037355434155458,0.1363842573882611,,,,2.0,1.0,27.66989987115348,0.5135841932494339,0.0,0.0783892042621263,0.0,94.0,48
10,123.0,0.3097904369704909,0.4465512457857569,,,,2.0,1.0,32.040136711911124,0.6073428258358163,0.0,0.0399913525380177,0.0,93.0,48
10,124.0,0.3124637032016746,0.4189402626589802,,,,2.0,0.0,94.14794738881965,0.6441815200233532,2.7700155775709185,0.1107697894193767,0.0,92.0,48
10,125.0,0.3255483581225153,0.1497311583123388,,,,2.0,1.0,25.270611342856768,0.6691561005701209,2.6048017067621103,0.1827122095579801,0.0,91.0,48
10,126.0,0.336463733451608,0.2624666731354678,,,,2.0,1.0,32.06290731696972,0.587332170135266,0.2836672969345605,0.0640042433815403,0.0,90.0,48
10,127.0,0.4502623871595704,0.4633275469212083,,,,2.0,1.0,27.943988122406758,0.5663496886610774,0.0,0.0,0.0,89.0,48
10,128.0,0.4508455469937927,0.6195530368462399,,,,2.0,1.0,30.70804893053532,0.5210794483930783,0.0,0.0,0.0,88.0,48
10,129.0,0.454259520287056,0.3555436822115935,,,,2.0,0.0,98.45636588652756,0.599659345348678,0.0,0.1259329374464413,0.0,87.0,48
10,130.0,0.4659129622140512,0.4820299141015992,,,,2.0,0.0,99.10564008305118,0.5168236514913065,0.0,0.0,0.0,86.0,48
10,131.0,0.6679420516647859,0.6744718147497796,,,,2.0,1.0,38.65980032454237,0.5748879919930768,2.463071713840725,0.0,0.0,85.0,48
10,132.0,0.6866177149310259,0.6884683582461173,,,,2.0,1.0,25.92708278618366,0.5100169971498302,7.110451059084406,0.1209387733583802,0.0,84.0,48
10,133.0,0.8180914595834693,0.8788676932986039,,,,2.0,1.0,38.91531125267176,0.6388634569191164,0.0720908710263761,0.0,0.0,83.0,48
10,134.0,0.8238572024788047,0.8092288076216555,,,,2.0,0.0,99.78885937907556,0.57425382914817,3.971316173293969,0.1110677768627463,0.0,82.0,48
10,135.0,1.0628835968010448,0.9396633314045766,,,,2.0,1.0,30.678560035940613,0.4390778541056879,0.2547079047788994,0.0,0.0,81.0,48
10,136.0,1.0628835968020112,1.0968240620056997,,,,2.0,1.0,29.8878967296298,0.3959103672000522,0.515006518494415,0.0209183662938345,0.0,80.0,48
10,137.0,1.0629483239797215,0.9676024367596344,,,,2.0,1.0,29.19629701792081,0.5301688247042521,1.005334452263419,0.0017762749813159,0.0,79.0,48
10,138.0,1.4366221089190216,1.4546033684275514,,,,2.0,1.0,31.047457156581327,0.6026620419102553,0.0,0.1648155374251003,0.0,78.0,48
10,139.0,1.4477662989701598,1.481555570573815,,,,2.0,1.0,24.19790673041844,0.598204444654757,4.198450191883847,0.0762304308005871,0.0,77.0,48
10,140.0,1.5696934368112694,1.7450892414631094,,,,2.0,1.0,36.45956347142901,0.4455503628179836,4.091887671317528,0.0,0.0,76.0,48
10,141.0,1.841456068044085,1.5869976101323455,,,,2.0,1.0,31.612366615212657,0.5047080504951098,4.372686546173634,0.0035498611369503,0.0,75.0,48
10,142.0,1.84220945859822,1.7676915512267173,,,,2.0,1.0,28.462963209239145,0.6759431124930988,0.0,0.2247053568696027,0.0,74.0,48
10,143.0,2.032007898779713,2.0199695789719843,,,,2.0,1.0,29.26687670925471,0.5230355679296893,5.178331290354395,0.0474285180603055,0.0,73.0,48
10,144.0,2.035657285337717,2.040613218120402,,,,2.0,1.0,30.40500469033891,0.3646912163506976,3.5959906765615397,0.110421013540127,0.0,72.0,48
10,145.0,2.049009333301705,2.219403113988666,,,,2.0,1.0,29.569009795948052,0.4988732464311485,5.6512598240512935,0.0549981031121341,0.0,71.0,48
10,146.0,2.052878391867391,2.20457367460902,,,,2.0,1.0,35.97701103616027,0.4954303226485482,4.780533710816165,0.3550225651665752,0.0,70.0,48
10,147.0,2.0907257260498984,2.112779534272496,,,,2.0,1.0,36.16932965026864,0.5793272992967579,10.566735797538584,0.0,0.0,69.0,48
10,148.0,2.1458103427428123,2.229552208807869,,,,2.0,1.0,37.39015978254648,0.5649482715217279,0.9142563054464472,0.3326445841495724,0.0,68.0,48
10,149.0,2.21569592731608,2.621891588828292,,,,2.0,1.0,21.89982138704422,0.628949838138877,6.373484561472594,0.2714110427554069,0.0,67.0,48
10,150.0,2.215715137059063,2.0948800186791394,,,,2.0,1.0,24.7879800529132,0.5037582161800569,4.811437526552387,0.0763685312622116,0.0,66.0,48
10,151.0,2.338654205650894,2.3716138106558176,,,,2.0,1.0,33.18075422797873,0.5228134732631782,1.461034236321027,0.0,0.0,65.0,48
10,152.0,2.50560446677961,2.48674348231859,,,,2.0,1.0,23.5801153368134,0.8275722224785697,9.270024828585887,0.0129335996947872,0.0,64.0,48
10,153.0,2.524441008453949,2.6003996080088303,,,,2.0,1.0,28.27363932979427,0.4676254270091836,5.458176562793338,0.1438375655371773,0.0,63.0,48
10,154.0,2.5244437089268903,2.8038101176279584,,,,2.0,0.0,102.27244645456638,0.55901145577049,7.601060916176593,0.0228587840688625,0.0,62.0,48
10,155.0,2.5290943728789927,2.452536116288177,,,,2.0,1.0,27.99560368442191,0.5459865967861529,8.310726070647366,0.2402651254456898,0.0,61.0,48
10,156.0,2.532777393668316,2.769051821365329,,,,2.0,1.0,27.072907605929935,0.6743233707435152,5.607988298864694,0.3037798224247601,0.0,60.0,48
10,157.0,2.5865394355635254,2.743151782451052,,,,2.0,1.0,29.144277284041568,0.6095031606743532,3.415212364971836,0.2803059244968939,0.0,59.0,48
10,158.0,3.0176363049035797,2.8742113934344724,,,,2.0,1.0,33.38674703902295,0.3668791266475557,1.0301705694835928,0.2348740662615555,3.110392506520177e-06,58.0,48
10,159.0,3.0209727282472207,3.032645965071329,,,,2.0,1.0,32.19979340538099,0.5572092145900467,10.152054802512652,0.2071471482014725,4.398553301317847e-06,57.0,48
10,160.0,3.0212402934327938,3.008725056008892,,,,2.0,1.0,31.12124443885036,0.5567885047916897,7.742621586984186,0.3217024372298787,4.51150065111182e-06,56.0,48
10,161.0,3.033020137232276,3.1171566965043658,,,,2.0,1.0,23.69705927352936,0.3722657580683281,4.890002348819813,0.0,1.0903294628383275e-05,55.0,48
10,162.0,3.150850531832017,3.267922956480035,,,,2.0,1.0,30.90118587057392,0.5321681811405685,12.20953240161621,0.4002389522600492,0.00022755882954,54.0,48
10,163.0,3.251544039917924,3.0590446051999254,,,,2.0,1.0,35.82863028630249,0.7369990118852868,7.770676952682123,0.2331839355911279,0.0006327440401822,53.0,48
10,164.0,3.253550385879292,3.3895696012987857,,,,2.0,1.0,37.52588905865132,0.6181854135388437,12.478127283868892,0.4141003351969708,0.0006428779817953,52.0,48
10,165.0,3.256218404336498,3.24097976789636,,,,2.0,0.0,100.20330167762567,0.5581240760376144,10.890425565762172,0.1612795950646191,0.0006564787072074,51.0,48
10,166.0,3.38806491693496,3.431174963763157,,,,2.0,0.0,95.03027859698598,0.5744949461775358,5.5580930842975,0.3932807348299109,0.0015059437975573,50.0,48
10,167.0,3.398186066617498,3.4363943963590446,,,,2.0,1.0,27.267784582558452,0.4751330285283222,8.142956635734883,0.0900182179259731,0.0015855214364831,49.0,48
10,168.0,3.4861209168473426,3.3231355337205484,,,,2.0,1.0,35.78414906592956,0.5728803658322207,2.074741641343193,0.5650771346216104,0.002363135457965,48.0,48
10,169.0,3.5449337532797607,3.692559675895279,,,,2.0,0.0,94.66589552162112,0.6201927587621803,7.831786493920381,0.2605271613388194,0.0029695279546356,47.0,48
10,170.0,3.547908005666945,3.3970474499508216,,,,2.0,1.0,29.9095997176588,0.4601840792964011,12.647789821046764,0.3945016989417343,0.0030020318267392,46.0,48
10,171.0,3.5904847240008277,3.607813716979384,,,,2.0,1.0,26.036483006578106,0.6341749994750925,16.647527886045683,0.5000682774470118,0.0034867220927833,45.0,48
10,172.0,3.6145774264891375,3.732252059019128,,,,2.0,0.0,89.3131282976469,0.6070751798755775,7.460573773221789,0.1346242049935074,0.0037770541315001,44.0,48
10,173.0,3.7256399648496106,3.5631009961109155,,,,2.0,1.0,41.61767010470382,0.5405382129422028,12.461432433858691,0.4928641421131362,0.0052655335858694,43.0,48
10,174.0,3.7946226789815416,3.78644033881511,,,,2.0,0.0,97.85353995407232,0.5170421067305625,11.895185501859451,0.1579631399826334,0.006314252019518,42.0,48
10,175.0,3.8136404698350472,3.9600735705919305,,,,2.0,1.0,30.65792699125836,0.6082339292759515,10.58410684104625,0.4174814694735959,0.0066201081415339,41.0,48
10,176.0,3.838795081702077,3.818043916597025,,,,2.0,0.0,105.05956501910508,0.6637836909481484,10.168327152254497,0.0430230295966002,0.0070357718908759,40.0,48
10,177.0,3.847522709587596,3.699013709721768,,,,2.0,1.0,39.44037156230603,0.3297877529729535,5.529161787874713,0.4277943220305948,0.007182947432667,39.0,48
10,178.0,3.8481040463515903,3.6841482709428366,,,,2.0,1.0,35.141907232220426,0.5681887458448492,8.731718328570688,0.0638785967474606,0.0071928047343794,38.0,48
10,179.0,3.928368782828519,4.029677555813786,,,,2.0,0.0,118.58124808011516,0.6577976864510573,12.88382555662874,0.3328627079628958,0.008618685969305,37.0,48
10,180.0,3.9527134929692234,3.7819951817571456,,,,2.0,1.0,40.02045790555432,0.825694804428522,10.103526656127553,0.3567398213618808,0.0090766299968561,36.0,48
10,181.0,3.961580847809343,3.91716877629808,,,,2.0,0.0,102.88883560471028,0.3486561161687174,7.173306325410829,0.4417661680023023,0.0092463772687373,35.0,48
10,182.0,4.072295541407908,4.062146172229502,,,,2.0,1.0,30.68731013592347,0.7179683197913314,10.08216290699966,0.4429603786464771,0.0114981772812327,34.0,48
10,183.0,4.234481606043083,4.143909110901156,,,,2.0,1.0,45.8477041572802,0.6258993121557127,10.390446882327112,0.5006796717592423,0.015239448356587,33.0,48
10,184.0,4.379426507502975,4.070542767977831,,,,2.0,1.0,26.641920746096243,0.714669405717895,14.221673212844625,0.3621537406704035,0.0190281748960185,32.0,48
10,185.0,4.379660631520968,4.504747028151585,,,,2.0,1.0,29.08613500839462,0.6759866035162367,7.87592170125265,0.3992805170449115,0.0190346345816883,31.0,48
10,186.0,4.391855919597978,4.37432128201278,,,,2.0,1.0,34.080748929405736,0.3475681465956216,12.335607816028922,0.6836959853417375,0.0193726290091993,30.0,48
10,187.0,4.516401303230155,4.395395967920883,,,,2.0,1.0,21.60344027729312,0.4215615057442703,13.520750334524516,0.4612367464356152,0.0229947291243811,29.0,48
10,188.0,4.7818198669256535,5.062919138169632,,,,2.0,1.0,30.220945988002203,0.5947859772129029,10.873115783742747,0.4306468129143497,0.0317488203817095,28.0,48
10,189.0,4.811781610909235,4.593868402982348,,,,2.0,1.0,26.075878951282107,0.4573395786283318,13.258678220537588,0.5304683036681928,0.0328255260562886,27.0,48
10,190.0,4.941387476653952,4.94522482449235,,,,2.0,1.0,30.079601389893355,0.501920218216678,10.136448453414832,0.5504018576005654,0.0376898533450879,26.0,48
10,191.0,4.942387757387016,5.17886709245844,,,,2.0,0.0,112.86229315267052,0.5155129777007235,13.83289035755183,0.9167082142051404,0.0377287020004696,25.0,48
10,192.0,5.004645240022726,4.938347068594234,,,,2.0,1.0,24.9772035717761,0.4747053973455294,13.753914400063511,0.3738798546677063,0.0401860253834577,24.0,48
10,193.0,5.004919830074744,5.280167434223733,,,,2.0,1.0,30.003287239908715,0.6004722190749197,15.932373603435066,0.5617108284106885,0.0401970352502694,23.0,48
10,194.0,5.0049203853911095,5.072648937199164,,,,2.0,0.0,110.63582804143454,0.7316175240931363,10.997960497897235,0.7315404262789277,0.0401970575175683,22.0,48
10,195.0,5.157855818017865,5.063134685010862,,,,2.0,0.0,110.05159292086248,0.7453597495522588,14.175024786927684,0.7086530040666321,0.0465634173135354,21.0,48
10,196.0,5.158472400644264,5.1511091602490735,,,,2.0,1.0,25.97344401829431,0.6581308151169877,10.984118301247785,0.6605587624486703,0.0465900310434301,20.0,48
10,197.0,5.158741126921869,4.9146540688068105,,,,2.0,0.0,87.81307300244005,0.3413932370238146,11.858507911255805,0.4441699219202399,0.0466016325306389,19.0,48
10,198.0,5.184491969994792,5.327309543417513,,,,2.0,1.0,38.90786847683945,0.598446298809832,17.31338475332785,0.7516757987818619,0.0477200516697172,18.0,48
10,199.0,5.2460552904461935,5.331931956601753,,,,2.0,1.0,22.430107434940787,0.501948259426257,14.03618661555746,0.62451675446872,0.0504476436774133,17.0,48
10,200.0,6.223085041270019,6.363967269558612,,,,2.0,0.0,93.47383982158208,0.6309612706085245,24.04649383574749,1.1831262367102005,0.1038827718325856,16.0,48
10,201.0,6.938825801825399,7.077879024726761,,,,2.0,0.0,99.96096129602732,0.516687030255478,18.46084125510193,1.1340644322493214,0.155143486971255,15.0,48
10,202.0,6.989381724992786,7.068246956333828,,,,2.0,1.0,30.67540129929525,0.4661660601818639,24.0063433646114,1.2763341074152112,0.1591516654770641,14.0,48
10,203.0,7.396255921721317,7.544623161132653,,,,2.0,1.0,27.964536536275745,0.7075500737112325,28.06899351071273,1.507453078765972,0.1932706612926975,13.0,48
10,204.0,7.40809716419259,7.3140448413004115,,,,2.0,1.0,29.880505481895423,0.4826987387339477,24.37008722526874,1.3662724324049789,0.1943132060896275,12.0,48
10,205.0,7.539802208544772,7.568080048748819,,,,2.0,0.0,96.83388957438196,0.4591374624036143,22.652995487827106,1.568599020095029,0.2060980409270798,11.0,48
10,206.0,7.756043887922265,7.912752487833901,,,,2.0,1.0,34.7993101438034,0.6069570777086019,28.4287303683079,1.583187814758559,0.2261995346384273,10.0,48
10,207.0,7.763078842065861,7.92843089350953,,,,2.0,1.0,30.747312240019557,0.6429663465615559,26.92194013169509,1.4279801938986747,0.2268692005573545,9.0,48
10,208.0,8.261936989098292,8.725969224127454,,,,2.0,0.0,95.001867684414,0.6050642818506529,29.860517642524847,2.0224690979392563,0.276879808772408,8.0,48
10,209.0,8.46488882521184,8.106826521614327,,,,2.0,0.0,92.11472263784655,0.5833725244471369,31.852271293765448,1.559610985808123,0.2986500987192524,7.0,48
10,210.0,8.637035785941467,8.439820113331379,,,,2.0,1.0,37.20141894054861,0.6563520334897499,31.167181903981664,1.844232460264085,0.3177617245198473,6.0,48
10,211.0,8.877795008144338,8.73180435023099,,,,2.0,1.0,32.83321850979735,0.4930455153805964,37.84305818629961,1.9103260968714653,0.3454847415776649,5.0,48
10,212.0,9.04955248810525,9.109051968404026,,,,2.0,0.0,98.0771842444756,0.5032509944212977,37.5858823065882,2.0919146013386496,0.3659708530634042,4.0,48
10,213.0,9.346140072207634,9.391914083442929,,,,2.0,0.0,93.6867725854258,0.3304587527036031,41.02239694791725,2.1623758253447627,0.402734938160795,3.0,48
10,214.0,9.57953370778334,9.827754739310906,,,,2.0,1.0,30.2575093688107,0.4807783926670353,36.4995173328458,2.43494608763464,0.4329026381185719,2.0,48
10,215.0,9.70213920503856,9.71953885406559,,,,2.0,0.0,95.44879182246116,0.6714821747263903,41.58090280487671,2.452868486157764,0.449186699237149,1.0,48
10,216.0,10.44554204305292,10.408372779601738,catastrophic_failure_replacement,1174.3923957011189,,2.0,1.0,34.30374766436391,0.6612730624727592,6.389264582296811,0.0,0.0,0.0,48
10,216.0,0.0,0.0,catastrophic_failure_replacement,1174.3923957011189,,2.0,1.0,34.30374766436391,0.6612730624727592,6.389264582296811,0.0,0.0,95.0,49
10,217.0,6.211113870690963e-06,0.0,,,,2.0,0.0,91.97488606326073,0.5605796310479306,1.582093874436687,0.0,0.0,94.0,49
10,218.0,0.0138671870339608,0.172418231732745,,,,2.0,0.0,87.68085947666503,0.4755039286816211,0.0,0.0,0.0,93.0,49
10,219.0,0.0526678967235576,0.119115145448193,,,,2.0,1.0,28.337736102635308,0.6370589365925384,0.3322109170342479,0.1516578436173205,0.0,92.0,49
10,220.0,0.0567232752493509,0.1107618820224585,,,,2.0,1.0,33.71201616968446,0.6030882025542929,0.0,0.0,0.0,91.0,49
10,221.0,0.1048692718111043,0.1665010429268159,,,,2.0,1.0,31.139133130416408,0.5347854580525545,2.5721322628195757,0.0,0.0,90.0,49
10,222.0,0.2039377190634468,0.1535508765591204,,,,2.0,1.0,33.51877034051503,0.5011701906674285,0.0,0.0273544217996698,0.0,89.0,49
10,223.0,0.2233081663751269,0.249416286074814,,,,2.0,1.0,33.06407245393949,0.7354512774396875,4.316424425146903,0.0,0.0,88.0,49
10,224.0,0.2233145836242213,0.2979705476416188,,,,2.0,0.0,101.40486830555804,0.4270320362829057,0.0,0.1286018089593,0.0,87.0,49
10,225.0,0.4090281353286535,0.5437094020388916,,,,2.0,0.0,102.4232041687884,0.4511754058361913,0.0,0.0,0.0,86.0,49
10,226.0,0.4840038071660097,0.4476290633073209,,,,2.0,1.0,37.1779659424948,0.6451024034093218,0.0,0.017163902721344,0.0,85.0,49
10,227.0,0.4840833610642185,0.7915930865614822,,,,2.0,1.0,28.384621889733307,0.3864114986032495,6.996453385606689,0.0,0.0,84.0,49
10,228.0,0.485037677364572,0.5744298587807876,,,,2.0,0.0,101.39521852790632,0.6101562015065858,0.0,0.0,0.0,83.0,49
10,229.0,0.5025696884886678,0.3962717704393919,,,,2.0,1.0,31.40610010557806,0.616402690341978,1.4628714591176406,0.0,0.0,82.0,49
10,230.0,0.6240682985446769,0.7022024843445879,,,,2.0,1.0,24.47088554102776,0.4714416704396876,0.5851494126677994,0.0,0.0,81.0,49
10,231.0,0.6240683367362758,0.5831092162261615,,,,2.0,0.0,101.86009016223588,0.5873363667177978,1.940799096287424,0.110770547234848,0.0,80.0,49
10,232.0,0.6496958519000897,0.4459648629461397,,,,2.0,0.0,96.44884087521636,0.5512574173263578,0.0,0.0915592987777589,0.0,79.0,49
10,233.0,0.6723568991648516,0.6091309142338767,,,,2.0,1.0,24.94763415952756,0.5571616595461905,0.0,0.252308022600124,0.0,78.0,49
10,234.0,0.6808581720397331,0.6389775020567358,,,,2.0,1.0,28.891795792873445,0.6841013328859705,0.0,0.0437959182739838,0.0,77.0,49
10,235.0,0.885016160217248,0.950326975885184,,,,2.0,1.0,26.47983910999996,0.5525603097090668,0.0,0.0,0.0,76.0,49
10,236.0,0.8857312668204744,0.851282631294891,,,,2.0,1.0,27.31714133069444,0.599513670407545,0.0,0.1099893313853088,0.0,75.0,49
10,237.0,0.8885676814007367,0.8045144557876854,,,,2.0,1.0,26.65615723136395,0.6130280635977533,4.458426364233947,0.1752302550411715,0.0,74.0,49
10,238.0,0.8908090549405877,0.5920214693102944,,,,2.0,1.0,25.56039029045092,0.6508959022439503,0.0,0.0,0.0,73.0,49
10,239.0,0.896419603106261,1.1518680240730554,,,,2.0,0.0,96.65036437396476,0.6369849203285173,6.893390181015976,0.0,0.0,72.0,49
10,240.0,0.9435969942823969,1.1871334385485353,,,,2.0,1.0,30.302291159134068,0.5531671032238551,1.63080825588175,0.0752468025895045,0.0,71.0,49
10,241.0,1.2130363532644723,1.267261741854814,,,,2.0,1.0,27.1854647492312,0.5982502643199886,3.203476994732336,0.0,0.0,70.0,49
10,242.0,1.213036393948364,0.9658761817743626,,,,2.0,1.0,36.05298927569685,0.6341995325880415,6.934740760466368,0.0,0.0,69.0,49
10,243.0,1.262757156638124,1.2433270210755565,,,,2.0,0.0,92.12573817045636,0.7834173498668708,0.0,0.0,0.0,68.0,49
10,244.0,1.7224867381756184,1.794083957751749,,,,2.0,1.0,35.52084706363956,0.6759582228497858,1.8382547955686817,0.2348393768333171,0.0,67.0,49
10,245.0,1.7224888976519803,1.7153194269825704,,,,2.0,0.0,96.91155430179192,0.2598816606197426,2.2616054101291105,0.0213788139395573,0.0,66.0,49
10,246.0,1.7466021902182518,1.6190983509321992,,,,2.0,1.0,25.26534733944189,0.473566107726842,5.088445569944643,0.1412535198402347,0.0,65.0,49
10,247.0,2.02208562543182,1.968367958016186,,,,2.0,1.0,36.57483995778482,0.6261703781633557,6.569474575311627,0.0,0.0,64.0,49
10,248.0,2.0404292266118302,1.8706979558491796,,,,2.0,0.0,104.74900893250826,0.5545549936133138,1.377849044759925,0.0,0.0,63.0,49
10,249.0,2.1851434205253013,2.150615251569716,,,,2.0,0.0,98.69574732497476,0.5169133209467895,4.40673675448794,0.0550516118120586,0.0,62.0,49
10,250.0,2.1851667715701213,2.2581359978363493,,,,2.0,0.0,109.18588602067892,0.4949019136230234,6.021622513686672,0.0939489418475007,0.0,61.0,49
10,251.0,2.210198388257305,2.28021839701158,,,,2.0,1.0,26.58858340633117,0.6801208155092914,3.850648056521912,0.1606803785713072,0.0,60.0,49
10,252.0,2.857062179421326,2.815621210010405,,,,2.0,1.0,31.22635023255329,0.5395776394215491,12.41235696675323,0.0,0.0,59.0,49
10,253.0,2.857705489087424,2.828854696375327,,,,2.0,1.0,19.30640547501161,0.3939283871041732,10.88700901050086,0.3634300925747961,0.0,58.0,49
10,254.0,2.8839992923714823,3.112598037444167,,,,2.0,1.0,30.09676835428061,0.6752880190112683,9.038521494790324,0.3010112970240564,0.0,57.0,49
10,255.0,2.899906624877093,2.7452271521807146,,,,2.0,1.0,25.77444818647284,0.627332661832058,3.530422505598152,0.2721766220745823,0.0,56.0,49
10,256.0,3.008843490661409,2.935377383020818,,,,2.0,0.0,100.2376335202289,0.5376206010498201,3.587827935287072,0.0250662955608263,7.820732707843395e-07,55.0,49
10,257.0,3.081051857313316,2.923224968483803,,,,2.0,1.0,27.60146799702244,0.6659077840170894,7.612563706648287,0.1830810056732896,6.569403573938171e-05,54.0,49
10,258.0,3.1275597578516665,2.9361827655524912,,,,2.0,1.0,33.411988270703304,0.6272533115175193,9.607233329854976,0.3464155341452135,0.0001627149182317,53.0,49
10,259.0,3.128082548776342,2.8486692864032674,,,,2.0,1.0,43.80785582362968,0.5172311688442047,2.42763175765681,0.1715320806109934,0.0001640513930104,52.0,49
10,260.0,3.13227292641182,3.369975448158436,,,,2.0,1.0,33.27080044015588,0.4050188629423951,4.500887563404885,0.1601927767777645,0.0001749612706154,51.0,49
10,261.0,3.177305192941076,3.148287574123567,,,,2.0,0.0,97.29510968005596,0.5536534891126079,5.259241591698958,0.073229233327253,0.0003143713144387,50.0,49
10,262.0,3.2326760686483254,3.1132752248651365,,,,2.0,0.0,101.10907953953595,0.5974894155578427,11.260410399236829,0.0449209672614268,0.0005413815292164,49.0,49
10,263.0,3.6169106027064393,3.7342230901402176,,,,2.0,1.0,29.79579433125903,0.4524681716930523,6.401851373367369,0.1809540415525449,0.0038057869173162,48.0,49
10,264.0,3.62726269236225,3.606074811360259,,,,2.0,0.0,100.27394758748356,0.6814030477302587,10.574055637840525,0.4438800828748459,0.0039345848522953,47.0,49
10,265.0,3.6681642857964314,3.6138580246433847,,,,2.0,0.0,103.97978684952074,0.5948193650136743,6.934209062107588,0.3595594807063606,0.0044644351281385,46.0,49
10,266.0,3.6827468701800266,3.902161235727887,,,,2.0,1.0,33.56757119465292,0.6467692038971284,9.496656904750491,0.0,0.0046614328874062,45.0,49
10,267.0,3.699201179255851,3.748404296677413,,,,2.0,1.0,30.894668140040324,0.3755088471026848,12.13880728719878,0.2621633160798504,0.0048888228907277,44.0,49
10,268.0,3.701931720133871,3.5609318363428297,,,,2.0,1.0,36.73929941276465,0.4431622522172939,10.311431044549956,0.1290837819814334,0.0049270813973009,43.0,49
10,269.0,3.769746188475741,3.852090107677847,,,,2.0,0.0,103.92751658909609,0.5254050539546079,10.314833376603348,0.3223709514418325,0.0059250919467293,42.0,49
10,270.0,3.774323212121664,3.700223561622841,,,,2.0,1.0,31.24328097442556,0.6529066156027915,9.944731762629765,0.1542664641879013,0.0059957643683041,41.0,49
10,271.0,4.030122244928962,3.969816928382664,,,,2.0,1.0,32.18425929339521,0.5593382955502516,6.126195770070364,0.0393747903835451,0.0106115183949748,40.0,49
10,272.0,4.035477569761066,3.97557611183779,,,,2.0,0.0,94.99012117344296,0.6373972980484793,10.469351143891098,0.4402192854355718,0.0107221379747828,39.0,49
10,273.0,4.044286296833421,3.999779261741558,,,,2.0,1.0,36.198401453185234,0.481072464549883,7.685043710284432,0.491486518371951,0.0109053386975406,38.0,49
10,274.0,4.168571130409103,4.1640879241536,,,,2.0,0.0,96.70129386504944,0.5672651143882514,8.080808708633679,0.3673468395772231,0.013655584868256,37.0,49
10,275.0,4.242875758185196,4.404869240722885,,,,2.0,0.0,100.05282772614916,0.600979617867337,13.978829224166128,0.5381172065310073,0.0154474015028442,36.0,49
10,276.0,4.243315044317548,4.217102331230685,,,,2.0,0.0,112.90589405591142,0.6047568439281151,11.389654891494004,0.4782117329589127,0.0154583229942634,35.0,49
10,277.0,4.266239963855333,4.280669826458211,,,,2.0,0.0,98.74885706707128,0.4135473407604862,10.115993857938376,0.6465093481425349,0.0160336364606435,34.0,49
10,278.0,4.269733962040836,4.149572225181839,,,,2.0,1.0,28.266462341160533,0.4862080485219012,13.173926935926396,0.5128666300017523,0.0161222433435991,33.0,49
10,279.0,4.545341210499228,4.193412376117842,,,,2.0,1.0,34.70575704670983,0.636968107826503,9.643868616067197,0.3486595413589697,0.0238807945686721,32.0,49
10,280.0,5.030525863575675,4.802365711550206,,,,2.0,0.0,94.66433710893403,0.579143333768549,11.449053865348894,0.7948526340717644,0.0412303528264973,31.0,49
10,281.0,5.171012486500826,5.004460788503908,,,,2.0,0.0,95.51987015452087,0.707650762159646,12.99942273757193,0.5898615258865978,0.0471329521654249,30.0,49
10,282.0,5.263400131817015,5.453556476400567,,,,2.0,1.0,28.59694488952437,0.5692916667478729,16.76147460212815,0.7537233096298438,0.0512298015670928,29.0,49
10,283.0,5.280934104822593,5.232309685541795,,,,2.0,0.0,105.66996482872152,0.3835821477994464,8.552207816661372,0.6445872403718759,0.0520266039054284,28.0,49
10,284.0,5.305885723546567,5.491440850701019,,,,2.0,1.0,24.985308677645637,0.7523475755269308,16.848813968021318,0.5787270060212442,0.0531710897005587,27.0,49
10,285.0,5.3210766647365455,5.117177611554391,,,,2.0,1.0,21.099831125050777,0.758402802228659,13.46617306205153,1.076612621907176,0.0538739688358452,26.0,49
10,286.0,5.368946523753449,5.4944300204704986,,,,2.0,1.0,22.35697318811843,0.5005083544390492,10.495614496064736,0.5021604231184597,0.0561190763240354,25.0,49
10,287.0,5.374352700612026,5.051539776617426,,,,2.0,1.0,31.62092709196026,0.6480439502229048,14.59008734729209,0.98554047332411,0.0563755074690362,24.0,49
10,288.0,5.441551669644119,5.229830815647846,,,,2.0,0.0,109.33377307879668,0.6561005468816364,13.347084051737394,0.7460202670371849,0.0596117455554198,23.0,49
10,289.0,5.84973714360684,5.8847568121483,,,,2.0,1.0,37.64368069217862,0.4492346187311602,22.71757277373312,0.7004211367314108,0.0812100178765247,22.0,49
10,290.0,5.863700486277099,5.838090129609078,,,,2.0,1.0,32.04569458835519,0.5581160940207563,19.408226316274877,0.8979848695760447,0.0820078047510369,21.0,49
10,291.0,5.931583118649273,5.630285073547424,,,,2.0,0.0,101.25978188534624,0.5973456017025222,16.249818069852576,1.0800025173134356,0.0859417958154939,20.0,49
10,292.0,6.046684150966642,6.0796352014828665,,,,2.0,1.0,31.194383764127096,0.5631053900003588,21.855647483718336,1.0064668300725013,0.0928228431575132,19.0,49
10,293.0,6.141197883275576,5.94972053961801,,,,2.0,1.0,29.62921080029512,0.4726124193640317,22.07603552953723,0.7347998543652929,0.0986712414189496,18.0,49
10,294.0,6.217668559467308,6.325335180767565,,,,2.0,1.0,26.034217600021723,0.3647077798418018,19.05526284070291,0.9504360496562256,0.1035339095858441,17.0,49
10,295.0,6.297264149076407,6.300992576246662,,,,2.0,1.0,32.313815199832284,0.6423604652281144,17.977471606747443,1.015805874993975,0.1087195086878456,16.0,49
10,296.0,6.332794787447392,6.42427776821395,,,,2.0,1.0,24.44175453921689,0.3827644677586068,26.41258982295242,0.7875773481550647,0.111075210952365,15.0,49
10,297.0,6.334349283406178,6.184206451360804,,,,2.0,0.0,103.74893386711302,0.596448428838336,20.952532384736344,0.8407545895132695,0.1111788514375129,14.0,49
10,298.0,6.429508911657829,6.653840432876265,,,,2.0,1.0,32.522686339920206,0.5590824833848347,13.719771217588574,1.075576586564399,0.1176153137514046,13.0,49
10,299.0,6.440003297091135,6.660524326947281,,,,2.0,1.0,31.33357162100031,0.649086550304635,17.275937865547437,0.9448212679856492,0.1183362268399787,12.0,49
10,300.0,6.569241752708148,6.354197990983592,,,,2.0,0.0,95.72038660036426,0.6806929948910473,27.936470035332185,1.2107902169202367,0.1273948668927513,11.0,49
10,301.0,6.8576981050010914,6.726379001453595,,,,2.0,1.0,33.04966977947784,0.4197656622946402,31.00933793034172,1.265990631550472,0.14881834669329,10.0,49
10,302.0,7.412126080160706,7.413562687887416,,,,2.0,1.0,26.09933308558307,0.5653209264460453,26.775175700317423,1.2513852337026692,0.1946685654723427,9.0,49
10,303.0,7.741304456640074,7.758165433617832,,,,2.0,1.0,28.480495249667364,0.5898604691528571,26.417087621785345,1.4060635865815954,0.2247996795055502,8.0,49
10,304.0,7.757752989447617,8.060693703090347,,,,2.0,0.0,92.65959753609776,0.5228932338700583,23.26612889308724,1.3246463748582264,0.2263621350859773,7.0,49
10,305.0,7.926697387669239,7.887010688339048,,,,2.0,1.0,27.131501155941592,0.6136894445768639,30.186754841712,1.5017780868593746,0.242723471496669,6.0,49
10,306.0,7.987642343378087,7.9598481094150095,,,,2.0,0.0,101.36073858358232,0.4864684990026707,29.303741066171728,1.7565664549174962,0.2487657614545806,5.0,49
10,307.0,8.275435496829198,8.024510246958947,,,,2.0,1.0,35.82622124374468,0.5619185937093597,34.17270228639474,1.2292312822343754,0.2783021968120552,4.0,49
10,308.0,9.232364100026723,9.169522413371766,,,,2.0,1.0,22.13507499790209,0.4718827896134736,34.16547620963928,2.112136701926341,0.3884236227530194,3.0,49
10,309.0,9.557562073879954,9.446521769791431,,,,2.0,1.0,40.63236859335241,0.6138930269099747,28.91351754366859,2.0675827084000247,0.4300162035278877,2.0,49
10,310.0,9.686781574826028,9.449289371871998,,,,2.0,0.0,104.51914538132048,0.6899068086165004,38.726740131022495,2.252209381951664,0.4471304782943286,1.0,49
10,311.0,10.213039461339177,10.105777354495595,catastrophic_failure_replacement,718.5668768141733,,2.0,1.0,25.98191474564994,0.6519993981027047,2.257923873486472,0.0,0.0,0.0,49
10,311.0,0.0,0.0,catastrophic_failure_replacement,718.5668768141733,,2.0,1.0,25.98191474564994,0.6519993981027047,2.257923873486472,0.0,0.0,103.0,50
10,312.0,0.1729351803975362,0.3535774424862047,,,,2.0,1.0,19.084528175178253,0.538898062649336,2.765081183789204,0.0,0.0,102.0,50
10,313.0,0.1733005163409956,0.3552935341807173,,,,2.0,1.0,38.093783944441,0.5371073338563532,0.0,0.0,0.0,101.0,50
10,314.0,0.1884759696227632,0.5026990129034641,,,,2.0,0.0,108.46712605703009,0.546252046390908,0.0,0.0,0.0,100.0,50
10,315.0,0.5850680939430606,0.548334652606689,,,,2.0,0.0,100.99071975029086,0.4764740566772426,0.9533896231850184,0.036040023732344,0.0,99.0,50
10,316.0,0.7044565760040427,0.8125253425850172,,,,2.0,0.0,92.37621146987344,0.5515054134129693,0.0,0.0,0.0,98.0,50
10,317.0,0.8968341810915923,0.9012308359678144,,,,2.0,1.0,27.03445053574807,0.4787026342180029,0.0,0.0472451057616121,0.0,97.0,50
10,318.0,0.8968410739386972,0.9821391457083588,,,,2.0,1.0,32.799988427985525,0.4757076202905947,0.5409844736379037,0.0,0.0,96.0,50
10,319.0,0.9201077729996804,0.7724593212335606,,,,2.0,1.0,32.96378728110551,0.6490121598059102,0.0,0.0,0.0,95.0,50
10,320.0,0.9269182639532184,1.132922805545392,,,,2.0,1.0,31.396722811632355,0.4262948473664747,1.6263449118013955,0.1020024279110028,0.0,94.0,50
10,321.0,0.9269194580769706,1.206447609690461,,,,2.0,0.0,98.6814156225348,0.632446722625146,3.7587166390939935,0.0,0.0,93.0,50
10,322.0,0.9269397491129794,0.934376915217639,,,,2.0,0.0,97.53037362868744,0.3747002761422896,0.3082167204352533,0.0827790605346571,0.0,92.0,50
10,323.0,0.9271711403685742,1.0139320781185828,,,,2.0,1.0,20.441782931323274,0.574979982418849,1.3006676026473731,0.0,0.0,91.0,50
10,324.0,0.9295059879948998,1.1501440306943855,,,,2.0,1.0,27.972281632841185,0.5737193197459298,5.709656103101534,0.1620830637179453,0.0,90.0,50
10,325.0,0.9299021447294612,0.8059648876113785,,,,2.0,1.0,22.53043421138787,0.6376180654037958,2.0385666649866288,0.1456663457131042,0.0,89.0,50
10,326.0,0.9301746226251508,0.8952547751151343,,,,2.0,1.0,37.84330393788437,0.4915249073056458,2.187697369055802,0.0,0.0,88.0,50
10,327.0,0.93246081483059,0.7318597653734795,,,,2.0,0.0,99.22611419226416,0.5723234141729546,3.0824897174848718,0.0,0.0,87.0,50
10,328.0,0.932944778140523,0.6133598911020122,,,,2.0,0.0,115.49771697375178,0.4335917476721537,7.430875761867417,0.114337735979115,0.0,86.0,50
10,329.0,0.938976001230089,1.0768977499330212,,,,2.0,0.0,94.50223603779068,0.6503301932124216,1.911180050167159,0.1053125314187188,0.0,85.0,50
10,330.0,0.9894800044151736,0.8925805195565256,,,,2.0,1.0,26.33301462743828,0.5029217563767471,1.645308157885761,0.0,0.0,84.0,50
10,331.0,1.0055727010351376,1.0652736848332536,,,,2.0,1.0,29.081238226789267,0.3896932319100391,4.234951807910988,0.0,0.0,83.0,50
10,332.0,1.017677792843899,0.9877595251083028,,,,2.0,1.0,39.45808866523529,0.7690840692499386,0.91475171529264,0.0,0.0,82.0,50
10,333.0,1.0758912443493267,1.0313983098351729,,,,2.0,1.0,26.072271913085583,0.40234248964298,0.0138344378920105,0.1115488889262806,0.0,81.0,50
10,334.0,1.0771902390871304,1.2455581093889303,,,,2.0,1.0,29.950005671690494,0.6734203195260497,6.792699195998283,0.0,0.0,80.0,50
10,335.0,1.0931365306021832,0.9101753357255729,,,,2.0,0.0,97.44126692634532,0.4483677941898986,3.0833518595928844,0.0591428482347618,0.0,79.0,50
10,336.0,1.1095975023226088,1.2143884179707518,,,,2.0,1.0,28.00619752649644,0.4527974386655212,4.488491312972243,0.0,0.0,78.0,50
10,337.0,1.130140177971036,1.1392868412187107,,,,2.0,1.0,38.546017486679446,0.5579223367521684,0.7428056673602365,0.0,0.0,77.0,50
10,338.0,1.3676728647428344,1.4697068817731336,,,,2.0,1.0,32.56082149998519,0.4462909203962221,0.3915884447809299,0.0719108034973774,0.0,76.0,50
10,339.0,1.3679426602267932,1.2844859088135308,,,,2.0,0.0,101.50341219044272,0.5324025420405497,3.759700399068346,0.0608498748782575,0.0,75.0,50
10,340.0,1.9508490386913688,1.8708976535243649,,,,2.0,1.0,23.19967837481367,0.5843523203348869,0.0,0.0,0.0,74.0,50
10,341.0,1.9725937845284405,2.192975915846281,,,,2.0,0.0,102.8874157616921,0.4294121445211474,5.895822240948282,0.0436429235662522,0.0,73.0,50
10,342.0,2.1466027831177072,2.4263795636933985,,,,2.0,1.0,30.019549999898995,0.4577165188390277,4.336464585463741,0.0,0.0,72.0,50
10,343.0,2.146789521006616,1.9123356705663144,,,,2.0,0.0,108.52048951582452,0.5250404365971134,6.924765788720179,0.1365020706580271,0.0,71.0,50
10,344.0,2.153123014739598,1.9586694682040613,,,,2.0,1.0,32.28512778686448,0.6651906672282598,5.104877357175791,0.3035546515643322,0.0,70.0,50
10,345.0,2.1715942998422704,2.115040596004868,,,,2.0,1.0,29.01629564928672,0.5013101257018103,7.4754313805080495,0.5860810770064493,0.0,69.0,50
10,346.0,2.532197590832621,2.5521749958322326,,,,2.0,1.0,33.42508686582627,0.5720794995911487,0.0,0.2827408336552257,0.0,68.0,50
10,347.0,2.5944621161751527,2.644280116656397,,,,2.0,1.0,29.349226270565055,0.4818881226988714,6.349583106340532,0.1449856966959956,0.0,67.0,50
10,348.0,2.614501646192663,2.655881933610808,,,,2.0,1.0,27.674958210236152,0.6211291420627595,7.137675235086803,0.1523425994184473,0.0,66.0,50
10,349.0,2.6387753522643416,2.6023304881990943,,,,2.0,1.0,32.029307928399234,0.5553129331161424,2.157355752535333,0.2987668675610752,0.0,65.0,50
10,350.0,2.6411901711701624,2.649457707201812,,,,2.0,1.0,19.542136669817765,0.3922430119784806,5.926416264980094,0.0064632284821847,0.0,64.0,50
10,351.0,2.7515429653797034,2.9141088780312345,,,,2.0,1.0,33.607074086749904,0.5633196457646805,6.719172331997663,0.1541514988128273,0.0,63.0,50
10,352.0,2.7515430087274124,2.889493240454117,,,,2.0,0.0,90.730275620441,0.6343720871633,9.020177536022452,0.0682743596969985,0.0,62.0,50
10,353.0,2.752859727462317,2.8487349321840587,,,,2.0,0.0,94.14655920026118,0.7485180204892872,5.778670679654189,0.3446842154286668,0.0,61.0,50
10,354.0,2.7528711265802994,2.7689327388997054,,,,2.0,1.0,26.353387469431635,0.360651873717589,5.527373093663487,0.0,0.0,60.0,50
10,355.0,2.752879678362583,2.734370299015122,,,,2.0,0.0,98.7802776839408,0.5240454840584527,6.869881318278894,0.2208169292455972,0.0,59.0,50
10,356.0,2.8530068259023067,2.8843597142583834,,,,2.0,1.0,39.63804296689533,0.5448257867821975,7.211788317220516,0.1627225576565006,0.0,58.0,50
10,357.0,2.970117807774408,3.098874736079624,,,,2.0,0.0,100.77108981943756,0.5717555834095407,4.336125357705493,0.0877175448473715,0.0,57.0,50
10,358.0,2.9701228619367,3.0331648353322835,,,,2.0,0.0,115.06059936900364,0.373341105801428,7.530872502134425,0.3910685632501537,0.0,56.0,50
10,359.0,2.980997651715517,3.310740322823784,,,,2.0,1.0,35.90701711211967,0.6124873721826247,7.666371583091962,0.2035131966508669,0.0,55.0,50
10,360.0,2.981571682573069,3.073716194333752,,,,2.0,0.0,90.1526533323862,0.5941984094370157,8.455425412072538,0.362100270118281,0.0,54.0,50
10,361.0,3.0265682419638584,2.9354616018475475,,,,2.0,1.0,27.804855858141348,0.5043212444209447,10.785090451840478,0.0314665781933575,7.058714810501339e-06,53.0,50
10,362.0,3.0279030532187114,3.1509219053555286,,,,2.0,1.0,32.82383106779713,0.5162244503815587,10.755812617290204,0.0622671980104886,7.785803789262372e-06,52.0,50
10,363.0,3.058095860870848,2.8217247430238466,,,,2.0,1.0,30.857555110628805,0.4381341078259571,9.010933975531426,0.2486918614085484,3.375129050324883e-05,51.0,50
10,364.0,3.6045402127190433,3.540260458109555,,,,2.0,0.0,103.60749606523704,0.5639416515578991,11.16253827869794,0.4265737134822506,0.0036546886879438,50.0,50
10,365.0,3.62483861681344,3.8569283513724,,,,2.0,1.0,27.337155699782382,0.6005195617559149,5.866965787744686,0.1683445595438541,0.0039042329706133,49.0,50
10,366.0,3.6248388830676,3.702675010140996,,,,2.0,1.0,31.91799097138,0.6155326116445188,8.434387549358165,0.3578610433190127,0.0039042362979316,48.0,50
10,367.0,3.624904559671117,3.65633684589037,,,,2.0,0.0,96.50420627743448,0.559946037445269,10.878975119708796,0.4846977644373966,0.0039050570869775,47.0,50
10,368.0,3.655499812417148,3.5221521464667047,,,,2.0,0.0,118.31282892210724,0.3300211911196306,12.08642726563238,0.2804624640527913,0.0042968000407891,46.0,50
10,369.0,3.670946077262747,3.5654294995031086,,,,2.0,1.0,30.813431319308595,0.3507515320492566,12.580215323964827,0.1884430679171905,0.0045016863859426,45.0,50
10,370.0,3.6731767848414543,3.639559148987539,,,,2.0,0.0,95.54778207251334,0.4500807566286066,11.508512726480214,0.4365770893667132,0.0045316698364947,44.0,50
10,371.0,3.7984440608228938,3.875279289090504,,,,2.0,1.0,31.50163465246755,0.6177036625704224,11.49383000234007,0.4172832579540523,0.0063751291826335,43.0,50
10,372.0,3.7991115365647152,3.612538409686483,,,,2.0,1.0,25.544184825890813,0.5138019567007008,8.304351745510179,0.4557126800265224,0.0063857924787082,42.0,50
10,373.0,3.853777654492673,3.704035303162819,,,,2.0,1.0,34.13020804567374,0.6299457144023461,11.68101598358975,0.2387888992523208,0.00728936283311,41.0,50
10,374.0,3.873141005085591,3.68148315865444,,,,2.0,1.0,37.42881865457765,0.6267817091200615,10.571073211994465,0.4635269420664251,0.0076237521476187,40.0,50
10,375.0,4.111433677136329,4.206290263445924,,,,2.0,1.0,26.823340989751944,0.5679618985429565,12.992443727859069,0.3319946223577379,0.0123528481867278,39.0,50
10,376.0,4.113129030422237,4.18804892311826,,,,2.0,0.0,86.8429054372161,0.6103406040748307,12.622589958444138,0.4951052945819306,0.0123905623836874,38.0,50
10,377.0,4.715555504014512,4.648926301289244,,,,2.0,1.0,33.74337796108249,0.7091754179302201,13.840724568651176,0.4054950831392249,0.0294313068735448,37.0,50
10,378.0,4.71558026810419,4.524557311725194,,,,2.0,0.0,98.09154885601832,0.5804681584832265,14.883420461309072,0.6837665297122227,0.0294321565630844,36.0,50
10,379.0,4.752429816797868,4.908548414395918,,,,2.0,0.0,94.96696559408862,0.5021804011890509,9.591491982567852,0.6583814209107602,0.030710102628022,35.0,50
10,380.0,4.773639337802225,4.889408281957673,,,,2.0,1.0,28.6525129198348,0.7148749815278418,8.258837896171052,0.4566294402904031,0.0314579650059951,34.0,50
10,381.0,4.77464422051348,4.73364549973919,,,,2.0,1.0,29.754934014369105,0.4615499536081219,5.38613104859369,0.6329261818514841,0.0314936210940189,33.0,50
10,382.0,4.774668248992624,4.7201923409763165,,,,2.0,1.0,32.60968177210486,0.7067059811530925,12.765104141332248,0.3891620860811335,0.0314944739398254,32.0,50
10,383.0,4.7770142898596655,4.978832541981732,,,,2.0,0.0,91.7351253962498,0.5453809484305885,15.326606243769698,0.9175187057283414,0.0315777978636545,31.0,50
10,384.0,4.777048126281337,4.87565471455355,,,,2.0,1.0,28.933606529920503,0.5711428636165938,14.941087695725642,0.5453090727203779,0.0315790004312001,30.0,50
10,385.0,4.961937605465224,4.9223809474289135,,,,2.0,0.0,97.07864254150353,0.4618765932359139,11.766064985013545,0.5472353185656378,0.0384919916773861,29.0,50
10,386.0,4.974447305834202,4.943411154803286,,,,2.0,1.0,28.42094159396497,0.3781525922516838,10.864407225959882,0.5872096619344906,0.0389844216351593,28.0,50
10,387.0,5.087475504307957,5.17650459387744,,,,2.0,1.0,26.630791536957485,0.6492451175489747,13.264035398090972,0.5051020746921802,0.0435755398108575,27.0,50
10,388.0,5.119620176953649,4.918131745623803,,,,2.0,0.0,92.64822617724728,0.6443417661632254,14.009715977115611,0.938376727932023,0.0449278969454902,26.0,50
10,389.0,5.147155790497079,5.094172414702224,,,,2.0,1.0,22.54312615999693,0.381275630534705,14.713798614312587,0.7817899760600241,0.0461027798866513,25.0,50
10,390.0,5.414144336752171,5.149975897390983,,,,2.0,1.0,26.19100155400473,0.3710297756332977,14.56933767927431,0.879500602894729,0.0582809287867258,24.0,50
10,391.0,5.472686072269502,5.358516120790052,,,,2.0,0.0,102.521357533099,0.556499123763368,12.55281724177911,0.5352573918183137,0.0611417641199557,23.0,50
10,392.0,5.513636762884398,5.442111873454972,,,,2.0,1.0,30.24392365973499,0.559436915163779,17.1499411823386,0.5926616882184166,0.0631836977572395,22.0,50
10,393.0,5.697697534082564,5.668827864129653,,,,2.0,1.0,25.9142438317443,0.6502332805940052,16.620765113494446,0.7785351194080921,0.0727757198539514,21.0,50
10,394.0,5.6983079992041485,5.7310033237216365,,,,2.0,1.0,26.42886623708161,0.7412328593741805,20.81034960333021,0.7160867883976537,0.0728086605856909,20.0,50
10,395.0,5.730208643637575,5.603175307558177,,,,2.0,1.0,27.38737288409647,0.5633507896144377,17.518459740407557,0.8123316532662409,0.0745403923779332,19.0,50
10,396.0,5.742556555723287,5.903111751259752,,,,2.0,1.0,27.386101682337703,0.6469824748622167,13.772408306896343,0.8477018981964103,0.0752161646134078,18.0,50
10,397.0,6.21142938146821,6.082671224725512,,,,2.0,1.0,21.794934713770804,0.5194685046425197,21.78243850317174,0.9135076844336588,0.1031327867215728,17.0,50
10,398.0,6.277036235926124,6.300405020491062,,,,2.0,0.0,96.93241935915952,0.5197575990131306,19.754390100123803,0.9772563190220376,0.1073896649157285,16.0,50
10,399.0,6.30660507505118,6.394730155116924,,,,2.0,1.0,34.82116817546064,0.5325660692014755,21.392287747674345,1.0295285045564169,0.1093363712235421,15.0,50
10,400.0,6.430349379392665,6.3733113104231744,,,,2.0,0.0,93.8018812809396,0.5267874721912068,20.399789821998773,0.8930878802893041,0.1176729686469964,14.0,50
10,401.0,6.493821727880636,6.562051936235381,,,,2.0,1.0,31.59485753614704,0.5861402865746806,22.41556642023936,0.9967152741148174,0.1220679026621083,13.0,50
10,402.0,6.499994880951529,6.03954052921212,,,,2.0,1.0,29.26507384433612,0.505149512925517,23.15349055808256,0.947969825060305,0.122499641666869,12.0,50
10,403.0,7.293596244763656,7.475028451073628,,,,2.0,1.0,27.207053320828216,0.556556639843074,25.57289712960231,1.3414818719798929,0.1843496871304857,11.0,50
10,404.0,7.953297068209378,7.963925308125014,,,,2.0,0.0,101.5525191853856,0.4782314502695871,27.51405488219475,1.3462412509450443,0.2453515184593161,10.0,50
10,405.0,8.057402627643945,8.27453248776158,,,,2.0,1.0,30.26574660931435,0.4171128919807783,29.92966393459601,1.379016757085297,0.2557732133809988,9.0,50
10,406.0,8.117436866947513,7.90470515971989,,,,2.0,1.0,31.800568385846205,0.3828256455778893,29.64681063435781,1.866609518249453,0.2618816008719358,8.0,50
10,407.0,8.131777083632828,8.019421731104066,,,,2.0,0.0,101.57005026132856,0.4295014990869837,30.60875358737138,1.6904796430079132,0.2633513603609906,7.0,50
10,408.0,8.22382603867999,8.190969598364845,,,,2.0,1.0,21.671326816808037,0.6030328032662664,25.819366843158384,1.583895726419737,0.2728835848239108,6.0,50
10,409.0,8.246936492342465,8.157097519458429,,,,2.0,0.0,120.0,0.5774319368759587,29.66093245944464,1.7006598820555332,0.2753034255467504,5.0,50
10,410.0,8.596320018385564,8.501525677260048,,,,2.0,1.0,31.14839996212558,0.5168826245894534,31.55681058382113,1.9402893066470812,0.3131879774818299,4.0,50
10,411.0,8.664547629237402,8.48460803631358,,,,2.0,0.0,106.8123763881061,0.3663062276103156,36.069956384263655,1.8627799480871936,0.3208709984389907,3.0,50
10,412.0,8.93865819426915,9.0341899109675,,,,2.0,1.0,29.794585866698934,0.7140328903155493,30.347284201679702,1.8029407281690824,0.3526766114836013,2.0,50
10,413.0,9.17523383239856,8.949855056597807,,,,2.0,0.0,100.9815547199493,0.7516458537023256,33.99071935822167,2.310038459426248,0.3813351288479982,1.0,50
10,414.0,10.18284325989185,10.00037788587114,catastrophic_failure_replacement,66.11542270675427,,2.0,1.0,24.26472385875837,0.5049224539500694,0.0,0.0,0.0,0.0,50
11,0.0,0.0,0.0,,,,2.0,1.0,29.680744584296168,0.5244876113228143,0.0,0.0357083009847886,0.0,92.0,52
11,1.0,0.5383248909104199,0.8745388065703822,,,,2.0,1.0,33.32977416613287,0.5528731853526897,1.5399909829366794,0.1212969376677185,0.0,91.0,52
11,2.0,0.5502276915592048,0.6641944072735156,,,,2.0,0.0,92.03873922085435,0.5917296964128915,2.756549635757004,0.0,0.0,90.0,52
11,3.0,0.6204515311181911,0.570394482161443,,,,2.0,1.0,34.94985614138823,0.6652423726078105,3.624937631261106,0.0,0.0,89.0,52
11,4.0,0.6337523778005295,0.5364200610428157,,,,2.0,0.0,109.30844304930072,0.465825965781776,0.0,0.0978284090755351,0.0,88.0,52
11,5.0,0.7694124997811923,0.8070231767122892,,,,2.0,1.0,28.83807260600161,0.563842178783519,0.0,0.0,0.0,87.0,52
11,6.0,0.7866974174088888,0.9967629319301068,,,,2.0,0.0,119.75684650675773,0.3875830603547028,2.6084906273159296,0.0,0.0,86.0,52
11,7.0,0.786699584875133,0.7862240977328507,,,,2.0,1.0,31.881047355895998,0.4806980036773239,0.0,0.0,0.0,85.0,52
11,8.0,1.0250742293381083,1.1573967825878648,,,,2.0,0.0,98.40584916890012,0.5312243653971915,2.601695290293644,0.0,0.0,84.0,52
11,9.0,1.0905644400332948,0.8238456153930451,,,,2.0,1.0,28.040627274076535,0.6689316072692405,8.905237210733882,0.0,0.0,83.0,52
11,10.0,1.124942558528583,1.2445836618053747,,,,2.0,1.0,33.97202746640418,0.4309504608837251,7.193479179468264,0.0,0.0,82.0,52
11,11.0,1.1700182108560495,1.199000116236422,,,,2.0,1.0,28.008250495549326,0.6119811567881306,2.5882752270449734,0.2097184966248924,0.0,81.0,52
11,12.0,1.1700380159517714,1.0041104387039468,,,,2.0,1.0,33.498124756905256,0.5493036039587891,4.427666699467793,0.159328343445728,0.0,80.0,52
11,13.0,1.174770478658573,1.1327036497244412,,,,2.0,0.0,98.3490210457528,0.6367590186886569,0.0,0.0087582515204813,0.0,79.0,52
11,14.0,1.1900504598407573,1.2403792482011875,,,,2.0,1.0,28.65018641344692,0.5322778127271959,9.67917758886204,0.0,0.0,78.0,52
11,15.0,1.3125998208975598,1.2513121313592088,,,,2.0,1.0,41.08513292148139,0.4827992669292692,0.0,0.0,0.0,77.0,52
11,16.0,1.3270689336663608,1.4153174299707094,,,,2.0,1.0,30.87783984062631,0.5375662816707008,10.260611633389486,0.3903775844420161,0.0,76.0,52
11,17.0,1.3272113992218864,1.2800604371231072,,,,2.0,0.0,106.5445871053824,0.7039120207651424,5.199718430373187,0.0,0.0,75.0,52
11,18.0,1.331566666859363,1.2573065846334464,,,,2.0,1.0,29.592068589586034,0.5109993528217401,0.4398260339727506,0.0882512390468594,0.0,74.0,52
11,19.0,1.3417037322062222,1.3431329829965806,,,,2.0,1.0,25.15198541282428,0.5799237313287002,4.111597624383063,0.2528849621597124,0.0,73.0,52
11,20.0,1.3653681050953306,1.6358309130779698,,,,2.0,1.0,31.64686416703464,0.4861498833732307,3.7049768083192927,0.1285760840819796,0.0,72.0,52
11,21.0,1.402687916333893,1.5039345559567987,,,,2.0,0.0,107.08961056278012,0.5832928436279962,0.0,0.0,0.0,71.0,52
11,22.0,1.417476899462226,1.6358423343491868,,,,2.0,1.0,29.284733972388583,0.6201355058388199,5.964104438278723,0.0199904170056036,0.0,70.0,52
11,23.0,1.4256241098317683,1.4605970303878295,,,,2.0,0.0,96.29655971791792,0.5254497366424291,1.9169533463170567,0.0,0.0,69.0,52
11,24.0,1.9708973960018803,1.759859907712254,,,,2.0,1.0,30.96262707914796,0.523186127018678,8.50401347620446,0.0,0.0,68.0,52
11,25.0,1.97489191779312,2.0620928774870606,,,,2.0,0.0,100.1653580180832,0.4808213946106899,1.327797034437923,0.1277603207699505,0.0,67.0,52
11,26.0,1.9838540095622612,1.941067049141046,,,,2.0,0.0,92.47990072515316,0.5377929386184599,1.3327422874775054,0.1207619715908106,0.0,66.0,52
11,27.0,2.006767277973777,1.8290710972154656,,,,2.0,1.0,25.092449266893563,0.6066225788517278,2.9997409926561147,0.2137234832021867,0.0,65.0,52
11,28.0,2.054932365132108,2.070780006240484,,,,2.0,1.0,31.502655350424817,0.4412845827207733,6.400229490345716,0.0653049876135071,0.0,64.0,52
11,29.0,2.1086880022300574,2.0610617027452767,,,,2.0,1.0,24.69166286490674,0.5339560435805736,7.345688848096038,0.0,0.0,63.0,52
11,30.0,2.108697884670504,2.057424603774252,,,,2.0,0.0,112.26957746639668,0.7225169823989277,4.026370285928787,0.085542409213592,0.0,62.0,52
11,31.0,2.108759616448425,1.9806924312080885,,,,2.0,1.0,25.935124245721937,0.5475147241032273,4.141669946564997,0.0706218285144734,0.0,61.0,52
11,32.0,2.111253269340522,2.1924175460739304,,,,2.0,0.0,96.29993899208888,0.5020438311072666,3.311875365963506,0.1485026576515088,0.0,60.0,52
11,33.0,2.1112610630341684,2.0872466887637984,,,,2.0,0.0,98.1209775111138,0.5288761899411045,4.425864330027297,0.1577586494542257,0.0,59.0,52
11,34.0,2.1325389926779765,2.3535418330343543,,,,2.0,1.0,27.289424048926936,0.6006703465232501,1.9651156993360632,0.1634145071631739,0.0,58.0,52
11,35.0,2.183459598871357,2.241969270401472,,,,2.0,0.0,90.90641563135992,0.5585833301898504,2.6697374656818305,0.4219856833506344,0.0,57.0,52
11,36.0,2.183463950349214,2.343752343687285,,,,2.0,1.0,23.71265152139761,0.5455303618595001,6.248386375481207,0.1224013455834548,0.0,56.0,52
11,37.0,2.313085038272905,2.60527004235209,,,,2.0,1.0,29.73245542139096,0.7051795541389927,2.0329168693461632,0.0,0.0,55.0,52
11,38.0,2.616487746228468,2.7874569634158943,,,,2.0,0.0,101.50761690721843,0.5788669958986379,8.206715116414754,0.1542514299257087,0.0,54.0,52
11,39.0,2.6258829360532485,2.768187553673091,,,,2.0,1.0,27.57094291610467,0.582875923908218,9.640461191599082,0.0,0.0,53.0,52
11,40.0,2.973156366103762,2.913998547846272,,,,2.0,1.0,41.50798362263987,0.664199969463997,8.662709549971531,0.1859493598726251,0.0,52.0,52
11,41.0,2.97359041444477,3.0604765233082625,,,,2.0,0.0,109.43081527819304,0.439219305848472,5.711348383696821,0.2883169372290048,0.0,51.0,52
11,42.0,3.0713847089652027,3.187948587834033,,,,2.0,1.0,38.00040830322478,0.3479558962963253,11.290987852707202,0.4069579328340068,5.095776674046669e-05,50.0,52
11,43.0,3.1401936799637062,3.2130589957580247,,,,2.0,1.0,32.5545609008649,0.471223857777256,8.063617629381739,0.0845905349592385,0.0001965426790176,49.0,52
11,44.0,3.1465977217438823,3.1975083367112216,,,,2.0,0.0,91.6104703794652,0.6253704568853476,9.983154894668235,0.501495542777671,0.0002149089202049,48.0,52
11,45.0,3.146998289337595,2.8248850546227624,,,,2.0,0.0,106.88704610896362,0.417439685141474,2.7963192784205235,0.2191901389755592,0.0002160849706817,47.0,52
11,46.0,3.156874190933325,3.099810365801487,,,,2.0,0.0,105.71149994796842,0.4339637756613348,3.1895035421919493,0.1800711644248039,0.0002460951178098,46.0,52
11,47.0,3.2561874266145145,3.0836023648145168,,,,2.0,0.0,92.10228035988683,0.7465967846125039,10.013402992210931,0.0598045380796694,0.0006563199755536,45.0,52
11,48.0,3.256433975019118,3.190913430580441,,,,2.0,1.0,25.92255274326397,0.7001726632090091,11.179013441732828,0.4638345090364797,0.000657583835441,44.0,52
11,49.0,3.264840441283492,3.4318515854980944,,,,2.0,1.0,31.822274116949604,0.5698827010273829,7.889130879916602,0.0968554329830185,0.0007014045933923,43.0,52
11,50.0,3.331829308281108,3.3389820325501427,,,,2.0,1.0,29.89933898757153,0.507485031737423,7.421306695175295,0.3066163175241895,0.0011011068983431,42.0,52
11,51.0,3.3641880790653405,3.3516553036444163,,,,2.0,1.0,18.99636016852038,0.532933084358076,9.019830358034744,0.0140852483327782,0.001326329569333,41.0,52
11,52.0,3.3754106465415936,3.4582985425920705,,,,2.0,1.0,26.63897842489567,0.5898287791868245,11.072432141469177,0.3456221214229308,0.0014093315353677,40.0,52
11,53.0,3.613445806846042,3.8170363439486112,,,,2.0,1.0,28.737279889770157,0.5632333467132544,6.62042029097395,0.518056171637575,0.0037631575793699,39.0,52
11,54.0,4.1021886105462375,3.8616183658137455,,,,2.0,1.0,22.34217176977449,0.5974003546461277,10.515384045482891,0.4653003917577787,0.0121481973321784,38.0,52
11,55.0,4.1053770307076745,4.370893972978719,,,,2.0,0.0,100.14312487946268,0.4883785213427752,7.852896302447889,0.6309562978643859,0.0122185838001611,37.0,52
11,56.0,4.264371716939494,4.450090062908542,,,,2.0,1.0,33.491535191766395,0.5755359949826244,13.294397182368286,0.388031303237214,0.0159863583859652,36.0,52
11,57.0,4.266769541493665,4.294410355598349,,,,2.0,0.0,88.59520617957423,0.5706746010272254,12.313030603065585,0.4255211172421516,0.0160470507125607,35.0,52
11,58.0,4.293525678345732,4.278840972526468,,,,2.0,1.0,39.916218877579134,0.4652024260373519,11.179957637444351,0.4446634240007714,0.0167320868053978,34.0,52
11,59.0,4.5335755690478825,4.711247126381141,,,,2.0,1.0,28.750271708617923,0.2680443785089932,11.840372405789068,0.7096512317864666,0.0235185402598053,33.0,52
11,60.0,4.652503872834238,4.891839934947797,,,,2.0,0.0,103.0170996420692,0.4673137454779379,11.819562822969456,0.5705251746355741,0.0273076904973215,32.0,52
11,61.0,4.707059415855298,4.694159242124596,,,,2.0,0.0,103.57936916665824,0.500637533100402,10.58746230948626,0.6918558513981957,0.0291405184926023,31.0,52
11,62.0,4.897537690935752,5.059512400585606,,,,2.0,1.0,28.240107455810364,0.6378624527304051,9.30853637640612,0.7419121885819612,0.0360064928852178,30.0,52
11,63.0,4.897554077109741,4.988596749262074,,,,2.0,1.0,32.54217119933672,0.4744755287779982,17.01288874747085,0.5321452219797137,0.036007114755558,29.0,52
11,64.0,4.950834731643703,5.123873968952553,,,,2.0,1.0,31.93882163486704,0.5551506233197985,11.886932303813362,0.4772669641074886,0.0380575615018736,28.0,52
11,65.0,4.970754912741046,4.8186647223440495,,,,2.0,1.0,38.89241152961344,0.5184639591542818,19.28675997863841,0.6698968738538178,0.0388387492609296,27.0,52
11,66.0,4.997413204187914,4.879523923888901,,,,2.0,1.0,33.6437150718717,0.4858930297312014,18.014978870321347,0.7989963964849991,0.0398965950826422,26.0,52
11,67.0,5.033465141710518,5.0813031623838665,,,,2.0,1.0,27.984363163964563,0.4548697907314997,13.289795652910104,0.8675808697515702,0.0413498048255177,25.0,52
11,68.0,5.269752870999663,4.950419948807271,,,,2.0,0.0,92.51059797808936,0.4907360630554258,14.526523011603118,0.6356171698891554,0.0515177809541121,24.0,52
11,69.0,5.471269374450721,5.54736479749212,,,,2.0,1.0,21.07046876568964,0.5598964696043189,19.378829524121823,0.7984389271069757,0.0610717232109805,23.0,52
11,70.0,5.771463156385438,5.821338360368382,,,,2.0,0.0,99.99432766946752,0.6292403197199244,17.730418109213602,0.761426625286924,0.0768100802720193,22.0,52
11,71.0,5.874067511823303,6.053550880627169,,,,2.0,0.0,104.27352807296715,0.4838283102028803,14.03551780439262,0.9038837441846084,0.0826026406251819,21.0,52
11,72.0,5.910442974053379,5.610948809305642,,,,2.0,0.0,103.1402804666624,0.3442337279375902,18.24013293206372,1.0935451717866105,0.0847067830521667,20.0,52
11,73.0,5.9112488088233865,6.043566161933007,,,,2.0,1.0,23.700888326673024,0.6528491228889539,17.8790917497164,0.6102880296729204,0.0847536962687558,19.0,52
11,74.0,6.195154834721586,6.331464706717822,,,,2.0,1.0,32.460426017673754,0.6441656029394739,21.65517129181883,1.0783111081163326,0.1020901441784472,18.0,52
11,75.0,6.354581534960069,6.418640044679424,,,,2.0,1.0,31.794993910521555,0.5961691737510882,20.911409353731678,1.0928466372170846,0.1125321727469505,17.0,52
11,76.0,6.3583637226829,6.240908423052988,,,,2.0,0.0,113.02419379329332,0.5161683967749869,22.992365775125045,1.112776263320744,0.1127860689383255,16.0,52
11,77.0,6.414838619399796,6.440869766219494,,,,2.0,0.0,100.98867875321714,0.6254648178333463,19.48290517916909,1.121490121514203,0.116611227965443,15.0,52
11,78.0,6.630738332500048,6.606021595952929,,,,2.0,1.0,23.91667267038981,0.6204341279230894,15.785684557733571,1.1190551726562872,0.1318226083908523,14.0,52
11,79.0,6.652032587622533,6.828722200115862,,,,2.0,0.0,106.29939895165003,0.3608589643165013,23.24296801196577,1.183397505781509,0.1333734202105693,13.0,52
11,80.0,6.852950998094305,6.758080329402369,,,,2.0,0.0,104.23998255841644,0.5396709235145649,24.29546944455297,1.127156485297056,0.148452313937159,12.0,52
11,81.0,6.8613780074545865,6.8892370384521175,,,,2.0,0.0,100.07531660671974,0.4517194242611677,22.499131865841715,0.8659520894361381,0.1491024011645395,11.0,52
11,82.0,7.021841832473344,6.981782182215629,,,,2.0,1.0,32.41210099155869,0.6304224151344663,23.89828646917727,1.4571174822863295,0.1617521172543254,10.0,52
11,83.0,7.275297871799448,7.262079198588101,,,,2.0,1.0,26.87016349131322,0.4801248286588885,22.55299137241108,1.414547571240104,0.1827817189261288,9.0,52
11,84.0,7.331316963701468,7.422152200483954,,,,2.0,1.0,23.28021586072733,0.568611554052847,22.912288537098465,1.3812519684927318,0.1876030664004811,8.0,52
11,85.0,7.335411178527554,7.665138971480315,,,,2.0,1.0,27.58662155869397,0.4532515928158359,27.521141798417787,1.5591862300682928,0.1879579008690168,7.0,52
11,86.0,7.483212745681459,7.371058432925874,,,,2.0,0.0,87.16262003244918,0.628584791279401,22.897817672612533,1.6972453792519535,0.2009919652304068,6.0,52
11,87.0,8.061329233837027,8.147408338405985,,,,2.0,1.0,32.32045526208267,0.5293082899942169,35.076413621003205,1.623728128819736,0.256170536132933,5.0,52
11,88.0,8.39793856284708,8.435312980000425,,,,2.0,1.0,31.077173119825733,0.4936552002480148,28.499279736697293,1.5020978001214438,0.291377407282716,4.0,52
11,89.0,8.707995061621148,8.368002941714781,,,,2.0,1.0,27.40102215670906,0.6375236821022252,33.76598336216332,1.9276833332629348,0.325812076234914,3.0,52
11,90.0,9.152011341470333,9.088442684466864,,,,2.0,1.0,35.127086356780495,0.5077813352845685,34.40507220187716,2.051100220790758,0.3784724354557959,2.0,52
11,91.0,9.477348098879148,9.344658961050502,,,,2.0,1.0,36.565806057108105,0.415949331098126,37.42444812281154,2.3309453522502515,0.4195603839405331,1.0,52
11,92.0,10.144099730576704,10.24922045661449,catastrophic_failure_replacement,550.4421001634372,,2.0,1.0,29.668092480937236,0.5538442565950683,0.0,0.0,0.0,0.0,52
11,92.0,0.0,0.0,catastrophic_failure_replacement,550.4421001634372,,2.0,1.0,29.668092480937236,0.5538442565950683,0.0,0.0,0.0,90.0,53
11,93.0,0.1152037078462461,0.1702415988801024,,,,2.0,1.0,35.37817473198314,0.4758188264804029,0.0,0.0497955968081866,0.0,89.0,53
11,94.0,0.1358891463309105,0.4102405049819533,,,,2.0,1.0,28.10039946397231,0.3503800133824372,0.0,0.0,0.0,88.0,53
11,95.0,0.2331302251344421,0.6577925027437216,,,,2.0,0.0,86.4121755551127,0.5143816216302763,3.231471117414721,0.0,0.0,87.0,53
11,96.0,0.2338429575493212,0.038132346493433,,,,2.0,1.0,26.343095819853453,0.5775168113912452,1.4351833614350098,0.0560065432469271,0.0,86.0,53
11,97.0,0.2659602624309811,0.2035433397542556,,,,2.0,1.0,35.7421811253407,0.3745858931001587,4.118355809715276,0.1370673067022854,0.0,85.0,53
11,98.0,0.2670301722621925,0.4067894283307081,,,,2.0,1.0,35.523542496112846,0.4006754968746259,5.200748164257855,0.0163354439308937,0.0,84.0,53
11,99.0,0.2670386282761339,0.4763507814124925,,,,2.0,1.0,26.621603306718413,0.5560722687946345,0.0,0.0020982564388743,0.0,83.0,53
11,100.0,0.3883613733367337,0.391878938567872,,,,2.0,1.0,33.221984739222506,0.4480064205345167,2.5962937936601604,0.2089794731047856,0.0,82.0,53
11,101.0,0.3885751830537604,0.5363793731600963,,,,2.0,1.0,30.973045526734246,0.5208876213327855,2.0618774133643,0.3523657566970777,0.0,81.0,53
11,102.0,0.3886068018232032,0.2638619098005418,,,,2.0,1.0,37.34253159734766,0.4934777642346628,4.535698331833519,0.3514994186601325,0.0,80.0,53
11,103.0,0.3905813349968922,0.5715552077985095,,,,2.0,1.0,30.542609774115835,0.4267857535815056,3.721102340558064,0.0565536418525564,0.0,79.0,53
11,104.0,0.4333561671249589,0.2825857287750935,,,,2.0,1.0,26.713700711971704,0.5541972775439294,1.4056659110454308,0.0242412062802067,0.0,78.0,53
11,105.0,0.4949712880703604,0.5104547842524039,,,,2.0,1.0,26.702141693787127,0.3972351138487757,0.0,0.0,0.0,77.0,53
11,106.0,0.5282851402052671,0.3548437245578033,,,,2.0,0.0,102.05500562981888,0.6014591129406885,0.0,0.1385493271964708,0.0,76.0,53
11,107.0,0.5343809837980436,0.7294965947275176,,,,2.0,0.0,105.61689207699592,0.5189986392991187,1.1256317145115584,0.0,0.0,75.0,53
11,108.0,0.5368817937409304,0.6136593625377788,,,,2.0,1.0,43.39445961362428,0.4357363890254063,0.0,0.0,0.0,74.0,53
11,109.0,0.6758906082444363,0.6665547538000284,,,,2.0,1.0,34.49164001314902,0.5724415380280896,0.3904706442063713,0.1375925775291765,0.0,73.0,53
11,110.0,0.6862542964806135,0.6823483439364911,,,,2.0,1.0,21.63848241299829,0.4305441289775957,0.5756019034209888,0.0162333975945631,0.0,72.0,53
11,111.0,0.6868276936854584,0.5482775957587668,,,,2.0,0.0,91.23725071305134,0.7256590464447727,4.562375611868731,0.0,0.0,71.0,53
11,112.0,0.7086963527562709,0.9679664160769816,,,,2.0,1.0,25.67577039083625,0.5174643876280257,0.0,0.0132824861552845,0.0,70.0,53
11,113.0,1.4222155490417014,1.507644582336499,,,,2.0,1.0,38.421828330003045,0.5754160665902365,0.0,0.4235180744987603,0.0,69.0,53
11,114.0,1.446428380144183,1.518201100799231,,,,2.0,1.0,32.79686310540912,0.6053622797952246,0.0,0.1638238967908388,0.0,68.0,53
11,115.0,1.5870125289046486,1.4639304236078798,,,,2.0,1.0,38.55219342289569,0.5041951007502068,2.030728441559401,0.0533123535124552,0.0,67.0,53
11,116.0,1.5991697717310205,1.618122230022379,,,,2.0,0.0,105.31228787362652,0.61388688515474,3.877704292759119,0.0,0.0,66.0,53
11,117.0,1.6448270667412594,1.579456068544949,,,,2.0,1.0,31.035106496724534,0.3965108896579625,6.755857125676656,0.0,0.0,65.0,53
11,118.0,1.652818887628468,1.7689464689627212,,,,2.0,0.0,98.26947175800868,0.4661936872553467,3.323987167398016,0.0621767556199103,0.0,64.0,53
11,119.0,1.662781436268453,1.5860017410140614,,,,2.0,1.0,29.576652469665603,0.4832460878764263,0.0,0.0,0.0,63.0,53
11,120.0,1.8178036223135756,1.7337543804673616,,,,2.0,1.0,32.563144529681615,0.4853573831451111,5.249181170507027,0.2206404839846059,0.0,62.0,53
11,121.0,1.817882686924561,1.5977957338248123,,,,2.0,1.0,31.952682559988126,0.6218071409161314,6.1725394541685,0.3296069159691993,0.0,61.0,53
11,122.0,1.8235801476060145,1.97258630289571,,,,2.0,1.0,32.9908773665206,0.3760884936972534,7.909340327199228,0.0540863128787461,0.0,60.0,53
11,123.0,1.9017394700975585,1.984622899014354,,,,2.0,1.0,34.780476820013995,0.630286723041251,1.4633677506207672,0.0893107754513477,0.0,59.0,53
11,124.0,1.9552017326105648,2.010239013735033,,,,2.0,0.0,92.43961671329352,0.5436548340134434,7.294735519048788,0.0,0.0,58.0,53
11,125.0,1.9630853677954527,1.904509669846366,,,,2.0,1.0,36.15843489311058,0.5985632905634488,5.182121619770498,0.2736025540246768,0.0,57.0,53
11,126.0,1.963615261246192,2.0720404017836054,,,,2.0,1.0,30.011848283207225,0.4160850908736094,2.750462116596906,0.0,0.0,56.0,53
11,127.0,1.964498634536658,1.760389529250118,,,,2.0,1.0,31.753031458577208,0.7194653045423572,1.2699473237631294,0.1165958730326525,0.0,55.0,53
11,128.0,1.966425572602708,1.9990821207121536,,,,2.0,1.0,32.97730201396312,0.4190119611977512,0.0,0.0414726824655883,0.0,54.0,53
11,129.0,1.9721812601201023,1.9271305929407605,,,,2.0,0.0,90.4686485288371,0.7836779194786248,3.300413953958285,0.2559957100027459,0.0,53.0,53
11,130.0,1.9721876979166504,1.8733067231380944,,,,2.0,1.0,34.53955685265108,0.6492121781754621,1.5488831438385628,0.2059871361715224,0.0,52.0,53
11,131.0,2.0220874659543813,2.2760642279549423,,,,2.0,0.0,101.84255844432298,0.408967188430296,0.5245091274085212,0.1089325306911882,0.0,51.0,53
11,132.0,2.0221345366053054,1.961355322690422,,,,2.0,1.0,28.14664636627887,0.6748419446645311,9.239283584412188,0.0255989007682941,0.0,50.0,53
11,133.0,2.1962289101653694,2.3176365035229267,,,,2.0,1.0,31.741337812510235,0.6119060450335669,3.664815231137735,0.0,0.0,49.0,53
11,134.0,2.7071732788421747,2.6329170600168403,,,,2.0,1.0,28.686244448450932,0.5182510708378487,0.0,0.0460080019623679,0.0,48.0,53
11,135.0,2.717921517487464,2.5646369445082984,,,,2.0,1.0,31.03008550941594,0.4841059201879406,4.42111601593649,0.0,0.0,47.0,53
11,136.0,2.7185317035091368,2.78951989988525,,,,2.0,0.0,98.67963806994548,0.5798993073913893,6.15574845735673,0.1037941860464054,0.0,46.0,53
11,137.0,2.7424633360218387,2.6749886623015207,,,,2.0,0.0,101.32699980395354,0.5822047161355426,5.154705996948604,0.0713650084318738,0.0,45.0,53
11,138.0,2.751168004415314,2.711524807409721,,,,2.0,1.0,34.101824174947915,0.3776319841629567,9.495423132615125,0.1775272224850841,0.0,44.0,53
11,139.0,2.75123815107963,2.583317196929001,,,,2.0,0.0,105.45206904871644,0.6501122210822164,5.329394852192559,0.3498772623822763,0.0,43.0,53
11,140.0,2.753838027436218,2.9022749361976854,,,,2.0,1.0,34.15657244234323,0.4241871674947793,7.843055478982881,0.30622501448153,0.0,42.0,53
11,141.0,2.80312313503125,2.7994085770182444,,,,2.0,0.0,95.41681491429046,0.5931495272548588,7.766740104268292,0.3321719817561097,0.0,41.0,53
11,142.0,3.096724978732245,3.091569393465352,,,,2.0,0.0,92.89588408720172,0.455242856462154,2.9709967399545074,0.1761234749765942,9.355721510753346e-05,40.0,53
11,143.0,3.3526876756447868,3.3290547596358517,,,,2.0,0.0,100.88711784360696,0.6723951828707169,2.9841914420359386,0.1251760295212736,0.0012438859655172,39.0,53
11,144.0,3.3527622208393453,3.56918167786978,,,,2.0,1.0,25.90066401618841,0.6392437032866041,10.76530226053112,0.2083448496696369,0.001244411844515,38.0,53
11,145.0,3.3723460293058243,3.226075864051381,,,,2.0,1.0,24.453129942785083,0.5208251927583557,6.858237588513745,0.0,0.0013864156553981,37.0,53
11,146.0,3.3723460343212914,3.275654168281706,,,,2.0,1.0,24.842093015380694,0.3471397962435353,5.715845682663775,0.3878015363343579,0.0013864156927479,36.0,53
11,147.0,3.3807044243745965,3.424986356191545,,,,2.0,1.0,30.987098998430127,0.6582349124634105,10.428475500600916,0.0498481033455815,0.0014493585873839,35.0,53
11,148.0,3.422743863208229,3.921566042233291,,,,2.0,0.0,95.49902199159656,0.5164977598117181,7.979537614006197,0.3559090380879605,0.0017871237388021,34.0,53
11,149.0,3.428975057749599,3.387543956594165,,,,2.0,1.0,26.489272072445463,0.3836504181029025,5.949223888382843,0.2375635127386873,0.0018401960017127,33.0,53
11,150.0,3.428982640538557,3.5647749003381546,,,,2.0,0.0,106.34990378858768,0.3808531852195019,14.141442348632957,0.3053156385571401,0.0018402610588343,32.0,53
11,151.0,3.4453033577371417,3.5578349330339982,,,,2.0,1.0,30.62971764829833,0.5221831220927157,7.500184164234833,0.5167135529639219,0.0019829508041197,31.0,53
11,152.0,3.524951082514902,3.5667403289265733,,,,2.0,0.0,99.01992338105563,0.5948565980150424,8.617857343034741,0.3700654937469034,0.0027557363903356,30.0,53
11,153.0,3.5461821299124323,3.5722074198033607,,,,2.0,1.0,25.223576391684965,0.5825563284174533,8.758867105628324,0.480315808239116,0.0029831491903568,29.0,53
11,154.0,3.5527265531410706,3.4703073956734087,,,,2.0,0.0,104.91465955920934,0.5707817542086624,3.2436506897533093,0.2564437832044653,0.003055066425472,28.0,53
11,155.0,3.552838857649194,3.381916558091256,,,,2.0,1.0,26.48786537827993,0.4020025903380367,6.623798907893336,0.3483983540615225,0.0030563080252686,27.0,53
11,156.0,3.999726120061339,4.109690379001309,,,,2.0,1.0,28.366401963684524,0.5086401527146543,6.024855241631848,0.65350898174815,0.0099945231513289,26.0,53
11,157.0,4.000848517716267,3.87432711469037,,,,2.0,0.0,100.8366473349036,0.5766551860485164,12.89752021131709,0.5822793365255281,0.0100169775541484,25.0,53
11,158.0,4.040684165978496,4.117737393695677,,,,2.0,1.0,25.61351677439159,0.4915935767769041,6.477496789323919,0.3258839799487337,0.0108302353331835,24.0,53
11,159.0,4.053368429566852,3.787341929323632,,,,2.0,1.0,25.2247351595971,0.6068391762173475,18.046989542673437,0.5578619337622099,0.0110958504840813,23.0,53
11,160.0,4.125974591781228,4.15019648358188,,,,2.0,1.0,32.81313511216387,0.7048633665601461,12.423102735041509,0.4393247817057899,0.012678187813369,22.0,53
11,161.0,4.347410538976458,4.326941401683669,,,,2.0,1.0,31.428787755723377,0.5888619757770006,12.677849139251345,0.384851605224318,0.0181551516054483,21.0,53
11,162.0,4.597569304674022,4.461931527094743,,,,2.0,1.0,25.47836669861454,0.368137574297796,9.343892252852632,0.5983731484654558,0.0255222768323663,20.0,53
11,163.0,4.597620832577635,4.53147524428354,,,,2.0,1.0,23.548032270165503,0.5942336072290596,9.79842502764653,0.208552562450213,0.0255239232468605,19.0,53
11,164.0,5.233022130872626,5.136097437403096,,,,2.0,1.0,25.909338400101497,0.5302786687386928,19.924054267771137,0.7304319615233317,0.0498638783696692,18.0,53
11,165.0,5.242420077118853,5.436170417165167,,,,2.0,1.0,33.42166291377966,0.4045021109729682,15.010252045779042,0.8132647461708026,0.0502844780226571,17.0,53
11,166.0,5.254538494087252,5.232023506331542,,,,2.0,0.0,109.80388801126908,0.6861701035878557,14.049275571358727,0.8478437552115619,0.0508294382132121,16.0,53
11,167.0,5.477779148539254,5.2678523946946205,,,,2.0,1.0,26.973046319825947,0.5079634313639961,9.34160668866944,0.8399734667430057,0.061393895089359,15.0,53
11,168.0,5.658294769391926,5.342070271901157,,,,2.0,1.0,33.56846074940799,0.5742466691772972,19.984992751484956,0.7743594059795318,0.0706653108097647,14.0,53
11,169.0,6.076577176410492,6.054866881849051,,,,2.0,1.0,30.252594346029024,0.4885739526010287,18.500587473445872,0.5692665909819195,0.0946532712240995,13.0,53
11,170.0,6.3227425988583175,6.421827620374148,,,,2.0,0.0,96.5343939360549,0.6052970587599353,22.096847591965727,1.0280204569684144,0.1104061837826772,12.0,53
11,171.0,6.326150279325245,6.266399198746837,,,,2.0,0.0,101.8223349078586,0.5848077448405207,18.76715081733956,0.6735807400517859,0.110632756806554,11.0,53
11,172.0,6.336004664669927,6.096295917489264,,,,2.0,1.0,19.45969189592698,0.5934651801040056,17.000085211076073,1.2082750546433962,0.1112892712269951,10.0,53
11,173.0,6.336386534313005,6.221614021244408,,,,2.0,1.0,34.78404925171099,0.6953064526005966,13.52438984200641,1.0461206574831814,0.1113147510634514,9.0,53
11,174.0,7.04700687025615,7.288519086269561,,,,2.0,1.0,33.36545406622782,0.5328575524020838,27.656296564908004,1.3137376822227995,0.1637826460790048,8.0,53
11,175.0,7.058203822342602,7.335704666734534,,,,2.0,1.0,32.1119822489693,0.4527221257355092,18.96983940188093,1.1098494247208903,0.164690182636761,7.0,53
11,176.0,7.147389865804858,7.0349755278153046,,,,2.0,0.0,106.88039984379124,0.7571631921439794,21.02047176465937,1.028416031285682,0.1720084269898083,6.0,53
11,177.0,7.387293891776285,7.465895345166159,,,,2.0,1.0,32.49954186021951,0.3459040511290518,29.796610683195546,1.0852787877614831,0.192483476928175,5.0,53
11,178.0,7.65922163667764,7.537261075085233,,,,2.0,1.0,32.60772519425714,0.4821211517192187,25.10873742456704,1.476710786063869,0.2170834625968506,4.0,53
11,179.0,8.958917573910329,9.036100843802934,,,,2.0,1.0,29.31883293676656,0.4295761344428123,27.927836005658765,2.07105939049281,0.3550869865265736,3.0,53
11,180.0,9.21031459051293,8.950335493846598,,,,2.0,1.0,36.125999988087656,0.743014382734554,36.927126682683074,2.477778348024172,0.3856800731313776,2.0,53
11,181.0,9.341954584365572,9.2277127441472,,,,2.0,1.0,29.434470418720625,0.4631477798373313,32.10843672924184,2.1277199856656,0.402203879501555,1.0,53
11,182.0,10.051540141619704,9.978644617427705,catastrophic_failure_replacement,765.6697061830631,,2.0,1.0,34.905147982846,0.7380328416050462,0.4221121657370239,0.1314428446223275,0.0,0.0,53
11,182.0,0.0,0.0,catastrophic_failure_replacement,765.6697061830631,,2.0,1.0,34.905147982846,0.7380328416050462,0.4221121657370239,0.1314428446223275,0.0,76.0,54
11,183.0,0.0973170999969079,0.4211726985251924,,,,2.0,0.0,99.50315326673764,0.4679922190014612,3.713633956640966,0.0058222873899899,0.0,75.0,54
11,184.0,0.1476068084731901,0.1856250290221112,,,,2.0,1.0,24.66377557492246,0.610154566083784,0.0,0.0,0.0,74.0,54
11,185.0,0.2897394218718699,0.1479531543349233,,,,2.0,1.0,30.848689001800057,0.5144549654421344,0.0,0.1403127611141527,0.0,73.0,54
11,186.0,0.2897433391647145,0.2973218217054108,,,,2.0,0.0,94.80496101380332,0.5345270080664608,5.400554494595358,0.1191422439634396,0.0,72.0,54
11,187.0,0.6763588021103191,0.488485623974524,,,,2.0,0.0,101.90044307932696,0.646012404666769,0.0,0.013861943696019,0.0,71.0,54
11,188.0,0.9460527617758128,0.8150114528838966,,,,2.0,1.0,30.40664067711832,0.4744856635002221,5.218532549436661,0.0902055059881519,0.0,70.0,54
11,189.0,0.9990275326236382,1.061306863329887,,,,2.0,0.0,101.9036390542217,0.3645327129648448,0.0,0.0,0.0,69.0,54
11,190.0,0.9995829013480038,1.115215012128379,,,,2.0,0.0,89.7630115436621,0.5994482699546183,6.094653976607784,0.0,0.0,68.0,54
11,191.0,1.0442188833378503,1.013924454649599,,,,2.0,1.0,35.58672027651089,0.564583787903788,0.0,0.0048630121484374,0.0,67.0,54
11,192.0,1.069560198630687,0.922507048512316,,,,2.0,0.0,96.94046425297216,0.3673305498302153,3.309279310619342,0.0768083465386912,0.0,66.0,54
11,193.0,1.1492242917127036,1.1878600918852855,,,,2.0,1.0,27.240010957605836,0.5384676813059182,4.612992269460145,0.0,0.0,65.0,54
11,194.0,1.1510178624583678,0.974217734540021,,,,2.0,0.0,108.75681258948352,0.4194066348165363,1.1550813859465685,0.1910436872438236,0.0,64.0,54
11,195.0,1.2499842350110422,1.1860176403139524,,,,2.0,0.0,102.5386314963409,0.4746386385675317,0.9926150032670908,0.0,0.0,63.0,54
11,196.0,1.2541060593244755,1.0878720169599183,,,,2.0,1.0,35.74429892414083,0.5122118807982025,7.073471929882343,0.1115937698424635,0.0,62.0,54
11,197.0,1.2559209284058208,1.2388454587140516,,,,2.0,0.0,98.76664226694,0.6450989875029778,3.572413553640141,0.0,0.0,61.0,54
11,198.0,1.3328634062134423,1.231229680431669,,,,2.0,1.0,32.03597846855706,0.574014629714861,2.08045989353604,0.0,0.0,60.0,54
11,199.0,1.3354998018209816,1.380296216402218,,,,2.0,0.0,103.1893427853039,0.3700300987552523,2.0593994193695604,0.2183947975017752,0.0,59.0,54
11,200.0,1.3356911250738182,1.2659979578488287,,,,2.0,1.0,34.0797994030794,0.4921061294210058,0.4746410935834395,0.0028530979329344,0.0,58.0,54
11,201.0,1.3356911260682964,1.6047924857725042,,,,2.0,0.0,108.82210362021657,0.5448125561805365,1.9322085575250103,0.0,0.0,57.0,54
11,202.0,1.8383130506686007,1.723525791440243,,,,2.0,0.0,82.29329924764221,0.5650268531367955,4.443425840177192,0.0,0.0,56.0,54
11,203.0,1.8858897996653752,1.9226210572735876,,,,2.0,1.0,39.909453378286784,0.5317587995086037,3.566358002998098,0.0,0.0,55.0,54
11,204.0,1.96579272754842,2.047691584796456,,,,2.0,1.0,31.844007607408194,0.6136190200153209,3.495613016631408,0.1717388805306575,0.0,54.0,54
11,205.0,1.980674423127205,1.957277096085024,,,,2.0,1.0,31.43905822291402,0.6176391516141961,7.917217524346848,0.038524689881019,0.0,53.0,54
11,206.0,1.9941193601394211,1.948540814717583,,,,2.0,1.0,24.300861871470246,0.6045236421963281,3.5953242226505826,0.0,0.0,52.0,54
11,207.0,2.0038820161584057,1.7882933059333226,,,,2.0,0.0,106.39018962457926,0.6043143594169863,7.419957216924296,0.0,0.0,51.0,54
11,208.0,2.045442042848198,2.059407186567165,,,,2.0,0.0,85.77998924156113,0.4289254962299773,1.6846719877001974,0.2025822145372627,0.0,50.0,54
11,209.0,2.045786245134902,2.0715296395680847,,,,2.0,1.0,42.97742794650648,0.5968379534073831,6.725402004585289,0.0997728518070972,0.0,49.0,54
11,210.0,2.2518474442845218,2.2038671877552334,,,,2.0,1.0,30.87488396437264,0.429582794282999,6.53877314109964,0.131448529599202,0.0,48.0,54
11,211.0,2.3450755238536525,2.2533782216010123,,,,2.0,1.0,26.309657543127656,0.5282821811040747,3.824875187751715,0.1326738514508465,0.0,47.0,54
11,212.0,2.3630204375098733,2.34453345074483,,,,2.0,0.0,91.04787583924993,0.653684349103934,1.952385008979116,0.196416385181635,0.0,46.0,54
11,213.0,2.364014468119711,2.68010459062291,,,,2.0,0.0,90.75140687693586,0.597515931118994,6.988052042084791,0.3346023880826342,0.0,45.0,54
11,214.0,2.3897436583014207,2.591902717550895,,,,2.0,1.0,31.576397886794584,0.736253152477166,0.7506059307076676,0.1428332632291103,0.0,44.0,54
11,215.0,2.3939797670864,2.334740520148604,,,,2.0,0.0,100.66711451876976,0.5961073255316187,4.169191212400491,0.1932749183700154,0.0,43.0,54
11,216.0,2.623943907211092,2.761943764799096,,,,2.0,1.0,36.31768200677396,0.4363286845280787,3.29640907126119,0.0,0.0,42.0,54
11,217.0,2.818227955388819,2.763165341245076,,,,2.0,1.0,26.126167276540368,0.5475156303973928,6.869021510787585,0.3155821523779024,0.0,41.0,54
11,218.0,3.0340537667470477,3.093849982928833,,,,2.0,1.0,27.399120952467936,0.4916501275111573,6.825957892277268,0.1917662020425725,1.1596590296623194e-05,40.0,54
11,219.0,3.287124933734441,3.2227135075636664,,,,2.0,1.0,27.087677693849727,0.4934094903565797,6.848466012761618,0.340983432394529,0.00082440727572,39.0,54
11,220.0,3.332978672946495,3.1824317291832784,,,,2.0,0.0,89.77588455418115,0.5263153971242939,3.316814031313758,0.4540174974780757,0.001108747966372,38.0,54
11,221.0,3.3849602019919867,3.438277161077345,,,,2.0,1.0,32.06594250392849,0.4370814212012164,8.559152323919601,0.1610372995743317,0.0014819435711771,37.0,54
11,222.0,3.3854891973984524,3.2586323743871137,,,,2.0,1.0,22.242202404053785,0.4200072326200567,8.718689152774562,0.2067756235111749,0.001486019213109,36.0,54
11,223.0,3.412595136909926,3.5838813282316866,,,,2.0,1.0,21.54960119129456,0.475034754084923,6.689649250161293,0.2399635502268216,0.0017023474700172,35.0,54
11,224.0,3.414562578732763,3.2717086748585285,,,,2.0,0.0,104.41060924969788,0.4985504296492263,7.631094533942573,0.2623632701736496,0.0017186213168555,34.0,54
11,225.0,3.5091066797366217,3.406456137741928,,,,2.0,1.0,27.915141982107745,0.5040678149806482,9.119782013254108,0.227955835099599,0.0025918961135244,33.0,54
11,226.0,3.5332338246039914,3.8056386233488233,,,,2.0,0.0,104.3083111722486,0.4867484766729588,10.245227806767003,0.3788084354644538,0.002843383117018,32.0,54
11,227.0,3.5332405520393024,3.5062604779062942,,,,2.0,1.0,33.07977655071558,0.4211112914484655,8.396111702261685,0.4013169683543997,0.0028434548633918,31.0,54
11,228.0,4.427402911946226,4.620608176534722,,,,2.0,1.0,31.20762156673692,0.546561354561521,9.97130810889795,0.3307886999446141,0.0203747907303256,30.0,54
11,229.0,4.444396659032366,4.212926994538209,,,,2.0,1.0,32.72710228252311,0.5340797087636898,15.945979686241884,0.4514154203419807,0.0208628170862386,29.0,54
11,230.0,4.466667929865001,4.779558063818193,,,,2.0,1.0,34.613805420281594,0.5101922380527901,7.114365145540679,0.4468318472829253,0.0215111481649448,28.0,54
11,231.0,5.159660458892056,5.104194184874618,,,,2.0,0.0,106.75730558934708,0.5262671578804683,19.30651983553561,0.4451362459609795,0.0466413329770184,27.0,54
11,232.0,5.2763704433883,5.492149412375981,,,,2.0,1.0,26.475650789077008,0.3484145874586608,19.33633920555191,0.4798618380051733,0.0518186239553184,26.0,54
11,233.0,5.278686222751894,5.165487733073428,,,,2.0,1.0,34.870417045834714,0.5265751909414353,9.778690476848537,0.729424072231177,0.0519241090175929,25.0,54
11,234.0,5.283923537324413,5.211484651903038,,,,2.0,1.0,31.344137402221097,0.5436062418584645,19.520982640851816,0.7693260729205244,0.0521630672434446,24.0,54
11,235.0,5.310814005356306,5.345000971352413,,,,2.0,1.0,26.511988281952725,0.4442229448562541,11.632558574292904,0.7796129418503618,0.0533986136735085,23.0,54
11,236.0,5.311067967231527,5.295964270955758,,,,2.0,1.0,32.43704347813099,0.6709724342940123,16.261990297374158,0.4660012481220744,0.0534103514916366,22.0,54
11,237.0,5.577395594910282,5.583939151049763,,,,2.0,1.0,38.38739963111789,0.4763959138185569,10.375916589763824,0.7409591656556791,0.0664296805266292,21.0,54
11,238.0,5.6028748427739705,5.629297772017552,,,,2.0,1.0,30.00456749533162,0.552508634692901,20.954071196532745,0.8279066493777975,0.0677495744714562,20.0,54
11,239.0,5.877769831112456,6.038949771049696,,,,2.0,1.0,28.240642767626262,0.6167163834665447,16.36823947292185,0.8071066908480645,0.0828155920086101,19.0,54
11,240.0,5.948729500304167,6.059154104223945,,,,2.0,0.0,92.35005057974038,0.4376301005804552,21.021162127418098,0.9386280217441424,0.0869500566596406,18.0,54
11,241.0,6.269087433030975,6.232722727576879,,,,2.0,1.0,29.87444682131224,0.4492340961090392,20.29299353445251,1.2150124182509003,0.1068693264480105,17.0,54
11,242.0,6.306077638329666,5.996540830574541,,,,2.0,1.0,28.617311433922307,0.6698050576827539,21.409751275978127,0.7732237236289718,0.1093014935066346,16.0,54
11,243.0,6.327659760705318,6.634705146406023,,,,2.0,0.0,98.26565376763484,0.4877340337883677,16.81996464112578,0.5162246667999019,0.1107331948301737,15.0,54
11,244.0,6.359546453771336,6.420260561338776,,,,2.0,0.0,85.90865124383268,0.6599798903664766,20.76982206719964,1.1249282941096557,0.1128655237504756,14.0,54
11,245.0,7.2189491909593695,7.215866927366942,,,,2.0,1.0,30.813548689526456,0.5643057474156075,27.93019109914119,1.1295240763059673,0.1779953227589672,13.0,54
11,246.0,7.326492929182951,7.409325476190957,,,,2.0,1.0,34.60378732553554,0.3893139367545254,20.87298476875585,1.2424466972576698,0.1871854106627007,12.0,54
11,247.0,7.363978598958784,7.346045143621543,,,,2.0,1.0,34.22446203065542,0.4469100878085617,23.637965302828256,1.5453128108667524,0.1904430921217028,11.0,54
11,248.0,7.481193633320021,7.770245032085512,,,,2.0,1.0,31.39847748204758,0.5696036769394863,23.70262851027399,1.2298338484813534,0.2008109637930789,10.0,54
11,249.0,7.615951492501548,7.610934883281155,,,,2.0,0.0,105.69087348385544,0.6329244181397978,28.777687904008047,1.3693648236411835,0.2130700818112727,9.0,54
11,250.0,7.641156250721512,7.943596494388244,,,,2.0,0.0,100.05177087903212,0.6922274886873574,25.27253465975273,1.3289793884460217,0.2154033134361136,8.0,54
11,251.0,7.677294865485466,7.632870866999327,,,,2.0,0.0,99.28049723895836,0.4993832771892098,25.263273527408906,1.2895787559704617,0.2187708725869671,7.0,54
11,252.0,8.07829822518725,8.066091526898077,,,,2.0,0.0,96.15846850482107,0.5239760274297725,30.889820100251374,1.800708728028796,0.2578911286393997,6.0,54
11,253.0,8.901046526431148,8.989054656738794,,,,2.0,1.0,34.80382878904943,0.4601328034391932,29.91534580200172,2.251034097291618,0.3482235010710512,5.0,54
11,254.0,8.989038257620654,8.856073832720062,,,,2.0,1.0,26.67181128343179,0.5821669529703977,36.82531250207766,1.8111632900312744,0.3586857925124383,4.0,54
11,255.0,9.526670835226648,9.608257677495542,,,,2.0,0.0,96.09239429044032,0.4978078234820587,35.26539403105649,2.076182333184503,0.4259743219139812,3.0,54
11,256.0,9.677080420000571,9.60015604623277,,,,2.0,1.0,31.58169728970444,0.4581411634154122,37.61875455142974,2.3110782928850955,0.4458340293515504,2.0,54
11,257.0,9.862603771941911,9.769300518304089,,,,2.0,1.0,32.11989922273173,0.5343133849869613,38.27499533692624,2.547810295675684,0.4709533053067134,1.0,54
11,258.0,10.231268237631342,10.09218664627904,catastrophic_failure_replacement,680.6751505316561,,2.0,0.0,109.20890068602986,0.6014259473521653,0.0,0.1924622387632935,0.0,0.0,54
11,258.0,0.0,0.0,catastrophic_failure_replacement,680.6751505316561,,2.0,0.0,109.20890068602986,0.6014259473521653,0.0,0.1924622387632935,0.0,86.0,55
11,259.0,0.0468493312946821,0.0,,,,2.0,1.0,23.3258308641771,0.6426077871767917,0.0,0.0,0.0,85.0,55
11,260.0,0.0631831888030533,0.0417924301833875,,,,2.0,1.0,36.98139249242882,0.7179387216061928,0.0,0.0198547150821607,0.0,84.0,55
11,261.0,0.0722506389515622,0.0294978222654413,,,,2.0,0.0,90.4941555845875,0.746293322655392,0.0,0.0,0.0,83.0,55
11,262.0,0.1023292260352689,0.0,,,,2.0,1.0,25.82797551231803,0.5846644144430444,2.0609544230127472,0.0,0.0,82.0,55
11,263.0,0.3046480552957267,0.799654923719725,,,,2.0,0.0,80.46178269957943,0.4693671514380707,0.7434423616086288,0.0552597755421448,0.0,81.0,55
11,264.0,0.3046483181456422,0.5577120494247172,,,,2.0,1.0,33.98696510929458,0.6096907313641126,0.0,0.1531688087900846,0.0,80.0,55
11,265.0,0.3046529721101793,0.2399021409879252,,,,2.0,0.0,92.72228830076192,0.3958968857036757,0.0,0.0697656892315699,0.0,79.0,55
11,266.0,0.4316883548769964,0.2605810547022552,,,,2.0,1.0,30.7520119423073,0.6352778421348442,0.536544373691701,0.0,0.0,78.0,55
11,267.0,0.4320362383901381,0.6016282061186257,,,,2.0,0.0,94.1093459158342,0.6570655076424505,0.4519141486721029,0.0,0.0,77.0,55
11,268.0,0.4353142063055412,0.6099664260014899,,,,2.0,1.0,24.854878060196544,0.575708589455372,3.146998785022604,0.2590196114315763,0.0,76.0,55
11,269.0,0.4359267007768125,0.3846506136638998,,,,2.0,1.0,22.84329103820593,0.5167836393204535,0.0,0.0,0.0,75.0,55
11,270.0,0.4528801164144851,0.2485527807764074,,,,2.0,1.0,43.90355726541492,0.5241900115761563,0.61145993271859,0.0,0.0,74.0,55
11,271.0,0.4564824032386494,0.4447130767649217,,,,2.0,0.0,93.23400215398487,0.5368968178659691,3.0985601722105827,0.0175314750491658,0.0,73.0,55
11,272.0,0.4565638789120606,0.4439344384050384,,,,2.0,1.0,27.957850943209067,0.4150527242015558,1.5513598652671827,0.1438696770142869,0.0,72.0,55
11,273.0,0.5021101636186527,0.4629125674637798,,,,2.0,1.0,35.38261612972326,0.4992467580036769,5.683728238822403,0.0,0.0,71.0,55
11,274.0,0.5052748439121786,0.6167018943466851,,,,2.0,1.0,31.38422175508739,0.497632633024232,0.1972606483259776,0.1098107176671402,0.0,70.0,55
11,275.0,1.1332985152819557,0.791673770434802,,,,2.0,1.0,23.7140332866359,0.5761643824580105,5.556864504360366,0.3687813745117831,0.0,69.0,55
11,276.0,1.169545639406378,1.3787890973425516,,,,2.0,1.0,27.58237569829331,0.6350130927996315,5.215113740936548,0.0,0.0,68.0,55
11,277.0,1.4984641717491245,1.2916354312717604,,,,2.0,1.0,32.433168298080105,0.3417254587873776,3.538898123925843,0.1600245761205821,0.0,67.0,55
11,278.0,1.501156517941756,1.5951529931952195,,,,2.0,0.0,99.3126122899836,0.6179804817175506,2.927400235978883,0.1188720008626348,0.0,66.0,55
11,279.0,1.817616855583781,1.7414920593729848,,,,2.0,0.0,102.13910569231452,0.3372298997765692,5.290483741788744,0.0,0.0,65.0,55
11,280.0,1.8235616944186912,1.7111973832786855,,,,2.0,1.0,29.98521267657919,0.6784849568527723,1.14244456451423,0.056025144794285,0.0,64.0,55
11,281.0,2.0912989954169405,1.7812417315918667,,,,2.0,1.0,24.27391341047916,0.5920516322138674,3.245873990521554,0.2039226315759882,0.0,63.0,55
11,282.0,2.2140320649543934,2.163098207765752,,,,2.0,1.0,36.004500490196094,0.6892026419858597,4.388618959283785,0.4215671450131956,0.0,62.0,55
11,283.0,2.218519357382257,2.1071529658487385,,,,2.0,1.0,27.84393952609567,0.3295538310055582,0.0,0.079847845470458,0.0,61.0,55
11,284.0,2.221299115243837,2.0216418587243106,,,,2.0,0.0,101.5896603402422,0.5873995506085082,7.8454843807380765,0.4050632948700465,0.0,60.0,55
11,285.0,2.5744930627570786,2.614662427359512,,,,2.0,1.0,26.53832722245633,0.5202014287200291,8.696602950252853,0.1115656719137605,0.0,59.0,55
11,286.0,3.2798601665328118,3.1568447495683345,,,,2.0,1.0,27.07679162333114,0.3704040812308541,11.52514667231883,0.3490338791078108,0.0007832171281177,58.0,55
11,287.0,3.3253718592882726,3.345683298454685,,,,2.0,0.0,109.3674594667192,0.3919118040519961,1.6420850036774652,0.2560327444021548,0.001058668468167,57.0,55
11,288.0,3.329153854374327,3.3442315594125867,,,,2.0,1.0,29.569014733615838,0.5098944019887808,9.97314313635806,0.2321750087285627,0.0010834225984947,56.0,55
11,289.0,3.3389542295799104,3.584783483967844,,,,2.0,0.0,82.76213481614843,0.4423010595326588,7.144187620176446,0.1645881044049557,0.0011488996975011,55.0,55
11,290.0,3.4084540633850318,3.360246414010687,,,,2.0,1.0,33.28789295745794,0.4317417023039419,9.518764695649557,0.0,0.0016683472189574,54.0,55
11,291.0,3.422335591661524,3.4171338857225506,,,,2.0,1.0,29.184319360729013,0.4719204696218455,9.304674533695144,0.2945233180490576,0.0017836735198408,53.0,55
11,292.0,3.422335760737341,3.375054660628471,,,,2.0,0.0,96.26673384754258,0.4441898505858014,5.968819270704767,0.3447540117377628,0.0017836749479758,52.0,55
11,293.0,3.422755330832826,3.2718286375397327,,,,2.0,1.0,27.71509826339078,0.6076118400682535,11.033319419042012,0.5345630917596399,0.0017872206974757,51.0,55
11,294.0,3.426553835398848,3.5185771005668696,,,,2.0,0.0,97.46467196514266,0.5305504166211541,5.378972526233948,0.2462281883523545,0.0018194817449346,50.0,55
11,295.0,3.719662083171692,3.568922069362136,,,,2.0,0.0,108.73256269151886,0.3529637458525062,4.485971861938041,0.3858924343059882,0.0051791351395501,49.0,55
11,296.0,3.7205275132335207,3.7118335066310033,,,,2.0,1.0,39.394134824338366,0.3830354672141743,7.759363009398494,0.2921927144851172,0.0051915989732648,48.0,55
11,297.0,3.733014796647101,3.787931740319624,,,,2.0,0.0,99.45731986999849,0.6445623436916061,9.402782700967458,0.4226640116659136,0.0053731069210359,47.0,55
11,298.0,3.75266879718778,3.769551436936712,,,,2.0,1.0,27.42349435945892,0.438198223801699,6.632415527513344,0.3909760758636347,0.005665103182601,46.0,55
11,299.0,4.164053133501031,4.275271898185843,,,,2.0,1.0,29.04673998335157,0.419984727032095,10.19002746821078,0.4695484638154878,0.0135501969761356,45.0,55
11,300.0,4.179683789987733,4.286912059656254,,,,2.0,1.0,21.473277422681317,0.3739546984803233,13.423623106596487,0.4754891222446576,0.0139165384435982,44.0,55
11,301.0,4.218169791949968,4.466917376497668,,,,2.0,1.0,31.93712239156396,0.4327057943795938,9.618765593839852,0.3032159869786546,0.0148393764201942,43.0,55
11,302.0,4.442552663617239,4.373779646730692,,,,2.0,0.0,106.11854702387606,0.6365738246863692,6.930053769359938,0.2932533548652243,0.0208095818730919,42.0,55
11,303.0,4.466606272595786,4.5298603730920055,,,,2.0,1.0,36.09320002425258,0.6629966036444961,9.263261115103091,0.6045820411650015,0.021509339588173,41.0,55
11,304.0,4.478722760916782,4.658801952646927,,,,2.0,0.0,106.46217203778498,0.5402444996993601,11.26865385363773,0.3632951244134906,0.0218662100365335,40.0,55
11,305.0,4.480708777321142,4.529517599552765,,,,2.0,0.0,94.97494472735576,0.4948340619561129,13.369956310612997,0.6417844945415028,0.0219249848323587,39.0,55
11,306.0,4.539273075800391,4.596356779061954,,,,2.0,0.0,98.652679338575,0.4919612193196786,11.5631185410309,0.7290715378152486,0.0236936160188399,38.0,55
11,307.0,4.542565464668547,4.4771396453217855,,,,2.0,0.0,97.4140593242818,0.4683369625194243,13.235221760356223,0.6451412055661894,0.0237950821278809,37.0,55
11,308.0,4.568880937534372,4.735762968878911,,,,2.0,1.0,20.244235759624505,0.4413323931322608,9.666168964612858,0.7392054563648908,0.0246138739615873,36.0,55
11,309.0,4.568923843882038,4.281591425328512,,,,2.0,1.0,29.55522192573261,0.6082227583990856,11.716401540858552,0.6105604293325338,0.0246152202790158,35.0,55
11,310.0,4.576080590836343,4.564333259061922,,,,2.0,1.0,30.54073172959772,0.5658760773496871,4.959106350976206,0.4813883430030775,0.0248403002881103,34.0,55
11,311.0,4.580938866222006,4.643371969592674,,,,2.0,1.0,30.364077035511716,0.4190991003306273,14.117315481582173,0.1236838409232523,0.0249936769873132,33.0,55
11,312.0,4.58949047668596,4.462362218635392,,,,2.0,1.0,27.49705874064232,0.5745846341034855,13.898030221943989,0.3770633953345855,0.0252647997547535,32.0,55
11,313.0,4.640296318410518,4.39706741378371,,,,2.0,1.0,26.52562942687388,0.597589486456261,13.922826493044049,0.6834228474531006,0.0269057201219109,31.0,55
11,314.0,4.646511192248381,4.846932694670437,,,,2.0,1.0,29.245665900329776,0.4201509940008652,14.079519510959807,0.5798788760839332,0.0271099910619918,30.0,55
11,315.0,4.647529547234167,4.713601176407903,,,,2.0,0.0,100.7668625497471,0.4810894848821324,16.48955959459581,0.5331023793668588,0.0271435360900962,29.0,55
11,316.0,4.7747286527959245,4.882121761555768,,,,2.0,1.0,30.932810506625277,0.4521956887704298,9.4647582930423,0.57811272495315,0.0314966179105483,28.0,55
11,317.0,4.801512181541347,4.889279048969477,,,,2.0,1.0,34.79569973669436,0.5460182285799156,11.40122076407175,0.8762605203989567,0.0324544614024186,27.0,55
11,318.0,4.8339747993867,4.693720078813306,,,,2.0,1.0,26.189175306588744,0.4962335035513517,12.2672813849388,0.8246919927059376,0.0336346356478548,26.0,55
11,319.0,4.833987421259612,4.560597576418715,,,,2.0,1.0,34.87777365005405,0.4836731389319013,16.52861183357731,0.6051064221817796,0.0336350986133848,25.0,55
11,320.0,4.89617077846913,5.131072374396015,,,,2.0,1.0,33.01850686342385,0.3645902065706338,13.018653459184724,0.6479270778316543,0.0359546362112022,24.0,55
11,321.0,5.155879599919606,5.255684803636379,,,,2.0,0.0,101.76792470980934,0.5500621365017373,16.172725843864427,0.4852538922901036,0.0464781684934952,23.0,55
11,322.0,5.395952965201444,5.0522219082397495,,,,2.0,1.0,27.27609208949431,0.776794161194355,17.590334829599215,0.8078401310269429,0.0574059061145759,22.0,55
11,323.0,5.938356374243151,5.738746566349359,,,,2.0,0.0,101.52046282674088,0.6759942433672751,15.532249232114136,0.952793969194895,0.0863393818205535,21.0,55
11,324.0,6.102349345711755,5.996842640149956,,,,2.0,1.0,34.41138746329437,0.4635579471641797,23.75441997303597,1.044876084962444,0.0962457146283815,20.0,55
11,325.0,6.175749867110196,6.014440537422215,,,,2.0,0.0,106.20817127249146,0.4493657805208789,19.83523591384576,1.2201808965211014,0.1008538721845043,19.0,55
11,326.0,6.206270925931474,6.420369455776234,,,,2.0,1.0,29.92063255440568,0.6801126535865588,16.829733773193468,1.054496800756875,0.1028017325047347,18.0,55
11,327.0,6.841746018724955,6.750096104826943,,,,2.0,1.0,30.416933481475454,0.5666884800170362,14.860013712876867,1.025824561916106,0.1475901247238904,17.0,55
11,328.0,6.8774356670585,6.9434283112010045,,,,2.0,0.0,101.0070740238715,0.5664528164755348,23.530677846246224,1.1529620450862403,0.1503450735217739,16.0,55
11,329.0,6.899926900294132,7.0636014546478805,,,,2.0,0.0,106.06948759745453,0.6176381327241593,28.308546758977705,0.9528165869182804,0.1520942982763779,15.0,55
11,330.0,7.235084123892131,7.48331258920438,,,,2.0,1.0,30.41250786731212,0.4541132641068772,25.646079111521757,1.216276164093009,0.1793593753644317,14.0,55
11,331.0,7.245580432130738,7.385933919198186,,,,2.0,1.0,27.705516660460425,0.4967695471553347,22.473634554338847,1.22280634883833,0.1802495320569142,13.0,55
11,332.0,7.311324188653725,6.909177160468397,,,,2.0,1.0,26.18267253936692,0.3400083258055916,24.73378878439824,1.471602315556561,0.185875162596707,12.0,55
11,333.0,7.330812141538252,7.39021801188016,,,,2.0,1.0,31.176913163813825,0.4991597572124163,30.22891677222093,1.499279184887656,0.1875593380529514,11.0,55
11,334.0,7.392878039965827,7.256240956740961,,,,2.0,0.0,100.01242273691167,0.5454645396244794,27.39163769367924,1.0629796398512286,0.19297377474014,10.0,55
11,335.0,7.458179961303636,7.483021314826399,,,,2.0,1.0,27.15053239016655,0.6025759792126653,19.577020815361585,1.2503155327764466,0.1987536856736929,9.0,55
11,336.0,7.509846869668437,7.42414162834813,,,,2.0,1.0,27.881302259882847,0.5699889082953484,32.724901359277126,1.3883219619665883,0.203387187878582,8.0,55
11,337.0,7.620599204186283,7.5378968230476,,,,2.0,0.0,109.68195865763327,0.6716504279086438,22.713892383360445,1.496874947139206,0.2134993700572691,7.0,55
11,338.0,7.908828617102438,7.940372957696942,,,,2.0,1.0,32.37979403888852,0.4850862663810616,27.28089865394473,1.4984605160034363,0.2409659839208383,6.0,55
11,339.0,8.138817766953924,8.262959879029314,,,,2.0,0.0,107.94611959574608,0.4140730104291739,24.397344633901703,1.459797371565749,0.2640744804196132,5.0,55
11,340.0,8.186396379417532,8.021943142825712,,,,2.0,1.0,28.55096649943242,0.3773171097299269,33.497346601698204,1.789556612013962,0.2689870740443529,4.0,55
11,341.0,8.844950761876843,8.659123048922751,,,,2.0,1.0,34.80490945029052,0.7217008344714948,30.852737073396828,1.8062931364646024,0.3416344940876469,3.0,55
11,342.0,9.136637734230431,9.280514293706704,,,,2.0,1.0,17.865812400841122,0.6223076510814958,34.395503619847894,2.310418472468955,0.3765832268118081,2.0,55
11,343.0,9.650137287373951,9.53590915222267,,,,2.0,1.0,34.88937339408073,0.612222310916739,30.85371538388281,2.1520227954724795,0.4422432594092138,1.0,55
11,344.0,10.196973553926105,10.337862572019176,catastrophic_failure_replacement,379.2295157364889,,2.0,0.0,84.77836953392016,0.5179128463895796,0.0,0.0,0.0,0.0,55
11,344.0,0.0,0.0,catastrophic_failure_replacement,379.2295157364889,,2.0,0.0,84.77836953392016,0.5179128463895796,0.0,0.0,0.0,87.0,56
11,345.0,0.0004460659959599,0.0,,,,2.0,1.0,23.676007143347995,0.6924047776755996,3.245104702036348,0.0,0.0,86.0,56
11,346.0,0.0113863922038883,0.2403965525199421,,,,2.0,0.0,100.42245120034828,0.4208295154532465,0.0,0.139460562387741,0.0,85.0,56
11,347.0,0.0536823936132214,0.0484316719816134,,,,2.0,0.0,94.61054523381634,0.4812123308590055,0.0,0.0,0.0,84.0,56
11,348.0,0.427818709774909,0.5622774879658201,,,,2.0,0.0,91.27202270958269,0.587975344805974,0.596722184801106,0.3299147577645464,0.0,83.0,56
11,349.0,0.4313859188169291,0.1647841308482142,,,,2.0,1.0,38.97733174731506,0.4733412885253159,0.0,0.0,0.0,82.0,56
11,350.0,0.4860730940658564,0.7702430287769191,,,,2.0,1.0,33.78222199172796,0.6805765624718075,0.0,0.0,0.0,81.0,56
11,351.0,0.5670325423401832,0.4458477128865539,,,,2.0,1.0,23.174339500710783,0.4867558209526949,0.0,0.0915048118376042,0.0,80.0,56
11,352.0,0.5695770005775607,0.6652518936579926,,,,2.0,0.0,101.45825467733256,0.5275206698516163,0.0,0.1947031775962477,0.0,79.0,56
11,353.0,0.5699846618154973,0.6633382717267907,,,,2.0,1.0,23.24518323596677,0.6927558912260415,0.0,0.0,0.0,78.0,56
11,354.0,0.7487868288209574,0.9906462833336364,,,,2.0,1.0,33.470148119693974,0.5240379058331921,1.6212716985707236,0.0216592365339149,0.0,77.0,56
11,355.0,0.7779398395640796,0.7057661551008864,,,,2.0,1.0,35.45430783232871,0.4804111879734549,0.0,0.0,0.0,76.0,56
11,356.0,0.790531457878594,0.8120386806341341,,,,2.0,1.0,33.12309045578943,0.626200976189321,3.749213586730334,0.3832847899162439,0.0,75.0,56
11,357.0,0.7929312988507136,0.8080797701359179,,,,2.0,0.0,97.25117054615068,0.4327105041553594,2.8430815132555898,0.4078907717074728,0.0,74.0,56
11,358.0,0.7984118916722028,1.0569284304611215,,,,2.0,1.0,27.383941715542303,0.656946906538419,0.0328682214135962,0.0391495106936349,0.0,73.0,56
11,359.0,0.8114885616093053,1.0543199543071755,,,,2.0,1.0,32.71533613931782,0.625519190262521,0.0,0.0,0.0,72.0,56
11,360.0,0.8201757023047819,0.6791061934705684,,,,2.0,1.0,28.37648606914693,0.4692263541059645,0.0,0.0,0.0,71.0,56
11,361.0,0.836605718060783,0.7007330686518474,,,,2.0,1.0,30.83382511928389,0.668304364906295,0.2267938191299288,0.148930082517591,0.0,70.0,56
11,362.0,0.9326188657883449,0.8923586311885034,,,,2.0,1.0,32.012281811358754,0.5113150116627028,0.6878733536443342,0.1785047916899372,0.0,69.0,56
11,363.0,0.9386516150808868,1.0180898909642984,,,,2.0,0.0,89.85983224519855,0.4512830721581848,0.0,0.0,0.0,68.0,56
11,364.0,1.091530580407418,1.1859733928618916,,,,2.0,1.0,30.03431017202601,0.5761352810231278,0.0,0.0,0.0,67.0,56
11,365.0,1.1133701254766295,1.053042996945394,,,,2.0,1.0,22.51953072969952,0.5384943388136363,0.6082250295286853,0.0,0.0,66.0,56
11,366.0,1.1430488716459473,1.0730496295516208,,,,2.0,1.0,33.24439364505222,0.463889287472654,0.0,0.0919193741750867,0.0,65.0,56
11,367.0,1.2428341390748143,1.1513224878929589,,,,2.0,0.0,96.95312812504976,0.549229668504154,0.0,0.2370528612167634,0.0,64.0,56
11,368.0,1.300965253064591,1.3559661825844262,,,,2.0,1.0,19.997311546037224,0.4792618959300056,0.0,0.0,0.0,63.0,56
11,369.0,1.3012382474659756,1.096403546894687,,,,2.0,1.0,18.769820714447228,0.5998333693986525,0.0,0.0,0.0,62.0,56
11,370.0,1.4956549793243883,1.457451996659916,,,,2.0,0.0,104.73196716235486,0.4799747260751544,0.0,0.0,0.0,61.0,56
11,371.0,1.5099862095698833,1.3649067158539627,,,,2.0,0.0,102.09369192338652,0.5843864691611832,2.0131437252134425,0.1352881537295301,0.0,60.0,56
11,372.0,1.5388524239430423,1.638368363081808,,,,2.0,0.0,107.6526043568448,0.6811759664289168,1.6430345804675603,0.0,0.0,59.0,56
11,373.0,1.585225864832778,1.52224221847578,,,,2.0,0.0,98.42688525557688,0.6216940397859317,6.921220432844016,0.1339806940015819,0.0,58.0,56
11,374.0,1.6262759720465816,1.632526681926333,,,,2.0,1.0,33.923433418254305,0.5507760928230772,3.556492612181124,0.0211940986782587,0.0,57.0,56
11,375.0,1.7608384865844626,1.8519560803536403,,,,2.0,1.0,29.4577830866144,0.5081599279674278,0.0,0.0,0.0,56.0,56
11,376.0,1.8561761103449803,1.9032803185949985,,,,2.0,1.0,19.565329792799623,0.6679641475909452,0.2881329348696368,0.0,0.0,55.0,56
11,377.0,2.32351126284178,2.115625587215549,,,,2.0,1.0,27.7533062397358,0.6037404560262563,4.674019377486974,0.2601455643166868,0.0,54.0,56
11,378.0,2.3623924954497704,2.3608558354054523,,,,2.0,0.0,103.7395554967722,0.6084806339917158,8.215839868118646,0.175032160240023,0.0,53.0,56
11,379.0,2.517581758205022,2.564867442890852,,,,2.0,1.0,24.44110932110076,0.4304901682728965,0.3168591404859366,0.3924937354436724,0.0,52.0,56
11,380.0,2.521867124497653,2.2555724632246763,,,,2.0,0.0,98.14854957113278,0.4151340824202514,2.8914155401798376,0.0385037502486534,0.0,51.0,56
11,381.0,2.566885522909142,2.490951192202866,,,,2.0,1.0,18.802607242681415,0.386184891123718,10.104374540357828,0.1724230888699881,0.0,50.0,56
11,382.0,2.5697185479171867,2.421398823974229,,,,2.0,1.0,30.43121687574037,0.512604967230204,7.662124157934309,0.0799923984841497,0.0,49.0,56
11,383.0,2.6376505699394284,2.563809832126486,,,,2.0,1.0,28.5749790899273,0.4924364050869149,7.252347461331805,0.4229261863471117,0.0,48.0,56
11,384.0,2.8451260998732,2.8131428840206976,,,,2.0,1.0,40.52149571533453,0.744595906666172,6.5524022239409705,0.1443993636471952,0.0,47.0,56
11,385.0,2.851650042146358,2.8464879304850217,,,,2.0,1.0,32.73865271369664,0.6540724786602291,4.255663786339522,0.0,0.0,46.0,56
11,386.0,3.1329153998426933,3.0607693461453485,,,,2.0,1.0,37.82516503636598,0.5205273827720206,7.308781260333745,0.2185473285884503,0.0001766650351534,45.0,56
11,387.0,3.133029905884517,3.142579818569851,,,,2.0,0.0,104.66394752943997,0.7612743832632669,2.2960515498521623,0.2487900341338903,0.0001769695585964,44.0,56
11,388.0,3.1331185103178445,2.875014809152958,,,,2.0,0.0,86.37590145669309,0.5858002135846107,1.9726535276752264,0.1343122560082065,0.0001772053778924,43.0,56
11,389.0,3.133126617886046,3.4531449308844717,,,,2.0,1.0,32.11194800847294,0.5011037653824252,10.121726476854636,0.0418897949774111,0.0001772269638977,42.0,56
11,390.0,3.3596364872827373,3.250844756651732,,,,2.0,0.0,108.9284602193669,0.6098454524920914,7.972292133005485,0.2605830155763396,0.0012933840298506,41.0,56
11,391.0,3.764451059316126,3.838085828917946,,,,2.0,1.0,26.005131156654382,0.6427175646703533,8.737467418438833,0.1265669674705321,0.0058438542208954,40.0,56
11,392.0,3.981812851013945,3.918997101950832,,,,2.0,0.0,95.79180269947489,0.5517191691915457,11.35255103488362,0.476556875718993,0.0096395647441613,39.0,56
11,393.0,4.128159337165318,3.8372514896476537,,,,2.0,0.0,93.1457541101249,0.663333873058741,11.998048756855988,0.1580478224467391,0.0127274349003329,38.0,56
11,394.0,4.401021286265951,4.676734407290852,,,,2.0,1.0,33.04240601813863,0.5572338419653097,16.464810323991333,0.4872691300700199,0.0196286064457029,37.0,56
11,395.0,4.437586646232894,4.352164968490703,,,,2.0,1.0,21.87252030716239,0.5111876979694077,9.52434139861573,0.3985009772905346,0.0206665536542714,36.0,56
11,396.0,4.546733994499436,4.501466442801537,,,,2.0,1.0,28.180422053745364,0.8128801481789347,15.069251116771005,0.6530385284403908,0.0239238604974018,35.0,56
11,397.0,4.549894895242006,4.68422081407226,,,,2.0,1.0,29.92330150317555,0.4784779337149647,15.791535463512297,0.7329509103861135,0.0240217418629722,34.0,56
11,398.0,4.550942116919971,4.65687653661478,,,,2.0,0.0,101.84557350458478,0.4555663811417786,9.638333972445654,0.4190683035868901,0.0240542145003619,33.0,56
11,399.0,4.553053052149449,4.59498341303914,,,,2.0,0.0,93.8431415519918,0.4147077140757015,14.14969411321544,0.373128636019079,0.0241197378279072,32.0,56
11,400.0,4.5552654787665645,4.770606758732434,,,,2.0,0.0,110.6894014873002,0.423827317755621,13.5776758961411,0.5844855595571022,0.0241885070944299,31.0,56
11,401.0,4.644500704352408,4.686375936334804,,,,2.0,1.0,36.22000443704295,0.6336398158270679,15.61852138562726,0.8312525680148685,0.0270438256661556,30.0,56
11,402.0,4.655871650289667,4.89735423913394,,,,2.0,1.0,26.308569814697886,0.4844070671784319,12.33697632146897,0.4285634498855634,0.0274191092223302,29.0,56
11,403.0,4.6559011411115705,4.867623084228356,,,,2.0,0.0,104.92798868685269,0.4522079206222591,12.235762350700838,0.5274898332976434,0.027420085891346,28.0,56
11,404.0,4.747567090015832,5.024418758892872,,,,2.0,1.0,26.79868943546308,0.3367929874990339,15.783809538153465,0.5937796243499384,0.030539907341064,27.0,56
11,405.0,4.755061366658141,4.61315293099659,,,,2.0,1.0,29.169622805943927,0.6405205732500603,12.76109826990466,0.161794692266131,0.0308024040073594,26.0,56
11,406.0,4.814673509708155,5.073907035211399,,,,2.0,1.0,30.322624374682828,0.463433001864042,15.069977512979102,0.4201753242558877,0.0329303994683651,25.0,56
11,407.0,4.838392123888886,4.795819259926522,,,,2.0,0.0,99.74616999007222,0.5941849988548004,12.624237272475929,0.7956006520920311,0.0337968560117668,24.0,56
11,408.0,5.021917669184739,4.811796473872382,,,,2.0,1.0,40.87985264473456,0.4564627608394708,16.056341116940356,0.4756027802769279,0.0408815106096144,23.0,56
11,409.0,5.0397490620890295,5.051510991338455,,,,2.0,1.0,29.13596178857881,0.3828988480660047,14.362279658605877,0.6093726468615152,0.0416057623629307,22.0,56
11,410.0,5.055404466360146,5.1944280941737215,,,,2.0,1.0,27.242188357888622,0.3298753950099466,15.318631327139371,0.4079257145890947,0.0422468752033323,21.0,56
11,411.0,5.077855135701561,5.090656425060926,,,,2.0,1.0,40.28760352043865,0.5108970904067216,9.80494415695016,0.8220744611141865,0.0431748196496135,20.0,56
11,412.0,5.078670408533446,5.168600522232955,,,,2.0,1.0,30.02239041848452,0.4003038616972858,22.181611761228133,0.5608860212157594,0.043208706673126,19.0,56
11,413.0,5.164829641648333,5.283057437251982,,,,2.0,1.0,25.52156001239957,0.5354995206346609,16.219081391915605,0.8477708648350065,0.0468648737735925,18.0,56
11,414.0,5.722601952829761,5.627927031780659,,,,2.0,1.0,28.18806055650388,0.6334202678713061,18.05732462307962,0.7372427391833617,0.0741256139355242,17.0,56
11,415.0,5.724121722743478,5.920702132455075,,,,2.0,1.0,29.600246350261763,0.3720525831872467,20.262378950498096,0.7828964589786749,0.0742083916032289,16.0,56
11,416.0,5.883640338751992,6.120810490471155,,,,2.0,1.0,29.30588619851592,0.5457090525163218,20.591804060281746,0.942099782007328,0.083153816032777,15.0,56
11,417.0,6.152927379126688,6.1211761019954025,,,,2.0,0.0,110.82549408651953,0.5161945274198892,15.36122721470309,0.9226921627472152,0.0994095105804668,14.0,56
11,418.0,6.193158717151283,6.289615167507691,,,,2.0,0.0,96.33097918351883,0.5524519514054295,23.41702285669233,0.9660982894084836,0.1019626259291922,13.0,56
11,419.0,6.412864166387584,6.377683001619262,,,,2.0,1.0,25.59967643546604,0.5406220242900002,22.856473575371453,1.0518057839430195,0.1164764181821242,12.0,56
11,420.0,6.483267981855565,6.445740529100885,,,,2.0,1.0,42.61460695531397,0.3548202846698682,22.82025957160888,0.9311839903194308,0.1213315583342014,11.0,56
11,421.0,6.741745298493215,6.652121748527376,,,,2.0,1.0,28.7735533071945,0.6188465906377586,19.33479189912581,1.280970766059777,0.1400065787879607,10.0,56
11,422.0,7.047336562434746,7.165007538901683,,,,2.0,1.0,26.57038748325,0.5194557202258955,26.51278599775553,1.2395550880001032,0.163809332496211,9.0,56
11,423.0,7.049397228602825,7.160595389542123,,,,2.0,0.0,93.88378251260691,0.4851491187668742,20.88473252163881,1.2430796845476195,0.1639761791501624,8.0,56
11,424.0,7.171072363052696,7.1146648052361865,,,,2.0,0.0,102.93356885508268,0.4286456386767576,23.70505828903561,1.2529663593361804,0.17397844657822,7.0,56
11,425.0,7.194332034981526,7.254900580577404,,,,2.0,1.0,30.001983310203418,0.4356113874391915,22.133660955310575,1.225327948576685,0.1759242121967227,6.0,56
11,426.0,8.372370489070402,8.316710645058444,,,,2.0,1.0,34.426431752800745,0.6309092075266794,32.04732262124268,1.8708507873895772,0.2886236467183454,5.0,56
11,427.0,8.395050259016825,8.493021687586168,,,,2.0,1.0,26.65178905392145,0.2868147104889536,25.186953397067832,1.972695411376109,0.2910656729731751,4.0,56
11,428.0,8.644964328522152,8.846828800885044,,,,2.0,1.0,34.7355484172312,0.6604012608340154,22.758778725747074,1.846405458740309,0.3186562227028753,3.0,56
11,429.0,8.876454456697108,8.681170644480245,,,,2.0,0.0,106.31844001236573,0.4730884873909182,35.01940726077471,1.9964300611608408,0.3453271698163528,2.0,56
11,430.0,9.505016453842428,9.350824382986769,,,,2.0,1.0,36.46749289708024,0.6291095211617881,43.79934395771176,2.1521910243384736,0.423152390647607,1.0,56
11,431.0,10.001401194532336,9.863249938659717,catastrophic_failure_replacement,424.0908357531036,,2.0,1.0,26.39752195479008,0.6864972045791116,0.7240271549117647,0.0,0.0,0.0,56
12,0.0,0.0,0.0,,,,2.0,1.0,34.45986565121357,0.5155194569729927,0.0,0.3313381133003722,0.0,73.0,58
12,1.0,0.0066319759320579,0.1992903197018383,,,,2.0,0.0,103.59420607419048,0.7402795950468953,0.4213491884796824,0.0,0.0,72.0,58
12,2.0,0.0155730573854729,0.0,,,,2.0,1.0,36.77800099258701,0.6486705371503104,0.0,0.0,0.0,71.0,58
12,3.0,0.0456578317619787,0.0,,,,2.0,0.0,104.04554663087218,0.6663194656716749,0.0,0.1277926254013098,0.0,70.0,58
12,4.0,0.0858891219985781,0.3731504850798127,,,,2.0,1.0,26.50688516792665,0.5906166373052296,0.0,0.0423867327973522,0.0,69.0,58
12,5.0,0.0864687424668624,0.0576750162455252,,,,2.0,1.0,24.22285943523912,0.5720020543477238,0.0,0.0,0.0,68.0,58
12,6.0,0.7436414779820465,0.5939294556159526,,,,2.0,1.0,38.87833125986262,0.6794473370166059,0.0,0.1773040413256759,0.0,67.0,58
12,7.0,0.7440330926594271,0.635836998806636,,,,2.0,0.0,106.6695247343754,0.6259337822138129,3.1705747146086334,0.0,0.0,66.0,58
12,8.0,0.9609203568982124,1.098574636766214,,,,2.0,1.0,30.14388982377298,0.5952388237356308,6.539932711076561,0.0182104800159912,0.0,65.0,58
12,9.0,0.9694605323974947,1.0340561722179475,,,,2.0,1.0,25.070860513504677,0.3298925665062356,2.468711361756219,0.0,0.0,64.0,58
12,10.0,0.9775675494870804,1.001139469388183,,,,2.0,1.0,23.36843120274498,0.4684790681643105,0.2012965979962004,0.0,0.0,63.0,58
12,11.0,0.9775694868813144,1.1167427303603257,,,,2.0,1.0,25.536441701301264,0.4760684577834188,4.534478740385336,0.1049041936369038,0.0,62.0,58
12,12.0,1.008650375034703,1.136222717813214,,,,2.0,1.0,23.67302994076297,0.6825490673778455,0.0,0.0512557270776205,0.0,61.0,58
12,13.0,1.0683511642084205,0.928046024605848,,,,2.0,1.0,30.47019569260696,0.7590015309629119,3.447765966341795,0.1191788988486539,0.0,60.0,58
12,14.0,1.100668416771425,1.146551835482619,,,,2.0,0.0,84.12148825166847,0.5583161368532669,0.0,0.1528966627954749,0.0,59.0,58
12,15.0,1.134156489414175,1.2583819520572377,,,,2.0,1.0,34.26464920228851,0.5644703839436792,2.6803258762638267,0.0,0.0,58.0,58
12,16.0,1.592818808747528,1.5459821238291775,,,,2.0,1.0,37.565710140961286,0.7424502667379533,0.0,0.0,0.0,57.0,58
12,17.0,1.6315335561747435,1.8105917273695884,,,,2.0,1.0,19.317513095309096,0.5942127688316768,9.796653833292629,0.0,0.0,56.0,58
12,18.0,1.931354692346991,1.818899754022311,,,,2.0,1.0,40.36364890410901,0.659719575844651,10.21486936243386,0.2798777494885459,0.0,55.0,58
12,19.0,2.167000866613677,2.045261649369298,,,,2.0,1.0,34.490241581916976,0.6818071451475928,4.53579447763061,0.2682086272823792,0.0,54.0,58
12,20.0,2.167118845143736,1.9048771009582532,,,,2.0,1.0,33.17292998244083,0.6439154271360386,3.4673873974250053,0.3122558434298293,0.0,53.0,58
12,21.0,2.176297217003277,2.437997670729427,,,,2.0,0.0,108.46169986218224,0.6530895715866866,7.423323560819203,0.3918219517333431,0.0,52.0,58
12,22.0,2.2651699204079634,2.4577606685335924,,,,2.0,0.0,103.86570120745482,0.5243361438047793,8.331219381632906,0.2545232681169171,0.0,51.0,58
12,23.0,2.4953241414027305,2.4401400110989475,,,,2.0,1.0,28.07176114805619,0.4790583975168486,0.0,0.3837990236388567,0.0,50.0,58
12,24.0,2.5002639319014746,2.3781922433290585,,,,2.0,1.0,34.27723712751323,0.6172895205742375,0.026670941811993,0.270870481530141,0.0,49.0,58
12,25.0,2.5189344636636672,2.480604552119644,,,,2.0,1.0,32.81331399669814,0.7621869958003191,11.626802897557678,0.1450858322194516,0.0,48.0,58
12,26.0,2.524588545084709,2.282225806389807,,,,2.0,1.0,37.18993975293724,0.5427370152473665,2.2843773494958803,0.1904721674635462,0.0,47.0,58
12,27.0,2.524696607629651,2.537429568214606,,,,2.0,0.0,101.78069163131754,0.6562350858194475,8.551150687995335,0.1213021177473448,0.0,46.0,58
12,28.0,2.531616520366089,2.43494697243127,,,,2.0,0.0,94.09812190273092,0.5787649988292947,4.035503101444103,0.0,0.0,45.0,58
12,29.0,2.783608923265928,2.6679179562108866,,,,2.0,1.0,34.29531568671477,0.4906140401798186,0.3988589276769971,0.2315928407592634,0.0,44.0,58
12,30.0,2.7836607931967143,2.7075897614207785,,,,2.0,1.0,32.4918138838466,0.6484169765007787,5.099625912234217,0.3275118845702215,0.0,43.0,58
12,31.0,2.863551847764763,2.635763387640988,,,,2.0,1.0,31.56238764062546,0.7891216340652873,7.207182221102626,0.1954379276908847,0.0,42.0,58
12,32.0,2.9547036606344816,2.913151112162921,,,,2.0,0.0,93.433231543827,0.6399951040078213,6.963225458014685,0.3750726890897881,0.0,41.0,58
12,33.0,3.047080881604252,3.0634833894784306,,,,2.0,1.0,24.685128023566783,0.6612628668596355,7.323988794046251,0.1807554970702968,2.2166094126335684e-05,40.0,58
12,34.0,3.0634424837874104,3.167142165906723,,,,2.0,1.0,24.334937741589528,0.579335135960543,3.981604940940608,0.264981442561994,4.0249487491158254e-05,39.0,58
12,35.0,3.137279018905394,2.9301323859205013,,,,2.0,0.0,107.05059835589178,0.4989192423415263,10.38820546101714,0.207684340788606,0.0001884552903162,38.0,58
12,36.0,3.1936957829711945,3.174870055350886,,,,2.0,1.0,30.410556704067087,0.8282476039077904,6.089510253858746,0.5131850222419638,0.0003751805634082,37.0,58
12,37.0,3.219146828751879,3.2363254727018407,,,,2.0,1.0,33.32110186397731,0.4502790759138572,6.85349160321944,0.4556810503679431,0.00048025332552,36.0,58
12,38.0,3.979701783678005,4.047884464223571,,,,2.0,1.0,29.92070062942709,0.5535341511670719,12.824574720476845,0.5092363826701999,0.0095981558494186,35.0,58
12,39.0,4.04010568135555,3.88864456464832,,,,2.0,1.0,29.28290792993313,0.5510465448324157,8.968995635812794,0.4242168527424153,0.0108181982838809,34.0,58
12,40.0,4.102976347299168,4.244383450177873,,,,2.0,0.0,96.61361532835627,0.5800030941929011,8.9405096458756,0.4309336029558334,0.0121655682270141,33.0,58
12,41.0,4.139459117189774,4.147602863427052,,,,2.0,0.0,99.68410481507826,0.6595339077445661,4.948677018644295,0.5029673620861475,0.0129836707974689,32.0,58
12,42.0,4.721292991479406,4.564278165303477,,,,2.0,1.0,29.71964420486105,0.6225867118012669,7.92157894976671,0.4482099393928561,0.0296284956251612,31.0,58
12,43.0,4.74364888496756,4.53360428674509,,,,2.0,1.0,33.75172353371306,0.6331871874622291,10.341138329993854,0.4189525309376237,0.0304031143404861,30.0,58
12,44.0,4.743698834693563,4.734158671906016,,,,2.0,0.0,92.008820186242,0.7044568303098869,7.023465533807807,0.3974544926862915,0.0304048562611169,29.0,58
12,45.0,4.770169121965138,4.893061294142242,,,,2.0,1.0,29.546515708026494,0.5383039336738414,18.105932948714297,0.363358423586947,0.0313349872035882,28.0,58
12,46.0,4.772735522806955,4.942282692571475,,,,2.0,1.0,34.98214625497753,0.4645918665363129,11.891769591242156,0.4996152731468525,0.0314259123382164,27.0,58
12,47.0,4.870525498644641,4.834514906333147,,,,2.0,1.0,37.16916530959509,0.7370729779413456,14.348384514816669,0.4588488474390832,0.0349886564107978,26.0,58
12,48.0,4.927231991531742,4.674021772191697,,,,2.0,0.0,93.77261909025044,0.6267256994185177,17.36603894102806,0.5463407581862543,0.037142231491834,25.0,58
12,49.0,5.279485960663604,5.403587794164024,,,,2.0,1.0,20.878285631168183,0.7287984191963373,13.601552643173015,0.7060440481276232,0.0519605624486247,24.0,58
12,50.0,5.3103348307284985,5.393136165721026,,,,2.0,1.0,26.837104517379935,0.504380657564107,18.301756357252035,0.6283808537280573,0.0533764703007727,23.0,58
12,51.0,5.822884523560861,5.807336376664762,,,,2.0,0.0,101.4756450250024,0.8280104946077635,19.028187694278635,0.9320481000048148,0.0796867703335942,22.0,58
12,52.0,5.906595190173926,5.863004771074083,,,,2.0,1.0,24.834639853694025,0.6744342109167676,20.038282123342466,0.8271927434676778,0.084482955995422,21.0,58
12,53.0,6.111923578841373,6.061842014030273,,,,2.0,1.0,24.73702586668981,0.6594902034971835,15.121479963745776,1.0708800272861652,0.0968406836054889,20.0,58
12,54.0,6.210885752687897,6.373662008662471,,,,2.0,1.0,22.748743219434814,0.5375598212619829,24.710412704382023,1.2765409847814049,0.1030978731681412,19.0,58
12,55.0,6.308388521595102,6.4868702793896365,,,,2.0,1.0,24.74321026373753,0.5590958383843219,26.7390831243454,1.0081503697450258,0.1094543460982222,18.0,58
12,56.0,6.322506944189675,6.239644827772703,,,,2.0,1.0,28.649665011076845,0.5203706981750548,22.733118020695954,1.1710798117228705,0.110390523941886,17.0,58
12,57.0,6.460285857986817,6.518124609701965,,,,2.0,1.0,37.91443155162029,0.6966514900349443,20.26513285219885,1.101600271801781,0.1197357821898356,16.0,58
12,58.0,6.473857881331944,6.745270962278269,,,,2.0,0.0,94.24956826678962,0.6178444299616772,22.685171727807635,0.9607870902071544,0.1206768857969206,15.0,58
12,59.0,6.828396297362976,6.907552081875232,,,,2.0,0.0,93.32280591702867,0.6567442290658805,24.4860440901496,0.9105380434354926,0.1465661820966254,14.0,58
12,60.0,6.8350134502427045,6.727894346662839,,,,2.0,0.0,91.38135064739096,0.4310775081863683,20.241605613766588,0.7663485594288064,0.1470732816354245,13.0,58
12,61.0,6.967089214506905,6.8370942573614775,,,,2.0,1.0,26.64909471754207,0.8044130219924263,21.74625188776991,1.1177269507865044,0.1573779683585701,12.0,58
12,62.0,7.129734218493199,7.314673384559232,,,,2.0,1.0,27.00326828326321,0.8918500619351941,22.40590103573089,1.16284581436591,0.1705470471539363,11.0,58
12,63.0,7.171752979958097,7.1936166531725245,,,,2.0,0.0,107.26414675386356,0.6277980867998395,22.14348997968585,1.509019482618448,0.1740352292578926,10.0,58
12,64.0,7.306043538087597,7.229822587249393,,,,2.0,0.0,92.42964136005374,0.6227858969398923,31.55572987364456,1.4200857212232656,0.1854201095190595,9.0,58
12,65.0,7.564026386748363,7.4401015631672305,,,,2.0,1.0,34.461075174782124,0.6091218088431419,20.18928215452909,1.3986885892443264,0.2083033685893532,8.0,58
12,66.0,7.564619012761756,7.31027708337704,,,,2.0,0.0,97.53726312653642,0.6288624457119556,24.05300779028332,1.3286221955369728,0.208357467316661,7.0,58
12,67.0,7.978863699722069,7.959265659623308,,,,2.0,1.0,30.47090276106748,0.6976966807379753,31.10461713917651,1.5495422354407185,0.2478908374041013,6.0,58
12,68.0,8.324822911479295,8.439977019100981,,,,2.0,1.0,24.74511443482526,0.7429357494200314,27.00109818111109,1.7970394676159536,0.2835373903861483,5.0,58
12,69.0,8.601738429387863,8.383062408053977,,,,2.0,1.0,36.8606066104783,0.718671212486581,30.439676916321524,1.73100000785023,0.3137947343128081,4.0,58
12,70.0,9.002161694315069,8.838534050416946,,,,2.0,0.0,95.4214616947868,0.7537442734229142,40.45953738629328,2.12524919303797,0.3602594500470314,3.0,58
12,71.0,9.289320950717872,9.16433077884192,,,,2.0,0.0,98.9419586582946,0.5181165656668629,34.4865968994505,2.222891501591413,0.3955555802113875,2.0,58
12,72.0,9.9576189878876,9.773588253963393,,,,2.0,1.0,27.43433368189569,0.7153859097591986,35.480397652322225,2.3929518510617127,0.4840846198061406,1.0,58
12,73.0,10.310884036665142,10.581456571233248,catastrophic_failure_replacement,864.9098997913143,,2.0,1.0,34.99376503843815,0.5832158167136796,0.6001921933179202,0.0,0.0,0.0,58
12,73.0,0.0,0.0,catastrophic_failure_replacement,864.9098997913143,,2.0,1.0,34.99376503843815,0.5832158167136796,0.6001921933179202,0.0,0.0,87.0,59
12,74.0,0.4165302829089523,0.2300793619012564,,,,2.0,1.0,34.6893726091955,0.672371188409822,0.5613637421876322,0.0,0.0,86.0,59
12,75.0,0.4167857291477193,0.5207745962039184,,,,2.0,1.0,26.59706265789887,0.5661897294906442,0.0,0.0,0.0,85.0,59
12,76.0,0.4183046111331944,0.1290036067229264,,,,2.0,0.0,98.61131221167508,0.5972296855343124,3.720383790449306,0.0,0.0,84.0,59
12,77.0,0.6554890754657654,0.491801666169644,,,,2.0,1.0,33.02649246197964,0.7325222520871346,0.0,0.0,0.0,83.0,59
12,78.0,0.6574567089647358,1.0581302171685616,,,,2.0,1.0,30.10875277598857,0.7407523140569923,0.0,0.0503256419570347,0.0,82.0,59
12,79.0,0.8981629224822486,0.6329623456986984,,,,2.0,1.0,29.08181971163577,0.5701881171876364,0.0,0.0,0.0,81.0,59
12,80.0,0.8981634521010726,1.2383894855908564,,,,2.0,1.0,35.70196440355126,0.764643284559251,3.413131827511798,0.0287593671158921,0.0,80.0,59
12,81.0,0.9006357094893295,0.9305295888469836,,,,2.0,1.0,30.29204719106176,0.6664729566668368,2.762040627680889,0.0724473750224867,0.0,79.0,59
12,82.0,0.90350400530436,0.7214792526161484,,,,2.0,1.0,27.480216291684563,0.5996484805988975,0.0,0.1226182292222549,0.0,78.0,59
12,83.0,0.9334092913505144,0.6711990650257935,,,,2.0,1.0,32.08206682489986,0.5929472146024256,3.022542310159022,0.0,0.0,77.0,59
12,84.0,0.9698189162480876,1.1515132492530784,,,,2.0,1.0,29.43148549729534,0.4411868315094358,0.2035921477379758,0.0,0.0,76.0,59
12,85.0,1.0597448363131083,1.1648696943629224,,,,2.0,1.0,29.3323445184,0.6370168619870347,0.1792275109421455,0.0834029581031279,0.0,75.0,59
12,86.0,1.0597967968311386,1.010058717424535,,,,2.0,1.0,30.280342359411986,0.4292891104247319,3.674602130468012,0.0,0.0,74.0,59
12,87.0,1.0884034801823672,1.085431322632454,,,,2.0,1.0,29.250516489671863,0.380344256047912,0.0,0.0,0.0,73.0,59
12,88.0,1.2273405623064275,1.4478206227342083,,,,2.0,1.0,35.515767342841364,0.726746376888009,5.882688194557647,0.3489163612172185,0.0,72.0,59
12,89.0,1.2504146133621132,1.088058424414749,,,,2.0,1.0,27.06966955205677,0.5368986320830261,0.1887387747007403,0.0904603077943179,0.0,71.0,59
12,90.0,1.2536166289071389,1.2638211663927497,,,,2.0,0.0,108.03587179135842,0.8904360436135224,7.459487048742029,0.0,0.0,70.0,59
12,91.0,1.2865913253122867,1.2552360301185064,,,,2.0,1.0,21.25885729279475,0.5774464932159413,0.0,0.0,0.0,69.0,59
12,92.0,1.3154269779291077,1.327542714371343,,,,2.0,1.0,33.318118564629245,0.7161899293301897,0.0,0.0,0.0,68.0,59
12,93.0,1.316187355877422,1.1969941831888713,,,,2.0,1.0,34.43034731874654,0.5195002037186967,0.0,0.0,0.0,67.0,59
12,94.0,2.3124725550938128,2.439613049818776,,,,2.0,0.0,105.0270030682811,0.6521797799149441,5.9856447783372335,0.0,0.0,66.0,59
12,95.0,2.341702915625357,2.459092708735723,,,,2.0,1.0,27.00200190772753,0.5613536944604804,2.4885136105554846,0.0,0.0,65.0,59
12,96.0,2.357420518834987,2.464659643459691,,,,2.0,1.0,34.60909719525037,0.4810552873233837,7.907776888132557,0.5278479883195264,0.0,64.0,59
12,97.0,2.3905307655320738,2.34728128546198,,,,2.0,1.0,33.01102868425158,0.6403564141011246,0.14571398681674,0.0,0.0,63.0,59
12,98.0,2.412219754733526,2.7784667103002008,,,,2.0,1.0,29.614462229022777,0.5349056587631957,0.0,0.0,0.0,62.0,59
12,99.0,2.4122208148248503,2.491316312911205,,,,2.0,1.0,23.617900226011137,0.6375923588874909,2.379337995992869,0.0,0.0,61.0,59
12,100.0,2.412376338748269,2.3670099950486194,,,,2.0,1.0,26.81330167535499,0.5934238117964926,3.3208666568899403,0.2996056333565028,0.0,60.0,59
12,101.0,2.4129732192819118,2.1175938114892787,,,,2.0,1.0,30.354386521772117,0.6928300062696802,1.0016914183207586,0.0,0.0,59.0,59
12,102.0,2.4860628649339214,2.4470371469858296,,,,2.0,1.0,27.67802193879443,0.6378109441000518,4.143445224488166,0.2904119942331828,0.0,58.0,59
12,103.0,2.558285003635021,2.67732426813442,,,,2.0,1.0,24.31625162111109,0.5488966777297182,5.332948484050882,0.0461768537156625,0.0,57.0,59
12,104.0,3.168186308587235,3.169450565614005,,,,2.0,1.0,24.73810705245857,0.5472014283298345,10.106998001029591,0.2687841063518946,0.000282866343962,56.0,59
12,105.0,3.202991161734727,3.051152742708921,,,,2.0,1.0,34.88331523529463,0.6187835610237766,7.769166327843701,0.4133248481217709,0.0004120541174241,55.0,59
12,106.0,3.3317717562281786,3.224722233264476,,,,2.0,1.0,26.787365147122973,0.6290102525205253,11.226310284478249,0.4379981721424292,0.0011007249823072,54.0,59
12,107.0,3.338676086391809,3.2987837397042266,,,,2.0,1.0,20.91834723500579,0.6152007495209101,8.840134911013564,0.0,0.0011470149149367,53.0,59
12,108.0,3.391802889926087,3.513141390712883,,,,2.0,1.0,31.705838075505337,0.5687751454506509,5.914135270231703,0.1057553901596609,0.0015350950455443,52.0,59
12,109.0,3.487360586950859,3.3140258091372834,,,,2.0,0.0,91.80984772159889,0.6292032107587402,5.364314171384031,0.6034592228238042,0.0023752034171308,51.0,59
12,110.0,3.777186134817283,3.643888959058221,,,,2.0,1.0,33.331793707792635,0.6511769995931622,14.376642684810715,0.1276517105126828,0.0060401828815222,50.0,59
12,111.0,3.777187536240922,3.606993898091405,,,,2.0,1.0,33.01320378185069,0.7077833232570544,10.73867071386633,0.2491639120446144,0.0060402046648823,49.0,59
12,112.0,3.777187536409435,3.859992743621113,,,,2.0,1.0,28.35639253657557,0.6203992547547795,13.30648765373678,0.2656304486258127,0.0060402046675016,48.0,59
12,113.0,3.783049000746732,3.812127112457658,,,,2.0,1.0,46.1968450335354,0.4184581312516426,10.622699705142573,0.3158589739529746,0.0061316573757045,47.0,59
12,114.0,3.824826763905504,3.903281593679168,,,,2.0,1.0,28.64144307929153,0.5749413492283415,11.245602576637376,0.5008059941903723,0.0068033919045482,46.0,59
12,115.0,3.8291808515194776,3.954523842160027,,,,2.0,1.0,35.69453850341447,0.4830083451019621,6.759958217179663,0.5043386820863494,0.0068754088452656,45.0,59
12,116.0,3.866564999972341,3.779563999504291,,,,2.0,1.0,25.066757938281484,0.6705332579302098,7.873532189743994,0.3431050532843502,0.0075093489917706,44.0,59
12,117.0,3.95138619667016,3.884667365543168,,,,2.0,1.0,24.98217552898045,0.5933569754661715,11.095000692895692,0.399485282000083,0.0090513569521451,43.0,59
12,118.0,4.339974209490171,4.187135757972977,,,,2.0,1.0,25.18346246845855,0.5645129292687575,5.755874779763508,0.3753256485291913,0.017955308820988,42.0,59
12,119.0,4.3598743183922855,4.562943986694081,,,,2.0,1.0,23.55991389881608,0.6843592871294126,15.155414628211483,0.5124524937333079,0.0184925816182288,41.0,59
12,120.0,4.365783124740502,4.129173255133097,,,,2.0,0.0,84.79588599408292,0.6196283571192625,10.3453765771036,0.7410072363373429,0.0186536354382593,40.0,59
12,121.0,4.365795981077798,4.302232436439348,,,,2.0,1.0,33.4482292000507,0.6044458118796112,4.637446833431442,0.5558973054985576,0.0186539866192826,39.0,59
12,122.0,4.369360262490942,4.490817250363415,,,,2.0,1.0,32.66758535224409,0.4823987863309069,7.012678116891741,0.5562873302391058,0.0187514752848926,38.0,59
12,123.0,4.4025930397784725,4.215228459948309,,,,2.0,1.0,34.59636779959273,0.7294441315238344,10.944597578625553,0.3917587083053973,0.0196726723523501,37.0,59
12,124.0,4.41926441769691,4.454918191211486,,,,2.0,1.0,30.438019563693317,0.6282269830827488,10.364539287530514,0.2890679046339485,0.0201431148734054,36.0,59
12,125.0,4.449943716211463,4.119465594969401,,,,2.0,1.0,32.95466142858267,0.6581003061142076,10.850228425796548,0.180863451753965,0.021023367801811,35.0,59
12,126.0,4.452469693294581,4.636942320305484,,,,2.0,0.0,101.53431695430464,0.7161152729121996,8.531950963050889,0.4548955605646229,0.0210966820993925,34.0,59
12,127.0,4.4950295437006975,4.602817552805435,,,,2.0,1.0,31.811538721195863,0.6896441183842578,11.434377240061044,0.2803783365732696,0.0223511333653791,33.0,59
12,128.0,4.53319224511004,4.529853539998145,,,,2.0,0.0,97.2735810665582,0.6910140552927133,13.046440770461947,0.5294793050292752,0.0235067846046556,32.0,59
12,129.0,4.626970204024399,4.913167590032295,,,,2.0,1.0,31.605894608898694,0.4619097133940278,10.717956997655516,0.3723539866118243,0.0264703204478319,31.0,59
12,130.0,4.693358352002726,4.713521230091439,,,,2.0,0.0,87.73689412730778,0.5461641182226054,11.493739660015338,0.3547364688674447,0.0286746250829739,30.0,59
12,131.0,4.744471469398047,4.73390496608675,,,,2.0,0.0,116.98356965325284,0.5827124207410431,11.77243162870688,0.6234416212276203,0.0304318070754378,29.0,59
12,132.0,4.744631225385424,4.92821920497835,,,,2.0,1.0,27.187562410087292,0.5775808900174568,14.503565276662318,0.4249049196966715,0.0304373811258984,28.0,59
12,133.0,4.84505444679359,4.574991549233038,,,,2.0,1.0,35.40033141250817,0.6646831674660115,15.02964095642734,0.7901966570681467,0.0340422591163279,27.0,59
12,134.0,4.85029618180915,4.829948781478802,,,,2.0,1.0,31.902740100019678,0.6010334687364164,15.881465848714598,0.8903479263474692,0.0342359596041751,26.0,59
12,135.0,4.863898225071901,4.964137437258514,,,,2.0,0.0,99.54350367632522,0.7547407465216639,17.84001145269726,0.7077086097372053,0.0347411659342618,25.0,59
12,136.0,5.110924440671931,5.18453927208223,,,,2.0,1.0,28.23624115004225,0.4926348320454098,13.433960872355444,0.7279972436801988,0.044560019942261,24.0,59
12,137.0,5.33612692217621,5.420896820435099,,,,2.0,1.0,24.47159673519351,0.6513697595445733,15.60318425361132,0.7405735759434339,0.0545748899651649,23.0,59
12,138.0,5.433465349526275,5.435775620192469,,,,2.0,1.0,21.69067405536861,0.7251765645064163,13.136976791701848,0.5816761208304184,0.0592175360734503,22.0,59
12,139.0,5.477864106500029,5.544180785027686,,,,2.0,1.0,20.579798926127506,0.7434546788498726,21.58747088370876,0.5545652348434443,0.0613981053028118,21.0,59
12,140.0,5.703066220956806,5.462118361879754,,,,2.0,0.0,96.14327399342746,0.5529810496083675,15.071131706508044,0.7960081521033697,0.0730656699487771,20.0,59
12,141.0,5.8149543665850025,5.80877378042397,,,,2.0,0.0,99.3465317195774,0.4846775699647783,16.134790853976384,0.97865237242282,0.0792396808595597,19.0,59
12,142.0,5.817530146083702,5.817874837980416,,,,2.0,1.0,30.065424969752712,0.6478944805083345,15.546319006122346,0.6424485485840501,0.0793847612409045,18.0,59
12,143.0,6.133272185640053,6.104721606909464,,,,2.0,1.0,28.056982494727087,0.4680724621098187,25.5068675647641,1.206550337959612,0.0981739458930559,17.0,59
12,144.0,6.149612161975307,6.015950049765677,,,,2.0,1.0,23.91037924248893,0.6460826734247348,19.43443191254249,0.6432440959732334,0.0992005677086277,16.0,59
12,145.0,6.219425432375328,6.211854902711036,,,,2.0,1.0,29.21246220360104,0.6253802697408581,23.888090551245185,0.9744946297589356,0.1036470011462506,15.0,59
12,146.0,6.373860953160484,6.324484075456087,,,,2.0,1.0,23.34937624137024,0.4849206060637561,17.574140916425876,0.9186685171349256,0.1138293773126097,14.0,59
12,147.0,6.403964673611199,6.312497971278787,,,,2.0,1.0,28.393239010651044,0.8494327635429657,19.58859045820896,1.2504780934958797,0.1158697549919299,13.0,59
12,148.0,6.412701502898688,6.581800666671798,,,,2.0,1.0,30.40871729363044,0.6952767577015206,28.305549183777355,0.7554873040591663,0.1164653154788696,12.0,59
12,149.0,6.583448904181307,6.2938731614261085,,,,2.0,1.0,30.950900632226418,0.6048704279243131,21.21250684572248,1.3698681207404704,0.1284110604887821,11.0,59
12,150.0,6.604514577933892,6.430703383693277,,,,2.0,1.0,22.343344778945536,0.5108733800099705,26.61998199953721,1.023184808311733,0.1299252534253794,10.0,59
12,151.0,7.053139044162798,7.2705377314100765,,,,2.0,0.0,105.95100931017096,0.7624594528678216,26.95730838584999,1.084188593270252,0.1642793611131691,9.0,59
12,152.0,7.063875783147076,7.24392705018239,,,,2.0,1.0,30.6568948494757,0.4736965031777263,27.72223200301746,1.3066942859081745,0.1651508638084926,8.0,59
12,153.0,7.143336374308746,6.848492995225349,,,,2.0,0.0,104.4278085857468,0.5832800855603123,21.18588751586587,1.2556709629170488,0.1716723631066994,7.0,59
12,154.0,7.361049400156391,7.650275090596481,,,,2.0,1.0,31.05806469332813,0.6569692777379962,28.496969834773164,1.5068900517788075,0.1901875187060441,6.0,59
12,155.0,7.5964724564736,7.644748388994073,,,,2.0,0.0,110.4778494963038,0.8176026146695106,28.902026156371456,1.5477496376014386,0.2112755904312045,5.0,59
12,156.0,7.905529588798753,8.026614255625937,,,,2.0,1.0,29.4733007553878,0.4808172579505788,34.36866172049646,1.5443081304952242,0.2406422054658006,4.0,59
12,157.0,8.424803323892954,8.323118642323829,,,,2.0,1.0,36.41931795239077,0.5112357727379981,27.750756685730718,1.9071016188452588,0.2942849110292005,3.0,59
12,158.0,8.70547451531024,8.661640915305643,,,,2.0,0.0,111.72448523252656,0.4335534888791933,34.50363870474022,1.9423030082744064,0.3255243944485462,2.0,59
12,159.0,9.30911943089842,9.455809652378898,,,,2.0,0.0,104.37079472147671,0.6114439846944401,32.27427597989215,2.2514625839465143,0.3980498799334,1.0,59
12,160.0,10.119498991013694,10.036212235986964,catastrophic_failure_replacement,713.6676339303841,,2.0,0.0,102.1654403466724,0.7468414388016682,0.0,0.0,0.0,0.0,59
12,160.0,0.0,0.0,catastrophic_failure_replacement,713.6676339303841,,2.0,0.0,102.1654403466724,0.7468414388016682,0.0,0.0,0.0,106.0,60
12,161.0,1.2053001121465505e-05,0.0037379182096796,,,,2.0,1.0,38.17821202488164,0.7019143599078415,0.0,0.0866560818268234,0.0,105.0,60
12,162.0,0.0727188425944182,0.2109007412422905,,,,2.0,0.0,100.05728054590494,0.69874545983162,0.0,0.0,0.0,104.0,60
12,163.0,0.0830191483746214,0.0987667349622101,,,,2.0,1.0,22.247300833644715,0.4959066817053585,0.4434354570359645,0.0,0.0,103.0,60
12,164.0,0.1164742447579876,0.2152815920433394,,,,2.0,1.0,30.597616707457775,0.700935786682412,0.0,0.0,0.0,102.0,60
12,165.0,0.1677499311739518,0.2853086231145947,,,,2.0,1.0,22.834300299153902,0.6135363889950797,6.374219792265908,0.2091738362502541,0.0,101.0,60
12,166.0,0.4900726837606069,0.7491196764920482,,,,2.0,1.0,28.35124146103073,0.6239861056803941,0.0,0.0,0.0,100.0,60
12,167.0,0.765381003504576,0.8569612385382609,,,,2.0,1.0,31.190878009136284,0.6475167377902268,0.0,0.0193039723456563,0.0,99.0,60
12,168.0,0.7772386601537418,0.6816152713598937,,,,2.0,1.0,36.47439682551077,0.5211645860616356,0.9663771286428487,0.1666058318493633,0.0,98.0,60
12,169.0,0.8357723442141674,0.8551612676544199,,,,2.0,1.0,30.398623263606368,0.672716910232519,0.8069317602886583,0.0,0.0,97.0,60
12,170.0,0.8358065517393989,0.6553202667504282,,,,2.0,0.0,92.28896758592936,0.6235039543257421,9.156932371437438,0.0050544776428992,0.0,96.0,60
12,171.0,0.8403753695034564,0.708349493917144,,,,2.0,1.0,35.04045150682975,0.668833892182278,1.1761008074088493,0.0,0.0,95.0,60
12,172.0,0.8420149076929124,0.7532581104406781,,,,2.0,1.0,26.85020852167553,0.5054769411399391,2.044877644622194,0.114098864618912,0.0,94.0,60
12,173.0,0.930013161293324,1.0599181527533303,,,,2.0,1.0,37.94991502332751,0.5668419072202602,5.609042085828505,0.0,0.0,93.0,60
12,174.0,1.0030878440594615,0.9519361376861072,,,,2.0,1.0,29.172603115967725,0.6069083614549802,0.0,0.1271994240330045,0.0,92.0,60
12,175.0,1.003094368981791,1.1217292376630548,,,,2.0,1.0,36.23597063436436,0.6309238947777847,0.0360076482452789,0.0,0.0,91.0,60
12,176.0,1.0057196494353355,1.1715909074921151,,,,2.0,0.0,108.98050449277864,0.4695072336889887,0.0,0.1694935531739392,0.0,90.0,60
12,177.0,1.04723604041384,1.011988151940276,,,,2.0,1.0,31.358978126661626,0.5125963038398671,3.629062053844844,0.0220395623758886,0.0,89.0,60
12,178.0,1.2079035003074967,1.1998185703570994,,,,2.0,1.0,21.69953765999563,0.5605350867377028,3.471600173557676,0.02174246494476,0.0,88.0,60
12,179.0,1.2364301775601645,1.21641764662157,,,,2.0,1.0,19.614895234493552,0.5778461098544025,1.6968643596228137,0.0,0.0,87.0,60
12,180.0,1.4866922254548225,1.3021503066064453,,,,2.0,1.0,28.44615548899244,0.5703848908210416,5.067297888756616,0.1046461493603053,0.0,86.0,60
12,181.0,1.5144744663870096,1.6516293443307406,,,,2.0,1.0,25.95650729618725,0.6321173476525315,0.1514803474687376,0.1301329293789242,0.0,85.0,60
12,182.0,1.5222609728088985,1.350450475023313,,,,2.0,0.0,109.16992982718888,0.6171859279101845,2.659738964698118,0.1215594284078398,0.0,84.0,60
12,183.0,1.5245559087364802,1.6297861798413664,,,,2.0,1.0,40.80610516158508,0.6415492179265024,0.0,0.1497758638536932,0.0,83.0,60
12,184.0,1.6794699771680333,1.5453849323220452,,,,2.0,1.0,29.71128580201397,0.4813078174710348,2.6760356570630277,0.2252965539676154,0.0,82.0,60
12,185.0,1.680371109976036,1.7114281891472218,,,,2.0,1.0,32.4646468284327,0.4300764970801293,2.76681031519962,0.131023711360282,0.0,81.0,60
12,186.0,1.852361021728159,1.9382406590611012,,,,2.0,1.0,33.675263057200326,0.5514942644696573,3.5566562313622656,0.0769942205974722,0.0,80.0,60
12,187.0,1.853121254249084,1.763911536079163,,,,2.0,1.0,33.01809211883416,0.8236674506446121,2.440771670629406,0.2073140135642703,0.0,79.0,60
12,188.0,1.8535780224306664,2.0259572687682663,,,,2.0,1.0,38.70734785685664,0.4867669819718666,0.0,0.1359796755158696,0.0,78.0,60
12,189.0,1.8719807290338744,1.718290273945156,,,,2.0,1.0,29.95877025435449,0.3982667717954022,1.6267691394139283,0.0,0.0,77.0,60
12,190.0,1.8991210572274104,2.065630303191185,,,,2.0,1.0,26.773054009488234,0.542744917972886,1.5725946562200717,0.1224429282423286,0.0,76.0,60
12,191.0,1.8991949214508472,1.997621911515865,,,,2.0,1.0,19.340181571891375,0.6216618328686336,7.28054063382185,0.1971071109799798,0.0,75.0,60
12,192.0,1.903876320834452,1.7950163295193655,,,,2.0,0.0,102.63722139670745,0.5910352314441164,0.0,0.0,0.0,74.0,60
12,193.0,2.031574091058185,2.1379689116344744,,,,2.0,1.0,31.91984947450297,0.6190805784226893,5.918496104031556,0.1422690223260689,0.0,73.0,60
12,194.0,2.0324586797619304,1.805305721057224,,,,2.0,1.0,28.219749044803823,0.7324346384647651,0.0,0.1064936969982476,0.0,72.0,60
12,195.0,2.033945312455674,2.162069071409962,,,,2.0,0.0,92.10546086844025,0.5845195610619772,5.596663707396336,0.0223206204584593,0.0,71.0,60
12,196.0,2.091858141875672,1.9936755131587045,,,,2.0,0.0,106.24580803342064,0.8146994214395205,3.341542031943536,0.3589625688464968,0.0,70.0,60
12,197.0,2.093468337278562,2.0555708454025727,,,,2.0,1.0,33.32661085701091,0.5832262511458085,5.681221185341138,0.2319236473360729,0.0,69.0,60
12,198.0,2.1011897926405525,2.2176422474072504,,,,2.0,1.0,29.996221830815443,0.6889719537274162,10.287480416862897,0.0943635720436839,0.0,68.0,60
12,199.0,2.1112926331564643,2.27904192607942,,,,2.0,1.0,26.497130912625806,0.3569365320643268,9.190797943121826,0.2634306500687902,0.0,67.0,60
12,200.0,2.1257614348993465,2.229801591816674,,,,2.0,1.0,30.15152366359911,0.5600246257784585,1.8425880869488127,0.1676992523571031,0.0,66.0,60
12,201.0,2.1263075932091606,2.189693598291312,,,,2.0,0.0,116.2008961904353,0.6560961997326625,1.1748354150181275,0.0,0.0,65.0,60
12,202.0,2.131847209126946,2.2064619781419914,,,,2.0,1.0,28.399193110935396,0.5595517514083447,5.541317339391776,0.0261274851357569,0.0,64.0,60
12,203.0,2.1652662866396053,2.2054873974440943,,,,2.0,1.0,26.48783931062262,0.5485281819447578,6.450885464092632,0.3035584656403786,0.0,63.0,60
12,204.0,2.202285517287628,2.171142642373819,,,,2.0,1.0,31.03845243417796,0.584000464826636,0.0,0.0,0.0,62.0,60
12,205.0,2.2578839163154805,2.257077398144232,,,,2.0,1.0,37.06156802674472,0.6211361451396138,3.948922156013659,0.0975113928246383,0.0,61.0,60
12,206.0,2.3383975162963977,2.285199144372961,,,,2.0,1.0,25.687363061010014,0.6829396491364493,4.37951186997808,0.1703576278452672,0.0,60.0,60
12,207.0,2.346175184058771,2.4016604822262897,,,,2.0,1.0,29.881973727398076,0.5758356209892094,2.6027582725012124,0.0046719912022858,0.0,59.0,60
12,208.0,2.444762640439839,2.3156078988436177,,,,2.0,1.0,30.220929686493275,0.5828548769288927,8.914873748129802,0.0,0.0,58.0,60
12,209.0,2.444762981010939,2.3944892495760293,,,,2.0,0.0,107.06186292848945,0.679248972454728,3.208036533625876,0.0,0.0,57.0,60
12,210.0,2.7017290193417587,2.447573683792502,,,,2.0,1.0,30.51689465094044,0.7190050525213956,6.577924549833299,0.2471849021242845,0.0,56.0,60
12,211.0,2.718489208389705,2.584746354614885,,,,2.0,1.0,36.46545427644626,0.4580804545879595,8.056846183068282,0.2519199768185379,0.0,55.0,60
12,212.0,2.7531037164178422,2.7275128739159022,,,,2.0,1.0,26.84330643906144,0.5165485391892674,6.566754733862513,0.2189328718570616,0.0,54.0,60
12,213.0,3.2456879701352657,3.3557954795858844,,,,2.0,1.0,30.54640828828361,0.6247406641325689,7.385489177470658,0.4887404732007485,0.0006036257866918,53.0,60
12,214.0,3.2493255811395585,3.108314562246983,,,,2.0,1.0,32.08281614448703,0.5685210486374899,8.45698432357667,0.1380969970616633,0.0006216324541057,52.0,60
12,215.0,3.34787325168051,3.096125127087773,,,,2.0,1.0,33.30737402012527,0.6739523535721177,11.026231024472992,0.2952277049649141,0.0012101579923477,51.0,60
12,216.0,3.348468675529636,3.216323656457017,,,,2.0,0.0,85.73811741759869,0.5712745657787096,10.740746818543776,0.165019213299698,0.0012143041782537,50.0,60
12,217.0,3.370826028713738,3.2962356681106635,,,,2.0,0.0,79.04934343581697,0.5654918953704632,4.242074822483191,0.4529219052131031,0.001375119435716,49.0,60
12,218.0,3.521016685069819,3.4258317806766883,,,,2.0,1.0,25.45979792138546,0.56339226029936,10.031472900667024,0.1251840248927272,0.0027145838612114,48.0,60
12,219.0,3.549231151299972,3.4067270295499883,,,,2.0,1.0,38.270523141431234,0.5552768886017722,11.390143702331642,0.1663805752037873,0.0030165485755829,47.0,60
12,220.0,3.5505250538677617,3.255081499218889,,,,2.0,0.0,99.4695891778797,0.6057161756754501,9.307394545844256,0.2993566811808132,0.003030778349361,46.0,60
12,221.0,3.8505272560452326,4.026609395267016,,,,2.0,1.0,29.93113214725696,0.7337641839971436,10.260756502264726,0.3141656057544728,0.0072339661327583,45.0,60
12,222.0,4.14521466478872,4.1561928402025,,,,2.0,1.0,28.43292606325116,0.4565639391074426,9.361073304029263,0.2927381886743309,0.0131151662844714,44.0,60
12,223.0,4.235404664006233,4.292955080394046,,,,2.0,1.0,30.202940196399908,0.6265367604310652,11.803247368025996,0.4444980096435807,0.0152622468384835,43.0,60
12,224.0,4.325136949851099,4.583318643863775,,,,2.0,1.0,32.01014239159163,0.5785395138951868,15.073037037621855,0.6743436285536148,0.0175598793586067,42.0,60
12,225.0,4.344777473743635,4.345446506808121,,,,2.0,0.0,106.57226533850942,0.7041180903049324,11.806307220113668,0.4947819419404268,0.0180842645388831,41.0,60
12,226.0,4.351506830833595,4.251948595281433,,,,2.0,0.0,88.06699112353519,0.7919521312797849,10.467788485129471,0.3686138045825098,0.0182657071378986,40.0,60
12,227.0,4.355922880833966,4.415740140298162,,,,2.0,1.0,16.334765213163756,0.4454502858774771,11.649585081850798,0.466406285381777,0.0183852685876908,39.0,60
12,228.0,4.593281838430452,4.7131435510689546,,,,2.0,1.0,32.3440140555991,0.8167728335423251,12.018080992397168,0.6931341100906814,0.0253854701667231,38.0,60
12,229.0,4.776720309361458,4.713637300538071,,,,2.0,0.0,98.417943536978,0.7332467942681892,10.58038456810677,0.405410306123138,0.0315673505769747,37.0,60
12,230.0,4.776779350116664,4.897136784972962,,,,2.0,1.0,31.036750763539068,0.7131144793033986,14.266843945916545,0.8377029049194986,0.0315694485900099,36.0,60
12,231.0,4.798476786171255,4.742824103135252,,,,2.0,0.0,98.6723610594124,0.7390054887780985,13.606262670544266,0.7362018044247798,0.0323451875039688,35.0,60
12,232.0,4.8980103182241965,5.010711724087972,,,,2.0,0.0,101.5627539055696,0.5592940033040369,13.334690744111583,0.4018164144185858,0.0360244316808551,34.0,60
12,233.0,4.90230606225392,5.067802507588646,,,,2.0,1.0,35.554613122428854,0.6655037051134463,9.810187180560938,0.6050425712194047,0.0361876835448801,33.0,60
12,234.0,4.902471026443591,4.6475194803305815,,,,2.0,1.0,35.20014149116073,0.6550567411494075,8.440300384186177,0.6928508779218564,0.0361939600645732,32.0,60
12,235.0,5.5093613765451845,5.468859750709946,,,,2.0,1.0,36.37778521143064,0.3360514269844739,11.216902308936197,0.8266937080495904,0.0629689451809674,31.0,60
12,236.0,5.525536651015162,5.676755828164716,,,,2.0,1.0,21.97382531650325,0.6625955606920476,16.02662464663413,0.7077613911750144,0.0637833537562088,30.0,60
12,237.0,5.527688165000927,5.545883343541383,,,,2.0,1.0,30.799575426147364,0.614558513572066,17.985166885041913,0.8404474689873904,0.0638920745948575,29.0,60
12,238.0,5.527840966905344,5.6176108076295055,,,,2.0,0.0,95.14700022810254,0.7393520535897935,14.889988662646116,0.6933888217709658,0.0638997995396494,28.0,60
12,239.0,5.631772502036545,5.60996053496239,,,,2.0,1.0,27.03943204060178,0.4322129434519023,15.458144067640571,0.8299407191553778,0.0692622650247569,27.0,60
12,240.0,5.747226922736365,5.826034338596842,,,,2.0,1.0,31.536460631276537,0.6562314921198013,18.46540279702372,0.8562591721738296,0.0754725576500751,26.0,60
12,241.0,5.866280887029897,5.825599272075238,,,,2.0,1.0,32.81672709684388,0.2955739598323139,16.589499286837306,0.8023009567895946,0.0821556612335289,25.0,60
12,242.0,5.883425398435649,6.020744419445607,,,,2.0,0.0,105.15604955677728,0.5127214982317136,17.636795106142568,0.9214118171229086,0.0831414202834378,24.0,60
12,243.0,5.901183925612449,6.079137262725187,,,,2.0,1.0,27.25167576909456,0.5319449427496658,18.191958853714432,0.9050395623551006,0.0841686817023206,23.0,60
12,244.0,5.9041224568604544,6.093814137678739,,,,2.0,1.0,27.41271874436652,0.5087972009902995,17.785089308749583,0.806931099335723,0.084339272444412,22.0,60
12,245.0,5.9053443501998455,5.697497790651613,,,,2.0,1.0,26.515805128905644,0.5559407707762127,16.748215996218992,0.9199981097432072,0.0844102579323816,21.0,60
12,246.0,5.969355651509147,5.737055627334842,,,,2.0,1.0,31.263677569685104,0.4462772573733043,19.571481140691343,0.8162399469436211,0.0881707298514931,20.0,60
12,247.0,6.0554532142025375,5.83485343117005,,,,2.0,0.0,102.61964148923082,0.7427504856199794,18.309906348198844,1.0172386496433687,0.0933579434418061,19.0,60
12,248.0,6.11417150086285,5.743823913845818,,,,2.0,0.0,95.20430350701092,0.5607316691135468,14.925328289218694,1.016183964308007,0.0969806413678637,18.0,60
12,249.0,6.305843140792473,5.877910591777914,,,,2.0,0.0,99.05726117380728,0.557082620448009,21.974981608298204,0.9942161176421432,0.1092859887152464,17.0,60
12,250.0,6.330914199709141,6.1583362333381295,,,,2.0,1.0,29.76488071686412,0.6326786731562452,20.75304382312265,1.0441242373293265,0.1109498940582398,16.0,60
12,251.0,6.4638692930639765,6.277555968529244,,,,2.0,1.0,19.55657807468148,0.6227076199075946,19.988899809728743,0.9006300568255914,0.1199839047943153,15.0,60
12,252.0,6.465388164382087,6.51061240716691,,,,2.0,1.0,21.67765707888737,0.5445930106434352,23.99218677172118,0.8786915417236054,0.1200891512983945,14.0,60
12,253.0,6.519585187434435,6.4008927552017685,,,,2.0,1.0,30.20850720266736,0.5914430351678831,22.082349981100005,1.0411757987084147,0.1238747989160789,13.0,60
12,254.0,6.562731345739084,6.708663682812835,,,,2.0,0.0,92.52863698982422,0.5745532872110312,20.420729563784462,1.0085568315123252,0.1269305464191182,12.0,60
12,255.0,6.696564651612026,6.600829512253823,,,,2.0,0.0,101.918700251158,0.6474350186171693,23.44853402192344,1.0900902063430198,0.1366459022354754,11.0,60
12,256.0,6.816667737691426,6.916835892763454,,,,2.0,1.0,21.2080141165737,0.5874421056220172,23.079581660775837,0.9680998307191936,0.1456695261993459,10.0,60
12,257.0,6.977930241141125,7.146524737866042,,,,2.0,1.0,25.558318227902724,0.569519732479901,25.0956160076542,0.9886646035121004,0.1582392900338508,9.0,60
12,258.0,7.013691695714419,6.707832520063151,,,,2.0,1.0,41.21447743266785,0.7527905066929217,24.645448537268603,1.283331076754228,0.1610972102824689,8.0,60
12,259.0,7.045829200294141,7.083147429478783,,,,2.0,0.0,104.96902953262033,0.5071523611458747,21.72864929624932,1.2453803221388602,0.1636873391795272,7.0,60
12,260.0,7.287423521295859,7.1638035564262434,,,,2.0,0.0,96.52567482285087,0.6162612401758704,20.119736446892357,1.0973731236698083,0.1838200045096098,6.0,60
12,261.0,7.466300330626602,7.301906434546026,,,,2.0,1.0,27.860533168150976,0.721407118656867,24.545200729660003,1.452599615916403,0.1994783864335529,5.0,60
12,262.0,7.660218582965649,7.487696211462052,,,,2.0,0.0,104.74353480228524,0.5593101467544438,21.228610102892876,1.3412698107012422,0.2171763724101836,4.0,60
12,263.0,7.842145356437474,7.922937148284197,,,,2.0,1.0,36.74079736991983,0.5416137586520617,28.006604886437174,1.4192762147807003,0.2344637165286898,3.0,60
12,264.0,9.06529307159513,9.156760123188985,,,,2.0,0.0,102.70882973815026,0.5829535511562535,37.35723434437576,2.2471330874288937,0.3678778004433989,2.0,60
12,265.0,9.40944761311907,9.59055378582682,,,,2.0,1.0,27.0763552918672,0.7487847131538624,34.8058057803727,2.2478290460289867,0.4108101870531774,1.0,60
12,266.0,10.064590327596768,10.221791920586083,catastrophic_failure_replacement,451.5497185606203,,2.0,1.0,22.509738871796685,0.5453882004034096,0.0,0.0,0.0,0.0,60
12,266.0,0.0,0.0,catastrophic_failure_replacement,451.5497185606203,,2.0,1.0,22.509738871796685,0.5453882004034096,0.0,0.0,0.0,81.0,61
12,267.0,0.1452614804145939,0.2946225282705395,,,,2.0,1.0,30.371793813969635,0.7002467494764505,0.0,0.2531198766600256,0.0,80.0,61
12,268.0,0.4808119131615191,0.4907589521348218,,,,2.0,0.0,90.43021800924237,0.6150478645038336,0.0,0.3829481996287487,0.0,79.0,61
12,269.0,0.625986790281863,0.3733950487257657,,,,2.0,1.0,33.1706057296325,0.7754199876428736,3.9447053942576975,0.0,0.0,78.0,61
12,270.0,0.7424284568021268,0.8079078782867288,,,,2.0,1.0,24.752531359970003,0.4896431276403317,7.570799189807312,0.132181532094439,0.0,77.0,61
12,271.0,0.7695690015259758,0.5094879639112883,,,,2.0,0.0,105.82699896577616,0.5884472357682985,0.0,0.143821955495752,0.0,76.0,61
12,272.0,0.96435949773706,1.0037207487654014,,,,2.0,1.0,23.608414274417484,0.6712546585582665,0.0,0.4222425693980066,0.0,75.0,61
12,273.0,1.0561421515326586,0.981066833357712,,,,2.0,1.0,28.482705274327785,0.6117603974000875,1.0537310917078075,0.0,0.0,74.0,61
12,274.0,1.1023332843990103,1.46314036286548,,,,2.0,1.0,30.432130478143986,0.3119117698702323,0.0,0.0529173664414548,0.0,73.0,61
12,275.0,1.285667585772127,1.1095782607954838,,,,2.0,0.0,89.32386522740237,0.5243904225044397,0.0,0.0,0.0,72.0,61
12,276.0,1.292123336239162,1.2628404007955163,,,,2.0,1.0,26.07148405442492,0.5026290958265605,0.0,0.3785180705076925,0.0,71.0,61
12,277.0,1.3663030459524497,1.5644859271824665,,,,2.0,0.0,105.16334506394637,0.494171532919241,4.0166986872451,0.1381544900532456,0.0,70.0,61
12,278.0,1.3790832524280006,1.538895140736909,,,,2.0,0.0,88.10559597441156,0.6031153781961169,2.147592242143769,0.0620585953163675,0.0,69.0,61
12,279.0,1.3821606027211697,1.653407394445978,,,,2.0,1.0,34.73920458274229,0.5464836992134657,0.2517862097094734,0.0,0.0,68.0,61
12,280.0,1.416475437749432,1.2738281579308968,,,,2.0,0.0,100.6302321083301,0.6121499018416978,1.3833372345412005,0.2276603786846117,0.0,67.0,61
12,281.0,1.4169034014951187,1.4379205970481963,,,,2.0,0.0,107.01733166350692,0.6518214765016666,6.229713202296335,0.0996499091855795,0.0,66.0,61
12,282.0,1.435789330887747,1.11676410496476,,,,2.0,0.0,103.14844896728825,0.5616172560517223,3.152685601175436,0.0,0.0,65.0,61
12,283.0,1.46769289568264,1.5748920727486055,,,,2.0,1.0,22.350671061314312,0.6681046838510492,2.521608601525942,0.0,0.0,64.0,61
12,284.0,1.5536601514766306,1.3074992396389746,,,,2.0,1.0,32.80483072230834,0.5673387097659238,1.8145162148353664,0.2366319194469255,0.0,63.0,61
12,285.0,1.5584703993264637,1.5077578522076074,,,,2.0,1.0,34.645040116952515,0.6347940084845699,0.0,0.0834420201803017,0.0,62.0,61
12,286.0,1.5585635871862578,1.5686849665277771,,,,2.0,1.0,29.88055562838619,0.6879943256316847,4.636522165861861,0.1483716825892879,0.0,61.0,61
12,287.0,2.036791348941751,1.9987639103349213,,,,2.0,1.0,34.66321725211846,0.461921527744165,5.471223449078948,0.1897517752189493,0.0,60.0,61
12,288.0,2.0379542605618943,2.144199849471033,,,,2.0,1.0,30.20070480046035,0.7176454842552786,2.3050556591846534,0.0951922218155061,0.0,59.0,61
12,289.0,2.0873599989147924,2.209007326497599,,,,2.0,1.0,24.435709731952198,0.6559322346627083,1.0460741991830536,0.0,0.0,58.0,61
12,290.0,2.090906713928842,1.8905995515051148,,,,2.0,1.0,30.062362581650927,0.6169249003530899,2.5634211295924083,0.0,0.0,57.0,61
12,291.0,2.4417764123412087,2.58060750959764,,,,2.0,1.0,31.815298600684667,0.638658436941695,0.0,0.0517718111034599,0.0,56.0,61
12,292.0,2.7981015248600984,2.9069968286647225,,,,2.0,0.0,95.28313454663676,0.5647751840766919,2.849194091575667,0.2815348342746464,0.0,55.0,61
12,293.0,2.86108170009465,2.5968004484005345,,,,2.0,1.0,23.19831803073617,0.4938972876174191,7.16654540385407,0.028958583935141,0.0,54.0,61
12,294.0,2.8628455340210013,2.6076516233782723,,,,2.0,1.0,28.87760391605283,0.6743169330727397,4.102428008374821,0.1032326206151185,0.0,53.0,61
12,295.0,2.862845614311305,2.4517228515584337,,,,2.0,1.0,28.941183825112336,0.5398394151380654,10.625362401487216,0.2967140208336538,0.0,52.0,61
12,296.0,2.866140760975725,3.030307851109427,,,,2.0,1.0,21.98600159063166,0.6887296617278891,6.346433832726776,0.1872236317935284,0.0,51.0,61
12,297.0,2.961676367098149,3.1921924018249173,,,,2.0,1.0,27.618343926518957,0.6856993586435929,7.468400272105811,0.1243765609759043,0.0,50.0,61
12,298.0,2.9672043701990827,2.91295693672116,,,,2.0,1.0,26.841397175217264,0.5416567917654237,3.3829634355122984,0.2729670111159946,0.0,49.0,61
12,299.0,2.994645322240956,3.0153491486447552,,,,2.0,1.0,29.39647215819166,0.5189059884993437,11.150688359268193,0.3874120032268854,0.0,48.0,61
12,300.0,3.1524275201560266,3.045493978762712,,,,2.0,0.0,98.15974369292852,0.6090876294342832,7.169319072877939,0.0797290031799406,0.0002323414890091,47.0,61
12,301.0,3.24779043373054,3.503109900943778,,,,2.0,1.0,29.491848151522948,0.4629189514395248,8.258157550065656,0.4372942845284551,0.0006140009904836,46.0,61
12,302.0,3.2488258315761964,3.0440281001393528,,,,2.0,1.0,26.061640122379085,0.6138766756878337,6.340239183294719,0.4316653025815441,0.0006191429445958,45.0,61
12,303.0,3.2696537838500506,2.986803972513829,,,,2.0,1.0,31.42477194373985,0.6749677878396236,10.8038684791722,0.1920730399201329,0.0007271316314464,44.0,61
12,304.0,3.269834140337417,3.251489113260932,,,,2.0,0.0,105.11521584433002,0.6544871374641998,6.303925695893791,0.1413542528265693,0.0007281046329163,43.0,61
12,305.0,3.895172905145551,3.857058830124709,,,,2.0,0.0,94.82769661481352,0.7586353186759789,12.78023015363502,0.422930838039984,0.0080133453010672,42.0,61
12,306.0,4.065484422573066,3.8853088308032366,,,,2.0,1.0,35.23123672784822,0.7218258926400942,10.254118182645405,0.3174449506783763,0.0113525705474585,41.0,61
12,307.0,4.096083572425208,4.136536809876081,,,,2.0,0.0,102.47133868308369,0.7092144662261426,8.353277248785234,0.4834889156388056,0.012013991977404,40.0,61
12,308.0,4.241515656995801,4.178427992298556,,,,2.0,1.0,24.062006867136432,0.6638025877484968,10.020212959809584,0.3863884271094912,0.0154136112656571,39.0,61
12,309.0,4.525627913597206,4.321866265032647,,,,2.0,1.0,26.921193178679147,0.5805532437024743,10.634268643303509,0.250836879773738,0.0232754053074696,38.0,61
12,310.0,4.537863790866862,4.444309334683466,,,,2.0,0.0,93.98686798910568,0.4590751638793635,6.840644496620248,0.6002099214231632,0.0236502503925939,37.0,61
12,311.0,4.797252509269742,4.738684824306379,,,,2.0,1.0,29.098467974415296,0.4568358876983585,15.146702125664545,0.3544980173867603,0.0323011658207638,36.0,61
12,312.0,4.797807008943108,5.039896748234888,,,,2.0,1.0,25.239072005176805,0.4632138930389013,17.080075660106676,0.2433644708801826,0.0323211004140496,35.0,61
12,313.0,4.865476961796943,4.519428446346818,,,,2.0,1.0,30.330143553372388,0.7926015057125311,14.360172447966168,0.7342395505415539,0.0348000429499515,34.0,61
12,314.0,4.955041127652623,4.948695364361665,,,,2.0,1.0,24.183776690515018,0.5111528604358349,12.505542402106446,0.5145164263973743,0.0382218581081323,33.0,61
12,315.0,5.2229006123572725,5.447914651494121,,,,2.0,0.0,102.77612007660184,0.5548059040691294,16.796751818134965,0.6621665585889256,0.0494128713241834,32.0,61
12,316.0,5.343213787759097,5.397113145848622,,,,2.0,1.0,27.96657331588204,0.4237409076523948,14.846896130618395,0.4776963995142335,0.0549065085514433,31.0,61
12,317.0,5.57022083364737,5.685721678275551,,,,2.0,1.0,24.42552299493993,0.5479270474255918,19.475536458785918,0.8426199376412358,0.0660603513371498,30.0,61
12,318.0,5.622047322353154,5.737281447189848,,,,2.0,1.0,33.674871927541446,0.6683226355856626,19.468160602485234,0.5705157008908489,0.0687513216065934,29.0,61
12,319.0,5.625427732947462,5.75889147927068,,,,2.0,0.0,101.69956088402468,0.4316227224931688,17.21062007811185,1.0583889116528282,0.0689287078092965,28.0,61
12,320.0,5.648724745639764,5.627884424976022,,,,2.0,0.0,99.12380453968017,0.4731485351780067,13.407456721648275,0.8575719784578452,0.0701574277816443,27.0,61
12,321.0,5.809814863802063,5.610629199888075,,,,2.0,1.0,30.82945904369511,0.6924994290469678,21.170086743988648,0.8414706250188444,0.07895059568843,26.0,61
12,322.0,5.916189939340507,5.871124589903367,,,,2.0,0.0,101.10763805043165,0.7101755985110857,20.308271521919316,0.8779586053918127,0.0850416376231079,25.0,61
12,323.0,6.008344463266377,5.976663406343585,,,,2.0,1.0,31.974440559290088,0.5013141674949811,17.652211584359424,1.0084781713609232,0.0905013640966546,24.0,61
12,324.0,6.033460581783021,6.011372413727184,,,,2.0,1.0,29.792593251259618,0.6423498557769775,17.08696061346609,1.0005269296904076,0.0920188310123138,23.0,61
12,325.0,6.048775242986251,5.99201709950947,,,,2.0,0.0,100.0419173251671,0.6490278163863449,18.92320064461014,0.8283400316905112,0.0929503048224587,22.0,61
12,326.0,6.181949580715659,6.133624907992869,,,,2.0,1.0,34.71505574750544,0.634018930995645,19.64449042383381,1.041746472912812,0.1012480313421655,21.0,61
12,327.0,6.409421970476022,6.3646853088373385,,,,2.0,0.0,101.65273259655,0.5527271530298455,20.207934502619324,1.2108210110613504,0.116241581727646,20.0,61
12,328.0,6.505798498761982,6.517622007651156,,,,2.0,1.0,24.201514995867736,0.4227351237706427,22.455514914273294,1.1007876749576275,0.1229062311392176,19.0,61
12,329.0,6.604749608593019,6.79343902838266,,,,2.0,1.0,37.71873780007478,0.7408612937270771,21.972678100487958,1.146423060607435,0.1299421974065152,18.0,61
12,330.0,6.605569570076219,6.759619337003793,,,,2.0,0.0,93.3748919162114,0.6052393297556581,20.70714576392901,1.0041942777538813,0.1300013192465961,17.0,61
12,331.0,6.634731549142183,6.767032650760433,,,,2.0,0.0,109.74262772306594,0.6318110539955856,15.659643951762307,1.2105144271306734,0.1321127343432953,16.0,61
12,332.0,6.731156670857678,6.646523713206995,,,,2.0,1.0,32.50153230442864,0.6567149440773311,23.8703460635241,1.297741713992104,0.1392153010248575,15.0,61
12,333.0,6.948289638893225,6.894077841712953,,,,2.0,1.0,29.86344764820988,0.5423738123333943,28.087331691964504,1.241955063536361,0.155889910725916,14.0,61
12,334.0,6.95650772838367,6.920680903844173,,,,2.0,0.0,99.20337367324284,0.7394167893786092,19.445475087889527,0.9900975079302904,0.156539534047597,13.0,61
12,335.0,7.11313699487401,7.112499174069505,,,,2.0,1.0,30.415620783325007,0.6033537581512027,25.76628397854241,1.334458968873303,0.169178959386012,12.0,61
12,336.0,7.169769659134231,7.375559948364205,,,,2.0,1.0,37.10864229300731,0.7035561517696798,24.3136120732968,1.2525824709297186,0.173869790102364,11.0,61
12,337.0,7.424375078461095,7.373401486271772,,,,2.0,1.0,26.832603710467748,0.5456736615979273,21.86749551837236,1.636601898276532,0.1957509483490762,10.0,61
12,338.0,7.883285493793338,8.251379743701362,,,,2.0,1.0,19.99048899095635,0.8210165830273091,28.67993793866068,1.5688986956979163,0.2384647721389244,9.0,61
12,339.0,8.012853713807973,7.938540439275084,,,,2.0,0.0,106.20407304111988,0.536230538549672,23.292425627121656,1.5451799518263345,0.2512870235603838,8.0,61
12,340.0,8.196334144352917,8.11522994786924,,,,2.0,1.0,33.40176596866798,0.5431108705623707,29.90332358662853,1.802966827311462,0.2700188853976796,7.0,61
12,341.0,8.334800577814482,8.34769120758195,,,,2.0,1.0,24.886442566512585,0.5652875931483904,33.69630340920962,1.828906866866547,0.2846009720504973,6.0,61
12,342.0,8.350858458751828,8.485425392012194,,,,2.0,1.0,28.866455013201197,0.4775363720653264,30.999270189749694,1.5720704513869677,0.2863168624559599,5.0,61
12,343.0,8.756058199497055,8.70995872230305,,,,2.0,1.0,29.8629304018206,0.3109758595293302,34.38645163353513,1.8181269048773123,0.3313220599599726,4.0,61
12,344.0,9.033580346270076,8.86484262655034,,,,2.0,0.0,100.4477516633884,0.5181366953095129,34.94337769902581,2.1927322982776785,0.3640409179489652,3.0,61
12,345.0,9.325515259665435,9.294317288221286,,,,2.0,1.0,19.73514848722465,0.645923141150314,41.44379990628981,2.2209814264225907,0.400121433002603,2.0,61
12,346.0,9.796894541821723,9.703478728266695,,,,2.0,0.0,98.99075936252096,0.5550126404331082,40.16174433005868,2.449871997381885,0.4619777541264593,1.0,61
12,347.0,10.315630559669003,10.312984734392424,catastrophic_failure_replacement,592.9693765080556,,2.0,1.0,34.759920065209904,0.6601633981611476,0.2639483339093653,0.073763553576609,0.0,0.0,61
12,347.0,0.0,0.0,catastrophic_failure_replacement,592.9693765080556,,2.0,1.0,34.759920065209904,0.6601633981611476,0.2639483339093653,0.073763553576609,0.0,98.0,62
12,348.0,0.0003909302646295,0.0,,,,2.0,1.0,29.3712989549316,0.6104330397632907,0.0,0.1962774414536883,0.0,97.0,62
12,349.0,0.0006634669445751,0.2600332714360776,,,,2.0,1.0,33.616709892220904,0.6812694692594059,0.4529376688402751,0.0449454808296335,0.0,96.0,62
12,350.0,0.3633591522994301,0.3522879184402696,,,,2.0,1.0,33.40002898546892,0.8013575685960463,0.0,0.1656864089397891,0.0,95.0,62
12,351.0,0.3668136854141545,0.4279737143548792,,,,2.0,1.0,30.12810738504608,0.631531633582225,2.727472819691358,0.0,0.0,94.0,62
12,352.0,0.3668138815760964,0.2819562475593963,,,,2.0,0.0,106.42212418965369,0.7028048247651787,0.0,0.0500884150807357,0.0,93.0,62
12,353.0,0.3972334413558578,0.4117311500581088,,,,2.0,1.0,27.49915841365302,0.7484326734932428,0.0,0.0,0.0,92.0,62
12,354.0,0.3975169114953762,0.2800773536650948,,,,2.0,1.0,29.31686788025879,0.6902489318506215,9.203049623000153,0.0,0.0,91.0,62
12,355.0,0.3978260535242574,0.4369526422509239,,,,2.0,1.0,30.86112810759041,0.767572303870288,0.8246199935824875,0.0,0.0,90.0,62
12,356.0,0.453731008720013,0.3434220466155325,,,,2.0,1.0,35.87594560927256,0.5627180091367613,7.485018960713256,0.1007622239622753,0.0,89.0,62
12,357.0,0.6902558872079323,0.6494886378332025,,,,2.0,0.0,83.74446575629129,0.6710618258315361,5.167328998706353,0.2403921615864774,0.0,88.0,62
12,358.0,0.8482241757045974,0.7947844818239626,,,,2.0,1.0,29.038230007022584,0.7090847796456425,0.0,0.3524730687255419,0.0,87.0,62
12,359.0,0.8585614227481658,1.0706486225840572,,,,2.0,1.0,30.92722470488069,0.6993582039701214,0.0,0.2591996527095652,0.0,86.0,62
12,360.0,0.8586766302797777,0.743989604677883,,,,2.0,1.0,19.88336626486036,0.6628549011294506,2.2266248288257096,0.0,0.0,85.0,62
12,361.0,1.0524365365640242,1.2737042462651085,,,,2.0,0.0,93.10367276637176,0.6570509548061704,2.727596915328212,0.0674862192480952,0.0,84.0,62
12,362.0,1.056268780911677,1.0743466067285463,,,,2.0,0.0,98.3806059337162,0.588736896629243,2.848622715321617,0.0,0.0,83.0,62
12,363.0,1.351250669796417,1.1916122007952603,,,,2.0,1.0,32.015721551347085,0.5903622821218064,0.0,0.0,0.0,82.0,62
12,364.0,1.4034075742512964,1.4920540782714449,,,,2.0,0.0,108.22467828173193,0.8340431733952111,3.20182407684574,0.0138047900668554,0.0,81.0,62
12,365.0,1.4133567330509536,1.4180266846607803,,,,2.0,0.0,83.5687747733433,0.483744122417117,3.767426023247789,0.0823536884235327,0.0,80.0,62
12,366.0,1.4735687978750516,1.451714493610386,,,,2.0,0.0,100.98844941506545,0.5921786884477658,5.174169321642053,0.0,0.0,79.0,62
12,367.0,1.4908976036224466,1.4422751071836415,,,,2.0,0.0,93.62530341139728,0.657648029916298,1.201539522955501,0.3552558602808561,0.0,78.0,62
12,368.0,1.985099077335555,1.7363246911922812,,,,2.0,0.0,89.85045298186965,0.5777585996139677,1.7699323950087908,0.0,0.0,77.0,62
12,369.0,1.9851006979688075,1.90009897489984,,,,2.0,1.0,32.44282089574525,0.5116805797832787,0.0,0.0227240663505446,0.0,76.0,62
12,370.0,1.9851111442100924,1.8923615609121829,,,,2.0,1.0,29.19633112616273,0.6387958820213786,4.563227353647164,0.0,0.0,75.0,62
12,371.0,2.2286308909514574,2.5300937190738386,,,,2.0,1.0,25.0795048909474,0.5560639434376325,5.99836122767463,0.0,0.0,74.0,62
12,372.0,2.238247861985951,1.9630073019700192,,,,2.0,1.0,21.653286843217124,0.7660352492092609,5.460218268467777,0.2296035019220587,0.0,73.0,62
12,373.0,2.259001703854737,2.009086916307113,,,,2.0,1.0,34.02228436137624,0.6242943572597375,2.514947109267707,0.0588620998385462,0.0,72.0,62
12,374.0,2.284182014533982,2.1440660865279564,,,,2.0,1.0,40.66143203922107,0.5311904934369576,4.428920220090808,0.2444992798030215,0.0,71.0,62
12,375.0,2.289846393358391,2.27238516664628,,,,2.0,1.0,35.85018778645981,0.6501927976315548,4.780134312920637,0.0964968563252999,0.0,70.0,62
12,376.0,2.3802107846823315,2.428410014978481,,,,2.0,1.0,31.160151712579125,0.6032739897376147,6.586083237474183,0.2661289990613718,0.0,69.0,62
12,377.0,2.449042417810904,2.261071529477593,,,,2.0,1.0,38.214545483862096,0.5573636402686346,5.4874491024839935,0.008914063970477,0.0,68.0,62
12,378.0,2.4491816013509045,2.3569547779038054,,,,2.0,1.0,36.05191396875758,0.5757679012363675,4.844108564361102,0.4042373118985194,0.0,67.0,62
12,379.0,2.5576301826568963,2.273291862257003,,,,2.0,1.0,29.456181869527605,0.52809848244138,4.915449756538063,0.0,0.0,66.0,62
12,380.0,2.558875336306275,2.618092799839338,,,,2.0,0.0,98.25097745585146,0.6840018554556416,9.066819041511998,0.0205495595726308,0.0,65.0,62
12,381.0,2.559500936869485,2.6313234420359697,,,,2.0,1.0,22.23190427870132,0.6842761554259872,4.04708581506698,0.1156894115527178,0.0,64.0,62
12,382.0,2.704691432300781,2.7165833400492727,,,,2.0,1.0,33.25537766552245,0.5878945426314387,8.179755642529704,0.416469753288063,0.0,63.0,62
12,383.0,2.705232467077914,2.892226878489527,,,,2.0,0.0,100.27831254256752,0.7039702451852586,5.315384530726799,0.0925882600520386,0.0,62.0,62
12,384.0,2.706287522271443,2.8835337548078206,,,,2.0,1.0,28.77415991543816,0.3558390226423092,2.610805717791832,0.2117406287142362,0.0,61.0,62
12,385.0,2.7157747866991597,2.8280171707606625,,,,2.0,1.0,30.44482136502549,0.6939158676971872,3.407405129725678,0.0575015067861049,0.0,60.0,62
12,386.0,2.7159678690410085,2.8388843834429456,,,,2.0,1.0,29.62462204887891,0.5771621049403111,7.701954570171146,0.269011497493697,0.0,59.0,62
12,387.0,2.722937039321116,2.5955059947058765,,,,2.0,0.0,99.38944100631606,0.567443727601771,2.771614474734603,0.0,0.0,58.0,62
12,388.0,2.7321759939894408,2.5358791013640225,,,,2.0,1.0,26.205530504270676,0.6878507414071205,0.0,0.0927059260542352,0.0,57.0,62
12,389.0,2.7326346699829265,2.7074072687544435,,,,2.0,1.0,23.592800152728863,0.8002079960354141,7.325986015802599,0.0160885240158684,0.0,56.0,62
12,390.0,2.741393018169524,3.069272580336493,,,,2.0,0.0,96.19687471164156,0.6687230064621448,5.45522878225127,0.1663514662007149,0.0,55.0,62
12,391.0,2.74179251920113,2.653777653645812,,,,2.0,1.0,28.56223579122384,0.5820044214165562,0.0,0.0,0.0,54.0,62
12,392.0,2.7422900357623687,2.651914988268895,,,,2.0,1.0,19.88842855346397,0.7618871376473864,7.517953209798238,0.1265614654215466,0.0,53.0,62
12,393.0,2.831776846798834,2.844940752779829,,,,2.0,0.0,98.3765741385114,0.5162531707514111,6.963143563209283,0.0515135821210485,0.0,52.0,62
12,394.0,2.839907508465388,2.7898301020128837,,,,2.0,1.0,35.42188182308145,0.7024275026477803,8.741433724189982,0.2957049657205721,0.0,51.0,62
12,395.0,2.8832964281626285,2.839164168577683,,,,2.0,1.0,29.451817009928035,0.628941429073939,1.2037638343445725,0.2413041317833754,0.0,50.0,62
12,396.0,2.884228209163403,2.942173187965962,,,,2.0,1.0,30.27278878019316,0.6639268598777355,12.065357340448449,0.2828202040503462,0.0,49.0,62
12,397.0,3.2401587979909148,3.4062345880382088,,,,2.0,1.0,21.166763151458536,0.7295699880275471,7.102449216310935,0.3506475824905997,0.0005767624825244,48.0,62
12,398.0,3.387940871613748,3.135971283176049,,,,2.0,1.0,29.216191278606868,0.6184213622535233,5.606676699671775,0.2172603081623123,0.0015049811986843,47.0,62
12,399.0,3.4773877573380974,3.650287100430397,,,,2.0,0.0,103.15161334882424,0.527332304529252,7.882646143602417,0.3490049541048274,0.0022789907085629,46.0,62
12,400.0,3.477461467318056,3.3869110780446907,,,,2.0,1.0,24.176076387174724,0.6480141943593886,6.2526056524945615,0.5381802441077812,0.0022796945277351,45.0,62
12,401.0,3.488327431792426,3.49208156679626,,,,2.0,1.0,32.934404529546825,0.9072935642860074,8.579578151197888,0.1664169700085674,0.0023846368064098,44.0,62
12,402.0,3.541068689494407,3.4479990444002304,,,,2.0,0.0,97.22583765429673,0.659109186583557,8.01537176958843,0.4198084879261128,0.0029275532675119,43.0,62
12,403.0,3.61232049465542,3.455615789495424,,,,2.0,0.0,102.72980901652564,0.8871793308821504,8.597940265206573,0.2160147636591766,0.0037493638817505,42.0,62
12,404.0,3.7109638130977496,3.755007566934465,,,,2.0,1.0,33.6401923411776,0.6340600164024277,1.337299173307659,0.6057891394816088,0.0050546954353449,41.0,62
12,405.0,3.710965356848951,3.681045582480118,,,,2.0,0.0,99.62616854147852,0.5310197572033472,3.281111986785083,0.3389743665799158,0.0050547173863935,40.0,62
12,406.0,3.797497318739411,3.686993045219724,,,,2.0,1.0,39.01993088910795,0.5864089410356026,8.400528743180976,0.5142467110693347,0.0063600197339655,39.0,62
12,407.0,3.859155011388464,3.770028300861709,,,,2.0,1.0,25.377934174770044,0.5457151476145657,7.694686493774265,0.4358526104965728,0.0073814733359391,38.0,62
12,408.0,3.98387606218006,3.7614998740825714,,,,2.0,1.0,27.985819162940544,0.6997340686502349,12.441885224009395,0.4511339894971239,0.0096801210573094,37.0,62
12,409.0,4.061908814960077,3.872107568571536,,,,2.0,0.0,93.87104033222988,0.7583731949512496,14.49608173013269,0.5862379457519923,0.0112765033128991,36.0,62
12,410.0,4.1279304393676295,4.192189831572649,,,,2.0,0.0,106.77171702687308,0.4652424274037913,13.252742015718356,0.1170891281058742,0.0127222707605205,35.0,62
12,411.0,4.154966956723922,4.103470016468594,,,,2.0,0.0,106.71002061112654,0.6057052200711385,7.842589059534472,0.3710470830469994,0.0133394867112411,34.0,62
12,412.0,4.219325586672652,4.157474823684209,,,,2.0,1.0,29.676405303674645,0.8232815602559193,10.209022274431929,0.5270125395834088,0.014867548863146,33.0,62
12,413.0,4.8250051068532205,4.707043898942612,,,,2.0,0.0,104.42456562464774,0.5545635558511106,13.015602705448506,0.4177593514410899,0.0333064364004033,32.0,62
12,414.0,4.951857945890028,4.964065122673826,,,,2.0,1.0,32.87011274021974,0.7370631945574352,13.943681061856884,0.3304213739657227,0.0380974944093404,31.0,62
12,415.0,5.069528603738499,5.004396025736714,,,,2.0,0.0,103.5753666559781,0.6280559847239583,13.6945954787918,0.8670461704373847,0.0428294864169182,30.0,62
12,416.0,5.0879086807511165,5.193604364955887,,,,2.0,0.0,99.8503452664938,0.5121447741540038,16.955747241505826,0.7056582969423216,0.0435936265915586,29.0,62
12,417.0,5.087908884554169,4.965251075330532,,,,2.0,1.0,26.840220267378456,0.5728749430123506,12.698323908791195,0.8695515916997566,0.0435936351020023,28.0,62
12,418.0,5.087920039276491,5.121673892314344,,,,2.0,0.0,91.51537964554672,0.5698551475781022,13.131722061553686,0.3230885361975923,0.0435941009041234,27.0,62
12,419.0,5.247842505439502,5.263389838033508,,,,2.0,1.0,25.32761787844474,0.648562971502828,22.2871044854726,0.6040554554217413,0.0505279592926053,26.0,62
12,420.0,5.252070162876606,5.134052347790175,,,,2.0,1.0,28.961789182637528,0.5592791620078287,16.09859938885952,0.7442241701665447,0.0507182001851906,25.0,62
12,421.0,5.253809383564361,5.431247915930996,,,,2.0,0.0,105.43908745487111,0.6113170596001907,13.982563753583849,0.6433190068634365,0.0507965673744276,24.0,62
12,422.0,5.308759702931909,5.253583500563247,,,,2.0,1.0,20.81790029912326,0.6596705116965647,20.29828206261464,0.7287923519980815,0.0533037136588223,23.0,62
12,423.0,5.407620809564685,5.320468483104313,,,,2.0,1.0,27.49604943779031,0.7122093748428654,12.362124966039737,0.7791646673128498,0.057966379626489,22.0,62
12,424.0,5.538318204932329,5.578065392516025,,,,2.0,1.0,28.16683774543937,0.5821975204463459,15.94070212372044,0.7560203924817084,0.0644305930949088,21.0,62
12,425.0,5.7187631015082445,5.636603226209351,,,,2.0,1.0,28.140312665780947,0.5514982799476592,18.35243200167857,0.8939478768304499,0.0739167280212272,20.0,62
12,426.0,5.719189811106739,5.414141587849354,,,,2.0,1.0,34.36532555088709,0.5332144766582965,14.397744940118402,0.8769622053750514,0.073939932288267,19.0,62
12,427.0,5.9794966405249,5.9757137060200565,,,,2.0,1.0,31.89927186682319,0.5838749674809872,25.45163062828458,0.5298675718241925,0.0887740023089916,18.0,62
12,428.0,6.179281099062663,6.191176391720811,,,,2.0,1.0,29.51042660004262,0.4216352846333008,19.47487917083545,0.7175487391717045,0.1010782830685709,17.0,62
12,429.0,6.189483862540337,6.349577552549669,,,,2.0,1.0,31.271190944404605,0.6068283525177282,19.325956727132034,0.9974712987998812,0.1017280730940522,16.0,62
12,430.0,6.22446493592987,6.092004486100128,,,,2.0,0.0,98.46950438537915,0.6943367939228083,18.74677206747519,1.09318301822578,0.1039717412304122,15.0,62
12,431.0,6.550680035527644,6.610646430368089,,,,2.0,1.0,32.02900067911289,0.6578517519096188,18.587669090411765,0.9757150329146024,0.1260732871469459,14.0,62
12,432.0,6.592559610134304,6.830646080943988,,,,2.0,1.0,32.15796202233734,0.3699977162134892,24.44210212008202,0.910705111493767,0.1290648455236833,13.0,62
12,433.0,6.669592257433568,6.7354157420666985,,,,2.0,0.0,109.6630858404491,0.8129961239793978,22.80326636113975,1.152776426181452,0.1346590733581639,12.0,62
12,434.0,6.691127461104703,6.723583173597153,,,,2.0,1.0,28.972395659374158,0.4741163435214541,22.475385842304476,1.115819659669606,0.1362442193412124,11.0,62
12,435.0,6.890395721159039,6.766329704120884,,,,2.0,0.0,88.13666134172446,0.5488501961680308,24.55199188390976,0.950247902075597,0.1513517886721256,10.0,62
12,436.0,7.068190579128143,7.035966142119705,,,,2.0,0.0,94.5570542494576,0.6450688570163209,21.37188982906304,1.139910320842091,0.1655017458810697,9.0,62
12,437.0,7.088166718531864,7.047274107639842,,,,2.0,1.0,30.67727963477584,0.7435846642755044,28.58531660352115,1.3073276947751828,0.1671310711851159,8.0,62
12,438.0,7.408063748784073,7.395261554184948,,,,2.0,1.0,27.50954125217513,0.5366772681357511,26.6542840126253,1.2187281024712646,0.1943102601334429,7.0,62
12,439.0,8.24745956373537,8.397941281491061,,,,2.0,1.0,23.297657338412108,0.5703895668003296,28.265621585373463,1.709121533220821,0.275358318730378,6.0,62
12,440.0,8.469639497020644,8.480018661502404,,,,2.0,1.0,22.583949343146664,0.6589325533016922,32.78378792035628,1.845674526669761,0.2991695622736824,5.0,62
12,441.0,8.927151466657323,8.910984224099508,,,,2.0,1.0,39.855317348063,0.571221350042604,29.99683839705533,2.005109483444409,0.3513112450869806,4.0,62
12,442.0,9.320521845499798,9.49473378987289,,,,2.0,0.0,102.3288406576414,0.5999094281170342,35.56877023813447,2.4101376346715293,0.3994899639944017,3.0,62
12,443.0,9.55770888579458,9.756958665038768,,,,2.0,0.0,96.70506777154708,0.7170249998144116,42.009890223908144,2.4855171306450603,0.4300354583082919,2.0,62
12,444.0,9.856663375926054,9.687713167630514,,,,2.0,1.0,28.74456210586796,0.6316713992088847,35.200156606365674,2.5459983005558,0.4701383265076566,1.0,62
12,445.0,10.693355489609266,10.479931558543544,catastrophic_failure_replacement,1090.9485721219974,,2.0,1.0,29.145167531488315,0.5475095505813418,0.8985851465022802,0.0604295020570043,0.0,0.0,62
13,0.0,0.0,0.0,,,,1.0,1.0,36.225020809986034,0.6971837389550475,0.0,0.0,0.0,95.0,64
13,1.0,0.6299036983282085,0.745236491438702,,,,1.0,0.0,109.06631100325647,0.4656224976722831,4.093504302648126,0.0,0.0,94.0,64
13,2.0,0.6429611606076081,0.5880749772488073,,,,1.0,0.0,107.51092872810644,0.4894508701327179,2.4169741069916992,0.212265214745691,0.0,93.0,64
13,3.0,0.9944684360048868,1.122829300998478,,,,1.0,1.0,17.326151588191934,0.4924974723889568,0.0,0.0,0.0,92.0,64
13,4.0,0.9946094159741492,0.9342377065749978,,,,1.0,0.0,98.36040221111784,0.529660335538152,0.0,0.0,0.0,91.0,64
13,5.0,0.996011486179518,0.8951716829467589,,,,1.0,1.0,35.659305614067094,0.3987929510736866,1.125561236302814,0.1545457969891684,0.0,90.0,64
13,6.0,1.0097190632634658,1.096871018141386,,,,1.0,1.0,34.896254099666976,0.4090305861288646,0.0,0.0,0.0,89.0,64
13,7.0,1.021889924575746,0.9540132228460152,,,,1.0,0.0,101.74963614328352,0.4881864945354443,0.0,0.2408000869474466,0.0,88.0,64
13,8.0,1.223792617220086,1.3380358167230977,,,,1.0,1.0,37.98500978082782,0.6598697722336719,2.120005755899604,0.0083334592253696,0.0,87.0,64
13,9.0,1.2750479311946894,1.222670911824767,,,,1.0,0.0,97.7169657029174,0.4646194713295246,2.172291117131837,0.2540334116169264,0.0,86.0,64
13,10.0,1.2923512514318665,1.4245325676755578,,,,1.0,1.0,30.431441012267857,0.467433401585866,0.1293761801788069,0.1261120987859395,0.0,85.0,64
13,11.0,1.292592150875446,1.4035129588022015,,,,1.0,0.0,93.0490002727177,0.4454605258405133,3.6403070529566266,0.1308988516734037,0.0,84.0,64
13,12.0,1.3965915823799495,1.5019469910364465,,,,1.0,1.0,25.438691930334883,0.4085331910239925,7.587015709993732,0.0,0.0,83.0,64
13,13.0,1.3971548363190676,1.5736483553872984,,,,1.0,1.0,24.87634677198832,0.4192266700975242,0.9911363052100322,0.0,0.0,82.0,64
13,14.0,1.3986693960905037,1.030296422313893,,,,1.0,1.0,39.3127372364294,0.5216540942466463,1.129289284518125,0.0,0.0,81.0,64
13,15.0,1.3986693961175254,1.511172195740196,,,,1.0,0.0,98.40776239627198,0.5751115617544106,7.14872938747637,0.2466662696051611,0.0,80.0,64
13,16.0,1.4874393802040151,1.4132342274972414,,,,1.0,1.0,30.68408734598726,0.6666415533961687,0.0,0.0,0.0,79.0,64
13,17.0,1.4875345109119644,1.4892343315258565,,,,1.0,1.0,28.576336561939492,0.494730608451026,4.046356439854836,0.0948076639475336,0.0,78.0,64
13,18.0,1.5073447220438894,1.4051443244279616,,,,1.0,1.0,33.43902154486828,0.4889157929171585,5.139726238227143,0.1005142234537535,0.0,77.0,64
13,19.0,1.6425251675744696,1.724485476517866,,,,1.0,1.0,29.64909307997557,0.4610815755631455,0.0,0.0,0.0,76.0,64
13,20.0,1.8333485704593508,1.886199803881781,,,,1.0,0.0,91.6300299640387,0.5912394413912316,5.6412340575027855,0.0353315594270406,0.0,75.0,64
13,21.0,1.8334136033915087,1.9384993804805888,,,,1.0,1.0,38.07978703592431,0.5254000063427992,0.0,0.1760610159610077,0.0,74.0,64
13,22.0,1.8363537912917256,1.815981910911412,,,,1.0,1.0,32.46733460485468,0.3900091909618188,6.421173852504863,0.0,0.0,73.0,64
13,23.0,1.8378092271776223,1.7855213800592589,,,,1.0,0.0,101.7661865542116,0.4486174722223195,0.940385380370719,0.0115559394969581,0.0,72.0,64
13,24.0,1.8379644837494835,1.834561615855135,,,,1.0,1.0,32.23363098301835,0.5631141983503704,6.725953434764241,0.1858885277533477,0.0,71.0,64
13,25.0,1.8998705640401496,1.7931110919832736,,,,1.0,1.0,32.33488610829932,0.6442002241607527,0.0,0.0869512553840837,0.0,70.0,64
13,26.0,1.9028540486482055,1.9447385656958087,,,,1.0,1.0,28.096570106372575,0.4894387417363567,4.506136161716961,0.0,0.0,69.0,64
13,27.0,1.984468483944696,2.139328700210903,,,,1.0,1.0,26.88056537193527,0.3980726365017615,5.417383217047199,0.2091899880982745,0.0,68.0,64
13,28.0,2.014775566975665,1.9118865991442795,,,,1.0,1.0,36.19957816033438,0.5360097905857553,5.940696813829318,0.0577564080661342,0.0,67.0,64
13,29.0,2.0218064895707304,2.114258214399797,,,,1.0,1.0,32.31376344351775,0.5224212750655344,0.0,0.4175316192691733,0.0,66.0,64
13,30.0,2.0246097386233943,1.984770667756487,,,,1.0,1.0,36.26272569191784,0.7311733331969044,0.8146250090080334,0.2017973982300738,0.0,65.0,64
13,31.0,2.030946860747317,2.0411919296686394,,,,1.0,1.0,26.71529517495731,0.549621868448407,9.02596774330012,0.0,0.0,64.0,64
13,32.0,2.0914741631734266,2.114983322224517,,,,1.0,0.0,102.34612350132262,0.4209489966587965,4.81665524025242,0.0,0.0,63.0,64
13,33.0,2.1031030314495154,1.9209030445186548,,,,1.0,1.0,23.58375350402271,0.6204760203450209,3.9618912007376657,0.048778694836167,0.0,62.0,64
13,34.0,2.160643189436372,1.9609616278319728,,,,1.0,0.0,89.5329178217892,0.3386745490128039,0.1543288028695117,0.1050565172145532,0.0,61.0,64
13,35.0,2.1615377937996447,2.2194971141270865,,,,1.0,1.0,34.54386331161815,0.4876178691010554,2.4944566512478348,0.1753942850268997,0.0,60.0,64
13,36.0,2.215201059724129,2.115533127043338,,,,1.0,1.0,30.649913653067863,0.5231656496389276,7.135806147925841,0.2860359884019551,0.0,59.0,64
13,37.0,2.2153524835861877,2.121401407738037,,,,1.0,0.0,96.24943754100153,0.4217456862546851,7.07516116744636,0.1581691513047104,0.0,58.0,64
13,38.0,2.263302774787504,2.3774781513807706,,,,1.0,1.0,28.55247472419376,0.4949070879478531,2.3482312115622377,0.4281369332278718,0.0,57.0,64
13,39.0,2.5003894676365768,2.1568888259268157,,,,1.0,1.0,30.85582172015474,0.3972911609996745,3.8976608341333656,0.18179458030188,0.0,56.0,64
13,40.0,2.869243027900379,2.65190339473218,,,,1.0,1.0,28.603518007969782,0.5191584954642646,7.27109551394819,0.0579912733490021,0.0,55.0,64
13,41.0,2.883038548851594,3.0711698054875667,,,,1.0,1.0,36.93803529125522,0.5240200674789731,2.9475221262788565,0.1094650354053059,0.0,54.0,64
13,42.0,2.888118155863294,2.792367790250477,,,,1.0,1.0,34.468819684401055,0.5115819314114969,6.748173302461089,0.1797467563791606,0.0,53.0,64
13,43.0,2.89800886309732,3.068479698956799,,,,1.0,1.0,37.89115593902508,0.5308342585500858,2.324343377156845,0.0840821488443637,0.0,52.0,64
13,44.0,2.9241208460795094,2.8465692233067115,,,,1.0,1.0,31.955388351543643,0.5319161383606859,7.347161579110699,0.1088591997129265,0.0,51.0,64
13,45.0,2.943572320400468,2.796691804190857,,,,1.0,0.0,118.09624656569903,0.4100595582682294,4.346000696940978,0.3557951458035194,0.0,50.0,64
13,46.0,2.943988004708046,2.732403740730184,,,,1.0,1.0,31.121370020252638,0.5301746252556272,11.578852534368018,0.2779270898702988,0.0,49.0,64
13,47.0,2.953311214420643,3.0960183657650138,,,,1.0,1.0,30.22847958635436,0.3604998425156281,6.918612039210175,0.281218373019968,0.0,48.0,64
13,48.0,3.28308081139096,3.157366246525509,,,,1.0,1.0,36.426803778477854,0.5063787673913391,4.485630610404093,0.1953526268563995,0.0008013474577776,47.0,64
13,49.0,3.651446411928154,3.495056098838293,,,,1.0,1.0,31.133131187377337,0.5115569915867938,13.194061136165043,0.2535882902129618,0.0042438242761406,46.0,64
13,50.0,3.821917027226747,3.799153406842215,,,,1.0,1.0,29.39190366862733,0.4006703316245072,4.875618613166855,0.1517950695233081,0.0067554759964525,45.0,64
13,51.0,3.932210170810076,4.029944920276628,,,,1.0,0.0,105.85590564528724,0.5944740032362884,9.66224928820608,0.1812268916521283,0.0086901580256175,44.0,64
13,52.0,3.9342699179984537,3.856342083489972,,,,1.0,1.0,34.82420345633633,0.5364391678067327,7.741047752222847,0.4674721397066241,0.0087286027967683,43.0,64
13,53.0,3.943778833156811,3.870461231838106,,,,1.0,0.0,78.60697465687431,0.4647944485038847,7.836809097628311,0.3119439986204793,0.0089071848591483,42.0,64
13,54.0,4.186729224578486,4.1129711520648815,,,,1.0,1.0,25.79245127770956,0.5973158113179513,10.32006274087142,0.6689997017159899,0.0140832625246865,41.0,64
13,55.0,4.187262289258288,4.332156500648226,,,,1.0,1.0,29.620157242666853,0.5125138559364859,14.137157087864525,0.3606095691981171,0.0140959174349483,40.0,64
13,56.0,4.369332400516424,4.344888130372762,,,,1.0,0.0,93.87978948874088,0.5191490906112823,10.173063340125733,0.2481368898924583,0.0187507122310407,39.0,64
13,57.0,4.448782181882828,4.390898231830563,,,,1.0,0.0,98.8948089551661,0.543057743652467,10.016123536475874,0.3399149277602512,0.0209896981054116,38.0,64
13,58.0,5.053136835910078,4.688073007807394,,,,1.0,1.0,29.750066344560796,0.5334494508229419,12.436806981372396,0.6603689151228477,0.0421537086697084,37.0,64
13,59.0,5.05755267924334,4.96513496262064,,,,1.0,1.0,23.39313666609668,0.5839503898613072,10.476278722981135,0.5588737331572269,0.0423352302786144,36.0,64
13,60.0,5.059951367369254,4.985199143720679,,,,1.0,1.0,25.879879089626865,0.4152388983265993,12.190620879337768,0.6428191141081044,0.0424339963592646,35.0,64
13,61.0,5.077605629222879,5.076929762498628,,,,1.0,1.0,25.53413177734573,0.7245702345377256,12.68553944351635,0.5697139690702696,0.0431644515057859,34.0,64
13,62.0,5.095993530016052,5.015261889623428,,,,1.0,1.0,33.86899350486485,0.4942599218447605,14.416948310750431,0.7301949657248513,0.0439318887786915,33.0,64
13,63.0,5.10169751784172,5.38887318679098,,,,1.0,1.0,24.07621112645481,0.5645223640951861,16.133303654750446,0.6527650361608495,0.0441713245650204,32.0,64
13,64.0,5.102278293069765,5.192873822533691,,,,1.0,0.0,115.30207230670426,0.420491367667315,13.063915060194018,0.6690246183605587,0.0441957402151232,31.0,64
13,65.0,5.119057643736283,4.991142534079788,,,,1.0,0.0,111.553699535576,0.5048941125904111,15.00909524237122,0.5972584684794734,0.0449040529747716,30.0,64
13,66.0,5.171308349529182,5.392392131641228,,,,1.0,0.0,104.7881521825187,0.5416962215536323,13.68539021621002,0.670537946658331,0.0471457994873514,29.0,64
13,67.0,5.267251119566695,5.644158270244887,,,,1.0,1.0,20.523687322280843,0.5743442088746938,12.06362125211678,0.7370075930099814,0.0514042763917643,28.0,64
13,68.0,5.28260315410798,5.089005062674032,,,,1.0,1.0,21.285533070745924,0.4384729437171447,15.63482240511786,0.2972900275416004,0.0521027715914369,27.0,64
13,69.0,5.337086193133633,5.250522919573749,,,,1.0,1.0,25.277324730814385,0.4613682677793644,17.122072953066073,0.617885786484926,0.0546197187413585,26.0,64
13,70.0,5.340842439673503,5.623159984867043,,,,1.0,1.0,29.01464658601588,0.6427044539282494,9.9296910256764,0.8748551833119728,0.0547954332737659,25.0,64
13,71.0,5.358948739396045,5.360032293497285,,,,1.0,1.0,22.06349083382994,0.5450493804435901,18.166973967981463,0.8428833108754116,0.0556463915509818,24.0,64
13,72.0,5.372718899258691,5.542244717188455,,,,1.0,0.0,84.57060428221519,0.4484677487612281,12.749208752341511,1.0661222185003665,0.0562979497489937,23.0,64
13,73.0,5.5486019977241865,5.476620918408992,,,,1.0,1.0,40.28131314486735,0.4105652063040606,20.86419019320556,0.4587374347060577,0.0649537214280371,22.0,64
13,74.0,5.7338525856052165,5.730798696563022,,,,1.0,1.0,32.609333815576896,0.4731927907766487,17.569049764985984,0.90942067387428,0.0747394995982033,21.0,64
13,75.0,5.781356731575848,5.60467199137322,,,,1.0,1.0,24.57215508215303,0.5512672754485959,15.324598471268123,1.0485456758219138,0.0773594526828228,20.0,64
13,76.0,5.829550375729506,5.862110584507605,,,,1.0,0.0,104.02137792386516,0.6211579872536341,15.111696492387685,0.8409004142833832,0.0800635532879099,19.0,64
13,77.0,6.029618520263427,6.241570577804481,,,,1.0,1.0,33.57546811612808,0.4591738417501699,15.84697041334542,1.1784833019606382,0.0917858837832315,18.0,64
13,78.0,6.031027677129555,5.819941625714503,,,,1.0,0.0,98.97840416019544,0.7017999666451545,15.392950020775707,1.0639682709607017,0.0918712877952538,17.0,64
13,79.0,6.1480782629962185,5.985158274384696,,,,1.0,1.0,40.02324947258416,0.3895551839598996,17.526249487641547,0.974760513447529,0.0991039674994928,16.0,64
13,80.0,6.1789935204805,6.132193273628297,,,,1.0,0.0,84.47428046259795,0.3183398720926591,16.648373409255747,0.925071570551492,0.10105999803257,15.0,64
13,81.0,6.185480563551667,6.030947390954935,,,,1.0,1.0,27.77602358755018,0.4404204399474442,23.6581578813544,0.8341955710251454,0.1014728642076544,14.0,64
13,82.0,6.356563175226411,6.133883540530581,,,,1.0,0.0,93.24684592144273,0.5276410519222688,19.78513741811829,0.8760178618374425,0.11266516349286,13.0,64
13,83.0,6.356593899593047,6.333157936797311,,,,1.0,1.0,31.60242325766608,0.5651588995104119,22.13532270296248,1.1155460465815168,0.1126672260678526,12.0,64
13,84.0,6.548815254089583,6.322312007265811,,,,1.0,0.0,100.11539789424788,0.4254685791377126,19.70074286529685,1.3177025562947962,0.1259408970765891,11.0,64
13,85.0,6.743743659337034,6.804914723022223,,,,1.0,0.0,98.77973566820768,0.5398446652262247,22.99841369098816,0.958727059191813,0.1401561658682624,10.0,64
13,86.0,6.880816298765574,6.987112940174802,,,,1.0,1.0,29.334216505190373,0.3551730366890494,22.45740818531081,1.005019932090811,0.1506073514476453,9.0,64
13,87.0,7.0798585477061255,7.064296375473231,,,,1.0,1.0,32.40420932636535,0.5953042331341486,17.455725868525917,1.3236179398715586,0.1664524576929074,8.0,64
13,88.0,7.13383337676708,7.4551222206565475,,,,1.0,1.0,29.07067769154868,0.4776787786663734,25.20963716814993,1.1810248774135592,0.1708857838687352,7.0,64
13,89.0,7.713094427140911,7.720909672833012,,,,1.0,1.0,37.6987746218984,0.5125341057353646,20.957309598497982,1.4108033915511853,0.2221325907914671,6.0,64
13,90.0,8.01411304230078,7.740720946103418,,,,1.0,1.0,28.688881424852365,0.65494623182813,25.676879466196617,1.8037500443632544,0.2514132960097079,5.0,64
13,91.0,8.159787570572187,8.330429438563602,,,,1.0,0.0,101.82452050090146,0.3957630669270737,27.31177882272154,1.5181196297526909,0.2662340777343123,4.0,64
13,92.0,8.702626752635073,8.791577842973075,,,,1.0,1.0,33.11109853687357,0.4861151737060792,33.157512519215494,1.7116054902977262,0.3251995187986924,3.0,64
13,93.0,9.271431752263842,9.305768424640224,,,,1.0,1.0,32.076104532081665,0.3781665265872407,36.22099782277234,2.0865723082123675,0.3933085622330313,2.0,64
13,94.0,9.392873343634626,9.300770094558542,,,,1.0,1.0,36.35798257995718,0.4045072348671296,35.501793030114364,1.890930715024085,0.4086882958775417,1.0,64
13,95.0,10.529840705806071,10.284636742200556,catastrophic_failure_replacement,565.327252321536,,1.0,1.0,23.848878313939768,0.5624038426640174,0.911456081717565,0.0,0.0,0.0,64
13,95.0,0.0,0.0,catastrophic_failure_replacement,565.327252321536,,1.0,1.0,23.848878313939768,0.5624038426640174,0.911456081717565,0.0,0.0,99.0,65
13,96.0,0.0019424159529913,0.0,,,,1.0,1.0,35.154623581030016,0.5910846917418546,4.130127026276914,0.0,0.0,98.0,65
13,97.0,0.0101472988159704,0.0,,,,1.0,1.0,30.29473574471976,0.4445359037742086,0.0389696648442672,0.0,0.0,97.0,65
13,98.0,0.0101713747099792,0.2123796666849409,,,,1.0,1.0,25.028642819284023,0.5095385727084485,0.0,0.0,0.0,96.0,65
13,99.0,0.0640820907167707,0.1121650760048671,,,,1.0,1.0,25.939958197970476,0.508401431891639,1.16090420426757,0.0626544863872716,0.0,95.0,65
13,100.0,0.0656032965491171,0.0309133477540318,,,,1.0,1.0,30.48108419096752,0.4682683021772065,0.5009118092899588,0.0,0.0,94.0,65
13,101.0,0.0656039946270266,0.023873199568331,,,,1.0,1.0,24.664462506123076,0.4457884112363183,0.0,0.0937021481708802,0.0,93.0,65
13,102.0,0.0657712025729955,0.0620747076148263,,,,1.0,1.0,33.64135114563456,0.6230145366393234,0.0,0.0,0.0,92.0,65
13,103.0,0.0790009835597672,0.1897518266694516,,,,1.0,1.0,27.129411757145785,0.5315341136524377,0.1810121160794864,0.0,0.0,91.0,65
13,104.0,0.1206406957208273,0.2533977508733706,,,,1.0,1.0,40.98210643986312,0.5872761200014575,0.0,0.0,0.0,90.0,65
13,105.0,0.5150049379638948,0.822399740773875,,,,1.0,1.0,30.84079586587059,0.5266743845113626,0.0,0.181839295542687,0.0,89.0,65
13,106.0,0.5457866163715837,0.4686414578772825,,,,1.0,0.0,106.74334827569488,0.5359780376230975,0.0,0.0,0.0,88.0,65
13,107.0,0.7391288355396854,0.7372713703056719,,,,1.0,1.0,33.55012303493349,0.5653566331458411,1.2130894955088616,0.2706064124461471,0.0,87.0,65
13,108.0,0.7404403179690942,0.7375679055887139,,,,1.0,0.0,116.70872559009337,0.4098198586359353,0.5348519126298135,0.3476414347013505,0.0,86.0,65
13,109.0,0.7536693800247098,0.6907383463763884,,,,1.0,0.0,95.46561734882565,0.5800489745494002,0.0,0.1761121669329947,0.0,85.0,65
13,110.0,0.9749257038454502,0.8120880363694629,,,,1.0,0.0,93.2099060899482,0.4803298389123623,0.0252644652931408,0.0,0.0,84.0,65
13,111.0,1.019087286991487,1.2448321245580205,,,,1.0,0.0,90.64797379409808,0.4824588729288928,1.8167500744536336,0.0,0.0,83.0,65
13,112.0,1.0365765143688843,0.9500385651247388,,,,1.0,0.0,87.47409061358243,0.6479340223165528,0.0,0.0805500781109074,0.0,82.0,65
13,113.0,1.0375641864655183,0.8645697770678973,,,,1.0,1.0,39.91413399269279,0.5087964747083663,0.0,0.0508018705007511,0.0,81.0,65
13,114.0,1.6270216664454082,1.6255375219354842,,,,1.0,0.0,105.8052969881758,0.7047843351956365,0.0,0.0,0.0,80.0,65
13,115.0,1.6603179647537558,1.730649025852393,,,,1.0,1.0,31.782805356614983,0.4876039109146393,0.0,0.0634013021532136,0.0,79.0,65
13,116.0,1.6688147785021858,1.6185320777769094,,,,1.0,0.0,97.95125662610464,0.4616144084934434,0.0,0.0839052905317619,0.0,78.0,65
13,117.0,1.745023320024297,1.7481117223449565,,,,1.0,1.0,30.71202447054204,0.3818485164273526,2.924350552500008,0.1360494993911313,0.0,77.0,65
13,118.0,1.7453388272011503,1.844050825482633,,,,1.0,0.0,108.22068305491528,0.776549244122491,0.0,0.0,0.0,76.0,65
13,119.0,1.8176238311090045,1.9497022082476827,,,,1.0,1.0,29.65762694810039,0.4864575547405646,2.5206551738155665,0.3983215981672225,0.0,75.0,65
13,120.0,2.071147054140803,2.160444908921712,,,,1.0,1.0,29.26479234375705,0.4446329324421618,2.909439615833488,0.115202075325299,0.0,74.0,65
13,121.0,2.072440394102557,2.084652101947232,,,,1.0,1.0,29.09343132763186,0.4521197601365335,0.0979488154617991,0.2654891966592636,0.0,73.0,65
13,122.0,2.1664314193153205,2.129526493102764,,,,1.0,1.0,30.695331469311785,0.4143974979685693,5.302565056102383,0.1478879710154097,0.0,72.0,65
13,123.0,2.166916584512963,2.295390232924248,,,,1.0,1.0,31.30793801437393,0.574190270715307,5.149404765571175,0.183645347070901,0.0,71.0,65
13,124.0,2.287792243548102,2.556429568575457,,,,1.0,0.0,96.8304207079679,0.3697837555342224,3.6681207104177327,0.0586618324538884,0.0,70.0,65
13,125.0,2.340202029597631,2.311652690765319,,,,1.0,1.0,34.84639624354751,0.638666645975762,6.0785935621830784,0.0,0.0,69.0,65
13,126.0,2.3402092786271145,2.5817601793824867,,,,1.0,1.0,30.77171353978392,0.5684174835076042,5.573369316769332,0.0,0.0,68.0,65
13,127.0,2.538429525214993,2.220829847092808,,,,1.0,0.0,96.584288669909,0.6703428127729408,8.338204457736264,0.3151896725569685,0.0,67.0,65
13,128.0,2.538518851304604,2.4957260155654795,,,,1.0,1.0,24.88688191965076,0.5783265398951039,4.780042086081283,0.105117449517043,0.0,66.0,65
13,129.0,2.5386646596053826,2.6531884737707303,,,,1.0,0.0,96.79735281850796,0.4170629251553122,2.2309533264748227,0.1653390885148984,0.0,65.0,65
13,130.0,2.55127721902897,2.513542357312043,,,,1.0,1.0,33.4081924733883,0.5654122314359976,2.471468631257835,0.0701300399760091,0.0,64.0,65
13,131.0,2.551918360401563,2.5053186413195805,,,,1.0,1.0,30.922517101692826,0.3887947268445617,1.8212968883493548,0.1765494362636957,0.0,63.0,65
13,132.0,2.5645287804558268,2.6424204085743344,,,,1.0,1.0,34.06797700282003,0.4779177167155671,4.65831473583603,0.2744870906874355,0.0,62.0,65
13,133.0,2.5715401939620337,2.802463579225261,,,,1.0,0.0,97.20624568540204,0.4392287126244344,4.26306073273844,0.0,0.0,61.0,65
13,134.0,2.575219979189891,2.492185007979751,,,,1.0,1.0,25.497447919903244,0.5048468701601592,4.078298248908352,0.4292636766310692,0.0,60.0,65
13,135.0,2.595486588955173,2.9916954896588868,,,,1.0,0.0,93.84445368928596,0.635062262755034,7.576941886904422,0.1794450603221541,0.0,59.0,65
13,136.0,2.607371442552425,2.6166387187499094,,,,1.0,1.0,33.46316290363472,0.536798233759712,0.3848482629609879,0.0,0.0,58.0,65
13,137.0,2.631601033947221,2.640041404024918,,,,1.0,1.0,27.34795079514555,0.506374586850993,3.73159678396902,0.2604735123470723,0.0,57.0,65
13,138.0,2.659650959448364,2.6214971383706938,,,,1.0,1.0,32.91091496621119,0.4279479967551294,1.8342902730663493,0.0,0.0,56.0,65
13,139.0,2.694003086085196,2.9684145620317324,,,,1.0,1.0,28.38409245407964,0.5798688828566896,12.037726024373685,0.1292390966053074,0.0,55.0,65
13,140.0,2.875715442314614,2.9836097806567774,,,,1.0,1.0,34.28751198219824,0.5645993323328807,5.278388502808036,0.0897179280901552,0.0,54.0,65
13,141.0,2.9297317427778964,2.985380069834165,,,,1.0,1.0,17.368248682398104,0.553333838594689,6.937089070010829,0.4035472987064976,0.0,53.0,65
13,142.0,3.013619693905748,3.1390930959426866,,,,1.0,1.0,38.48132819611094,0.5678011595688879,8.958311852618605,0.4751600204584867,1.854960620862728e-06,52.0,65
13,143.0,3.07168832099782,2.9194411671184617,,,,1.0,1.0,24.922361675727903,0.4428878363131668,10.29431079039459,0.1188017114418553,5.139215367486443e-05,51.0,65
13,144.0,3.334624426185689,3.207368122716614,,,,1.0,1.0,35.467146551040834,0.43885768295171,7.991113754396054,0.4447511328041289,0.001119735066001,50.0,65
13,145.0,3.335780746108526,3.270414698505608,,,,1.0,1.0,24.504475433422957,0.5851173401839985,7.973874323090479,0.3854994127945982,0.0011274870945719,49.0,65
13,146.0,3.4635196104225208,3.216727486616674,,,,1.0,0.0,98.86317718328576,0.5811093547110872,16.358142068368643,0.4290733083733193,0.0021485042924624,48.0,65
13,147.0,3.4753200644583178,3.414307636822767,,,,1.0,1.0,38.84908883231791,0.4032526622932906,7.150744959261308,0.0059159489178814,0.0022592916367665,47.0,65
13,148.0,3.5736270828440784,3.6175800471055073,,,,1.0,1.0,32.78670262258815,0.5634552881241984,6.502654244409248,0.1985630996198542,0.003290480301722,46.0,65
13,149.0,3.573627331010313,3.504198439691673,,,,1.0,0.0,99.8270254893126,0.5409638653250146,12.860623314036976,0.3368526537752254,0.0032904831488201,45.0,65
13,150.0,3.658514541163196,3.688548829324833,,,,1.0,0.0,93.07952387318907,0.4602052271199403,8.891782440114468,0.4655437925424973,0.0043364140092337,44.0,65
13,151.0,3.658517069908364,3.773368185834847,,,,1.0,1.0,33.64479656500826,0.4518768883413688,11.966873295455176,0.4027445459738427,0.0043364473136069,43.0,65
13,152.0,3.713581442970915,3.867240327146366,,,,1.0,1.0,30.3717003197592,0.6279018365057304,7.253420083106267,0.3391240101836542,0.0050919847575245,42.0,65
13,153.0,3.7709267885404536,3.8325772311309296,,,,1.0,1.0,24.7906226392934,0.5604289013105923,9.859774375856166,0.3714130106211939,0.0059432811328929,41.0,65
13,154.0,4.015206768669874,4.094029039617909,,,,1.0,0.0,104.68598247670964,0.5936255135786106,10.432184775966636,0.5928769793354203,0.0103064478315312,40.0,65
13,155.0,4.053583767930871,4.134345096378195,,,,1.0,1.0,31.554692725055997,0.4675851600222601,5.743636624804754,0.2587606807498893,0.0111003875604741,39.0,65
13,156.0,4.053590583967029,4.248248002129759,,,,1.0,1.0,29.738631637079333,0.5530929246865569,13.907433097365878,0.3059285284061475,0.0111005311862398,38.0,65
13,157.0,4.146285972827463,4.129895480635653,,,,1.0,1.0,31.060282585051542,0.6049129221091495,12.05415284950888,0.0,0.01313971531501,37.0,65
13,158.0,4.261640413799495,4.205445151842274,,,,1.0,1.0,27.21860842252198,0.6056399754270033,11.071501332165557,0.3361017439909409,0.0159173653373216,36.0,65
13,159.0,4.280523948333598,4.259325900774305,,,,1.0,1.0,21.82494512420072,0.4520824110813852,6.548383946898529,0.3077032213683699,0.0163974158225586,35.0,65
13,160.0,4.280617623286861,4.311015331882918,,,,1.0,1.0,28.514348846919592,0.7913670459698646,11.374674350022476,0.4456058790200529,0.0163998149707288,34.0,65
13,161.0,4.281086509234362,4.2965634439121,,,,1.0,1.0,30.6012693814088,0.5092098843122489,13.984857594081287,0.523576128706517,0.0164118264414228,33.0,65
13,162.0,4.311322947575035,4.013231830169756,,,,1.0,0.0,114.3158389618204,0.5553510113461274,7.202425603656529,0.318417469378866,0.0171956787283687,32.0,65
13,163.0,4.31173783907983,4.23945927056656,,,,1.0,0.0,87.10826737695588,0.4691894734498674,6.989391747693508,0.6839455722605654,0.0172065615847382,31.0,65
13,164.0,4.311737839722052,4.291050098316243,,,,1.0,1.0,27.78992508169901,0.5346066095905216,13.692184137787203,0.462767791041401,0.0172065616015867,30.0,65
13,165.0,4.3119005420721015,4.462286492465903,,,,1.0,0.0,95.13775405196756,0.5208257560782388,15.14980448479729,0.0504702681889427,0.0172108303228907,29.0,65
13,166.0,4.365347183129504,4.545304441462584,,,,1.0,0.0,96.43857607396453,0.5349158003746373,13.11491280479111,0.2797154372187805,0.0186417293047967,28.0,65
13,167.0,4.473353639290556,4.7588733088193385,,,,1.0,1.0,26.42041577512844,0.5754753429710552,8.68482351381488,0.6884361980755316,0.0217077094641072,27.0,65
13,168.0,4.474762154284424,4.492801110144903,,,,1.0,0.0,98.45850510650835,0.3166926346515609,4.117325002796775,0.6942420010824463,0.0217492341170963,26.0,65
13,169.0,4.4929662793403615,4.393354552179371,,,,1.0,1.0,28.361561920658296,0.4899556694665037,8.599953765531563,0.6952261647752891,0.022289483112474,25.0,65
13,170.0,4.516548057151944,4.300761978278972,,,,1.0,0.0,116.4590066767516,0.5265456544454219,10.685096990231878,0.5239988692462496,0.0229991800965133,24.0,65
13,171.0,4.522498450637796,4.674080346373943,,,,1.0,1.0,33.67344259020247,0.5485973589067203,13.814028336947905,0.5282858758571947,0.0231800153219449,23.0,65
13,172.0,4.52328768270133,4.602681178650479,,,,1.0,1.0,26.2596751743112,0.446285036828423,14.4063554031625,0.4796452285650727,0.0232040536426958,22.0,65
13,173.0,4.598096894351606,4.732289004797325,,,,1.0,1.0,29.597979224812093,0.4959693747778658,11.986673972033271,0.4233156668096281,0.0255391368373624,21.0,65
13,174.0,5.286656954496342,5.571827604048522,,,,1.0,0.0,98.54967862639133,0.3660786151312002,16.250070707669877,0.6306751689299859,0.0522880002754648,20.0,65
13,175.0,5.457906052103623,5.565879884378363,,,,1.0,1.0,28.286598263367985,0.3708807546985697,16.395960202810553,0.8508472257317045,0.0604130216096761,19.0,65
13,176.0,5.614207987593551,5.506359558400012,,,,1.0,0.0,109.53270210768612,0.6084181913204861,14.69736484641042,0.7838165517884399,0.0683408340239792,18.0,65
13,177.0,5.689027973759458,5.605653050111664,,,,1.0,1.0,39.71861147036239,0.6085245087321132,18.66968619741832,0.7455027796598518,0.072308714436609,17.0,65
13,178.0,5.90509915553705,5.893439369413322,,,,1.0,0.0,98.42240364369025,0.3666792278833802,18.10668900043261,0.8243430756748671,0.0843960110350208,16.0,65
13,179.0,6.648992620370086,6.584530305696366,,,,1.0,1.0,30.34238153680665,0.5612767292946083,25.869082650703557,1.0658413904988389,0.1331514714351534,15.0,65
13,180.0,7.100312822391599,6.978000318755428,,,,1.0,1.0,31.91863356107609,0.4756982641930317,25.966394928589995,1.496481092528846,0.1681256524146896,14.0,65
13,181.0,7.121753798335955,7.011141854453633,,,,1.0,1.0,28.054858594376537,0.5263637586061731,23.10821905136444,1.4355982851876152,0.1698885437409687,13.0,65
13,182.0,7.138030171266205,7.404677796854424,,,,1.0,1.0,35.337179576531355,0.521085573679963,24.985839698244558,1.249606562672976,0.1712329369830942,12.0,65
13,183.0,7.172514913359189,7.193778517039823,,,,1.0,1.0,35.78785691714328,0.5203858015945774,16.854827318083842,1.3466583812696096,0.1740988070220484,11.0,65
13,184.0,7.300903393919211,7.318481263088645,,,,1.0,0.0,106.99593814006504,0.6807319937598427,24.358191485059137,1.454951801207488,0.1849777000382579,10.0,65
13,185.0,7.497435420390395,7.163554037487845,,,,1.0,0.0,100.02220036726192,0.5305121847290869,23.511335372107943,1.715749399921198,0.2022692536058213,9.0,65
13,186.0,7.560916572624239,7.574991544613765,,,,1.0,0.0,96.55984079114651,0.4487622789061289,28.553417773464854,1.541308773139944,0.2080195998243843,8.0,65
13,187.0,7.777347838662341,7.897694212656914,,,,1.0,1.0,35.21126178877098,0.7214839895633071,28.430368816923576,1.4871277759992063,0.2282305237157174,7.0,65
13,188.0,8.318344850496118,8.237921445055816,,,,1.0,1.0,26.41447138707425,0.5530733736387293,24.73003935317041,2.001901364806314,0.2828479194879856,6.0,65
13,189.0,8.465660782331858,8.538679655033418,,,,1.0,0.0,103.23060195051298,0.4861704407022009,29.95438970612193,1.8195285141752315,0.298734477875205,5.0,65
13,190.0,8.601485430692845,8.532332329614972,,,,1.0,1.0,34.53099061859945,0.4595013536962425,29.12425851346045,1.9533231778137967,0.3137663903026421,4.0,65
13,191.0,8.695944138403824,8.476328339603496,,,,1.0,1.0,22.51311066493188,0.5188832675269797,34.917952439239464,2.053146303854172,0.3244377962781687,3.0,65
13,192.0,9.054277398637575,8.947714462670099,,,,1.0,0.0,103.6635510232042,0.695897171204694,35.60012073682501,2.069021802127124,0.3665427481965379,2.0,65
13,193.0,9.69440785521695,9.499973530920087,,,,1.0,1.0,33.989405309855684,0.4887899385996196,42.50863537329994,2.535281074639661,0.4481509653199041,1.0,65
13,194.0,10.04486601115713,10.086430105341416,catastrophic_failure_replacement,113.425577784021,,1.0,1.0,22.15705017355196,0.571027686412603,0.0,0.0,0.0,0.0,65
13,194.0,0.0,0.0,catastrophic_failure_replacement,113.425577784021,,1.0,1.0,22.15705017355196,0.571027686412603,0.0,0.0,0.0,113.0,66
13,195.0,0.155287070713056,0.0,,,,1.0,1.0,29.0756521099941,0.4892309811831574,0.0,0.0326631472365529,0.0,112.0,66
13,196.0,0.1552870877559199,0.158575124895618,,,,1.0,0.0,95.6257620163555,0.5630623409215669,0.0,0.0,0.0,111.0,66
13,197.0,0.1555856095124659,0.0,,,,1.0,0.0,97.21290346357117,0.5994229584334735,0.2294053022970248,0.0,0.0,110.0,66
13,198.0,0.1569683927687729,0.1349975600177466,,,,1.0,0.0,96.0585802071627,0.4695624450662992,1.117703121014827,0.0,0.0,109.0,66
13,199.0,0.1591966728299915,0.1610418991957925,,,,1.0,1.0,32.57093735093086,0.536909258334996,0.0,0.0280528471590802,0.0,108.0,66
13,200.0,0.2697208913299285,0.116507913897294,,,,1.0,0.0,97.7992515982598,0.5688085704915609,1.9230851227565695,0.124213392939627,0.0,107.0,66
13,201.0,0.3080864336010187,0.2881094864101313,,,,1.0,0.0,91.23921584189388,0.4375371097601767,0.0,0.0,0.0,106.0,66
13,202.0,0.4152993097813588,0.3222685966328278,,,,1.0,1.0,20.99552565629139,0.4672331938394394,0.0,0.0,0.0,105.0,66
13,203.0,0.4221842386628039,0.3565221126804905,,,,1.0,1.0,25.00937845863981,0.5955431519880988,0.0,0.273417130766737,0.0,104.0,66
13,204.0,0.4221850334637529,0.4368544442511265,,,,1.0,1.0,33.4841936519484,0.432172714639484,0.0,0.0467808346867311,0.0,103.0,66
13,205.0,0.4230155419216982,0.2702983082884618,,,,1.0,1.0,25.18270775590183,0.4665998353177962,0.6891692759115792,0.067361337609206,0.0,102.0,66
13,206.0,0.4230204486933116,0.5563692820964502,,,,1.0,1.0,28.76425884436908,0.5719226366003373,0.0,0.0510347217369806,0.0,101.0,66
13,207.0,0.4442387738367531,0.37323998465678,,,,1.0,1.0,22.74562327623345,0.5380869781510629,0.0,0.0602113593298348,0.0,100.0,66
13,208.0,0.4897314657259087,0.4553766928059632,,,,1.0,0.0,99.67292191507168,0.5377358803693659,7.032053262282013,0.1796499757945257,0.0,99.0,66
13,209.0,0.490895025518344,0.6157790678554069,,,,1.0,0.0,96.07280738936646,0.4109210376444642,0.0,0.0,0.0,98.0,66
13,210.0,0.6543573188491092,0.7451656167804653,,,,1.0,1.0,24.70786060058688,0.401753396093762,2.6107958484778484,0.0,0.0,97.0,66
13,211.0,0.8313934461273786,0.7269767265470561,,,,1.0,1.0,29.882320550170792,0.5916919441987145,0.0,0.0,0.0,96.0,66
13,212.0,0.8392598042147046,0.9300674725802206,,,,1.0,0.0,105.00641012158933,0.5810474296904754,1.8949742674633732,0.1716981211660364,0.0,95.0,66
13,213.0,0.996944006084923,1.190539763777465,,,,1.0,1.0,21.27174678866441,0.4022937435004354,7.329988326030324,0.0,0.0,94.0,66
13,214.0,1.001378455988554,0.9415379449231548,,,,1.0,0.0,88.53923677873736,0.4890895281532191,0.6925459932161657,0.1387005876884784,0.0,93.0,66
13,215.0,1.0827920939618114,0.932785893319872,,,,1.0,1.0,22.33907738768351,0.5711311031390626,4.3111200725405165,0.0,0.0,92.0,66
13,216.0,1.0828055371372558,1.044687226865111,,,,1.0,1.0,25.42643959373996,0.5936977540213279,0.0,0.2247570473684202,0.0,91.0,66
13,217.0,1.082865305469977,1.1309212444553225,,,,1.0,1.0,30.58240423318072,0.4832758505370237,4.786506262953971,0.0,0.0,90.0,66
13,218.0,1.0832272709869784,0.9919088862038272,,,,1.0,1.0,29.188558290150272,0.6752709727410973,7.517246910206948,0.0,0.0,89.0,66
13,219.0,1.2886283370706066,1.2401865075047485,,,,1.0,0.0,91.19058393036391,0.5724688927685845,0.0,0.1581688425556926,0.0,88.0,66
13,220.0,1.2896414088360393,1.1909792571753473,,,,1.0,1.0,29.82690528076532,0.4358275661848028,3.634158040705991,0.2417254052181959,0.0,87.0,66
13,221.0,1.289784695158093,1.3310271777800602,,,,1.0,1.0,29.52677087417382,0.3517241374811963,3.9094199288627305,0.0,0.0,86.0,66
13,222.0,1.2928602134843286,1.4932540802753975,,,,1.0,1.0,35.19400919280758,0.4700865186199625,7.640334803679188,0.0450839700551908,0.0,85.0,66
13,223.0,1.2938775341880766,1.1244365996008687,,,,1.0,1.0,32.94692451137771,0.6135318141137684,5.6078049458831565,0.0,0.0,84.0,66
13,224.0,1.29387754427768,1.340017189926925,,,,1.0,1.0,33.62555251322947,0.4478714096033181,0.0,0.2585797063335648,0.0,83.0,66
13,225.0,1.2953307629545203,1.437663307623118,,,,1.0,1.0,33.227307555497546,0.3105042113191595,1.183086802886426,0.0123271297680792,0.0,82.0,66
13,226.0,1.3014484146178622,1.1548415149481133,,,,1.0,1.0,23.18370935252877,0.5009395466087868,4.849907540344217,0.0,0.0,81.0,66
13,227.0,1.6723938250129322,1.4163544903333254,,,,1.0,0.0,99.3663854415268,0.6151310413978476,2.0619111723075494,0.3118382175842569,0.0,80.0,66
13,228.0,1.6727944279576106,1.6897137195862937,,,,1.0,1.0,37.6701570265296,0.3575872801783282,5.973399179895035,0.0318405302582784,0.0,79.0,66
13,229.0,1.760728583439638,1.688765962770591,,,,1.0,1.0,28.471974194588768,0.6815660387223427,6.972880305151006,0.0705857700837109,0.0,78.0,66
13,230.0,1.7607570837788715,1.7659517565973175,,,,1.0,0.0,92.05164880912768,0.335978587102071,0.0,0.0996325869104,0.0,77.0,66
13,231.0,1.8008677293746018,1.6539146841227974,,,,1.0,1.0,25.360176368981,0.6186094620473097,0.0,0.0,0.0,76.0,66
13,232.0,2.0134258309636417,1.862664105221741,,,,1.0,1.0,30.15964101816889,0.3768260953717631,0.859157796494554,0.0134003121676898,0.0,75.0,66
13,233.0,2.0135105965919435,1.8543232513180077,,,,1.0,1.0,29.660472610698136,0.4371043025249107,8.74337809229851,0.0571138187411041,0.0,74.0,66
13,234.0,2.0660952124918417,2.0794993632462537,,,,1.0,1.0,25.30871023183503,0.5967190398037155,3.712057185134885,0.0498552697144021,0.0,73.0,66
13,235.0,2.0703392931474816,2.0584392591781637,,,,1.0,1.0,28.29262887813837,0.7403919709474948,2.090011636507241,0.1785788864423469,0.0,72.0,66
13,236.0,2.0754302427037303,2.1331493772044228,,,,1.0,1.0,30.2626969090907,0.4527891968352086,1.8436751864013727,0.393967208556239,0.0,71.0,66
13,237.0,2.0890121484949384,2.3795185354882222,,,,1.0,1.0,23.20055052163208,0.3294687007485664,2.788935913137479,0.0144880209054393,0.0,70.0,66
13,238.0,2.09847354272116,1.901565927148688,,,,1.0,1.0,25.29293699968788,0.6125082817066563,0.0,0.1647414739700568,0.0,69.0,66
13,239.0,2.2972135960405136,2.171662247252576,,,,1.0,1.0,37.234990756383525,0.5285322094167926,8.369863279229257,0.1487819450184712,0.0,68.0,66
13,240.0,2.3243137346290257,2.2619337014977106,,,,1.0,0.0,105.17675034107992,0.4633713670022104,1.89967930350538,0.1718685225777269,0.0,67.0,66
13,241.0,2.46082760117834,2.336548988074456,,,,1.0,0.0,101.78271128829373,0.6407008454891059,7.5825112218296065,0.0,0.0,66.0,66
13,242.0,2.6920426621254863,2.6554379784636053,,,,1.0,1.0,34.36235165956619,0.4982843336971184,6.255593656636993,0.1190764219531402,0.0,65.0,66
13,243.0,2.692051221854181,2.573601030319812,,,,1.0,1.0,39.34912449651176,0.5751203131382584,6.706702045189674,0.0408921732943227,0.0,64.0,66
13,244.0,2.693931410169089,2.5398988320362963,,,,1.0,0.0,110.03616339699474,0.5041109771258581,7.146118911800119,0.1330385455534682,0.0,63.0,66
13,245.0,2.6970784202985403,2.865353284421784,,,,1.0,1.0,32.77865441775187,0.4492821855437767,1.2010976519090883,0.12838750154206,0.0,62.0,66
13,246.0,2.7051067520707823,2.8866369607091844,,,,1.0,0.0,94.30098780616422,0.6372714262324792,5.564098512043858,0.3649745806552772,0.0,61.0,66
13,247.0,2.883813195684582,2.92031586445163,,,,1.0,1.0,27.764190610063352,0.4940655328437658,1.1691805060341585,0.2746944722959221,0.0,60.0,66
13,248.0,2.883828267837242,2.887924252653479,,,,1.0,0.0,99.92808223262386,0.6129006754442472,7.227751247657628,0.1907081964668839,0.0,59.0,66
13,249.0,2.9151998403520483,2.84357993269786,,,,1.0,1.0,33.095944770325694,0.5039338533781282,7.103713570356339,0.1972748524188131,0.0,58.0,66
13,250.0,2.915580729416872,3.057570264157824,,,,1.0,1.0,32.587549155790086,0.655070481499162,1.151367386875874,0.0585879245945081,0.0,57.0,66
13,251.0,2.9330696434328987,3.1637481927067377,,,,1.0,1.0,37.3014307504742,0.4263002526359664,5.803199087364334,0.3726485429979385,0.0,56.0,66
13,252.0,3.012906024642578,3.062138109572558,,,,1.0,1.0,30.60330293231114,0.4848660545797864,7.227816363177684,0.2721779134770873,1.665654720748236e-06,55.0,66
13,253.0,3.0199532586098683,2.9071623037896317,,,,1.0,1.0,31.94842900250885,0.5313015878148809,9.75844972537243,0.0867881292027628,3.981325291522833e-06,54.0,66
13,254.0,3.066634312997276,2.980718667174122,,,,1.0,0.0,82.83710366331503,0.6048728592205366,7.880101834288398,0.2043970160049079,4.44013166861891e-05,53.0,66
13,255.0,3.1546439068074874,3.262569545333628,,,,1.0,1.0,20.41695840801271,0.4088631718519543,10.919493395945336,0.3034167283746817,0.0002391473791268,52.0,66
13,256.0,3.291898804196081,3.136945151617099,,,,1.0,1.0,44.02041215116542,0.4949379103118131,6.09569669309583,0.5820908703563499,0.000852049118911,51.0,66
13,257.0,3.5167441479847708,3.279053573344614,,,,1.0,0.0,105.21669791338778,0.6472610113159915,9.461375404609436,0.3230401587281645,0.002670245144765,50.0,66
13,258.0,3.856498904958488,3.716610173413286,,,,1.0,1.0,30.831369739066577,0.4373416505352671,10.0728996070363,0.1438104182573655,0.0073359037419508,49.0,66
13,259.0,3.87163396730342,3.719106290909385,,,,1.0,0.0,103.42431420340915,0.5936208271119087,10.3240544008876,0.4303580045518018,0.0075974577295709,48.0,66
13,260.0,4.429314009161461,4.314274809771438,,,,1.0,0.0,101.24669468389104,0.4863089930163837,8.897926528782758,0.5049016068149418,0.020429385367852,47.0,66
13,261.0,4.452481603441105,4.395612491545215,,,,1.0,1.0,31.258195046070508,0.4494901128738797,15.97181711662328,0.2827684170081243,0.0210970280833484,46.0,66
13,262.0,4.468937195219132,4.476073635309746,,,,1.0,0.0,104.85739689322,0.3042295852301901,5.02997732973896,0.5918536488229056,0.0215777648349825,45.0,66
13,263.0,4.475184525760232,4.482073716985281,,,,1.0,1.0,27.832755130806024,0.4033520624348322,12.824332181812965,0.413030961099085,0.0217616938504244,44.0,66
13,264.0,4.665089593784685,4.832027787541188,,,,1.0,1.0,27.543716283389617,0.4493863953370712,12.501457320696888,0.2560742946785078,0.0277252335533004,43.0,66
13,265.0,4.665115411314258,4.41417557710392,,,,1.0,1.0,33.86849915594941,0.3988954737105545,9.320078001941638,0.2674052764357878,0.0277260933299625,42.0,66
13,266.0,4.760927324336614,4.457409473751502,,,,1.0,1.0,18.092640903137745,0.5070449969157642,17.26347640917647,0.491229511206429,0.031008650415953,41.0,66
13,267.0,4.781682487553892,4.826887656339545,,,,1.0,0.0,105.2539019744048,0.5201253900912061,9.637121269431915,0.5131216849172466,0.0317439248645622,40.0,66
13,268.0,4.88092595304274,4.864363514632396,,,,1.0,0.0,112.53108306491563,0.5336838842624518,13.339839111270653,0.4122144924376862,0.0353788244082974,39.0,66
13,269.0,4.97955776262128,5.05823130169111,,,,1.0,1.0,33.87511582918246,0.6174560032644332,17.39052891480354,0.6097190411469221,0.0391864893555416,38.0,66
13,270.0,5.33948385208637,5.608858738654218,,,,1.0,1.0,30.940858366173494,0.5450311213483523,13.508600259055513,0.7211599319111972,0.0547318469417287,37.0,66
13,271.0,5.474779371238211,5.218832984104734,,,,1.0,1.0,24.08608263057048,0.5594923999292017,16.887493803994126,0.6865748560861139,0.0612453293630619,36.0,66
13,272.0,5.678457005123351,5.487698155429345,,,,1.0,0.0,97.1720530904686,0.6442574407137764,16.582994698294982,0.6695693142036665,0.0717413192829435,35.0,66
13,273.0,5.684540283492748,5.773897144079665,,,,1.0,0.0,96.39816379033547,0.575157305221606,14.781915299083488,0.7441225757991906,0.0720675653369532,34.0,66
13,274.0,5.687067236968841,5.820300729968596,,,,1.0,1.0,27.93617385221705,0.4453609788072954,20.790623335871047,0.6721241273176786,0.0722033033599136,33.0,66
13,275.0,5.711656152217568,5.921185980825676,,,,1.0,1.0,24.686098203997243,0.4762073655389037,21.182567154971203,0.7838438808535027,0.0735307908785938,32.0,66
13,276.0,5.713872097146526,5.637748735673887,,,,1.0,1.0,34.5940649073916,0.4401502388753898,19.103079189717047,0.746611020131769,0.0736510175967048,31.0,66
13,277.0,5.80407013055984,5.865966294994294,,,,1.0,0.0,106.91211317466455,0.5005316593439799,16.045482932792567,0.9271959329739988,0.0786280929709787,30.0,66
13,278.0,5.807699412403637,6.038345838429916,,,,1.0,1.0,24.72120144855824,0.3908584155154323,14.545258651812595,1.3339676171231194,0.0788317599041173,29.0,66
13,279.0,5.890288346634707,5.867017302644396,,,,1.0,0.0,94.1747860734621,0.5279428184554198,19.56606972638474,0.8033214496589389,0.0835376672669238,28.0,66
13,280.0,6.047801654213791,6.269362692864686,,,,1.0,1.0,34.75358877894621,0.5206812072398007,17.95697750027506,0.9130395010352776,0.0928909492342831,27.0,66
13,281.0,6.047859695313203,5.870847085940021,,,,1.0,1.0,25.21975028452728,0.4990563012233446,16.952032445406445,0.8772473406639676,0.0928944872231469,26.0,66
13,282.0,6.1069003270253175,5.893088857281705,,,,1.0,1.0,26.567015336361308,0.5739777231035466,16.339200609111185,0.9693243282115876,0.0965282964207002,25.0,66
13,283.0,6.108412872566678,6.157722668640835,,,,1.0,1.0,27.497632202711177,0.4342010745729194,15.477793578233737,0.7921495616568597,0.0966223058633822,24.0,66
13,284.0,6.162253910656431,6.111687238127262,,,,1.0,1.0,29.915075817071298,0.6850397117459646,21.86183624518672,1.1823345411180632,0.0999984979546189,23.0,66
13,285.0,6.179336899640331,6.316148471653278,,,,1.0,1.0,27.73151341470093,0.3886979974562778,21.524538692050783,0.6967999316805926,0.1010818312141459,22.0,66
13,286.0,6.220899829853595,6.29509973296319,,,,1.0,1.0,28.34801252522873,0.429994719696506,19.775898258188995,0.6749101923919123,0.1037419571395091,21.0,66
13,287.0,6.230257689206159,6.333192126549608,,,,1.0,1.0,30.594382015464888,0.4795306882755673,21.875713596647053,0.9779273231418688,0.1043456473867551,20.0,66
13,288.0,6.243063319069733,6.358008054102765,,,,1.0,1.0,32.42446376054079,0.4594060433143428,19.43404423180454,1.0525239118128047,0.1051745969149559,19.0,66
13,289.0,6.254560796108814,6.0451205483345705,,,,1.0,0.0,97.92371456830264,0.5606538071073353,18.96894546947221,1.1364876536335569,0.1059216597556844,18.0,66
13,290.0,6.408918739271027,6.473724360353167,,,,1.0,1.0,36.78598586311416,0.4789866345263408,18.130607939155244,0.7692343192007418,0.1162072697095317,17.0,66
13,291.0,6.447825681213411,6.340858357352819,,,,1.0,1.0,33.88472195727258,0.4939522899216532,19.916651296176145,1.179879450214634,0.1188750192803471,16.0,66
13,292.0,6.651603436644005,6.657401505272582,,,,1.0,1.0,24.100764956578576,0.2999554141491074,25.171631329440665,1.0636244108085868,0.133342076585103,15.0,66
13,293.0,6.6801026083031365,6.851533396841616,,,,1.0,0.0,94.58163021939232,0.5653177693969227,17.67840841571534,1.0858416126087855,0.1354315520763955,14.0,66
13,294.0,6.721613044109703,6.796157121237476,,,,1.0,0.0,104.13667662093776,0.5139788931707842,22.624448938180524,0.679910833642603,0.1385040365008749,13.0,66
13,295.0,6.94955959230933,7.205432913593045,,,,1.0,1.0,25.85816081279289,0.4392253110262593,27.720365289653916,1.3762663959205916,0.1559902097320264,12.0,66
13,296.0,7.830805476816734,7.78700036875332,,,,1.0,1.0,31.880736599822068,0.4384792331984014,21.969159089777225,1.5916042846531555,0.2333668155484256,11.0,66
13,297.0,7.878500638729531,7.685213525362283,,,,1.0,1.0,29.200931639804462,0.591681703676811,28.670510779520654,1.4687776010011269,0.2379976848208444,10.0,66
13,298.0,7.938111849967102,8.111807750467442,,,,1.0,1.0,29.51433024122511,0.520450446334424,23.53992267789906,1.6162461336916147,0.2438494864278551,9.0,66
13,299.0,8.202058430457896,8.196985172279197,,,,1.0,1.0,30.26395648174775,0.5853868349881668,24.922211543198024,1.6649778383024738,0.2706141191389807,8.0,66
13,300.0,8.443928328250962,8.562357763430729,,,,1.0,1.0,28.21248307883319,0.4459166613965156,30.205042281305765,1.636756684602196,0.2963635564313331,7.0,66
13,301.0,8.629964188433389,8.566085350205869,,,,1.0,1.0,26.645626005022702,0.5136235065709939,31.29747607119257,1.9259870956650147,0.3169649676304243,6.0,66
13,302.0,8.668662105345213,8.757335006359595,,,,1.0,0.0,106.11029924353498,0.2500154255906939,34.33690720254654,1.653826029483345,0.3213373006457681,5.0,66
13,303.0,8.909789882359078,8.633033763181766,,,,1.0,1.0,29.069271804892995,0.5113353122623532,38.8378943054864,1.8423790019739208,0.3492561645363372,4.0,66
13,304.0,9.11232109049054,9.181133189472211,,,,1.0,1.0,27.0400482713674,0.5579638368358303,35.17082706292531,2.021176017646583,0.3736046911325546,3.0,66
13,305.0,9.376014327294842,9.291405577768318,,,,1.0,1.0,31.90580448893165,0.3529707384180735,35.3399909799876,2.0978073217569606,0.4065355870186908,2.0,66
13,306.0,9.84573621440401,9.777550761258254,,,,1.0,0.0,104.5742489895678,0.5252100957557657,35.1608203352042,2.2795445704969244,0.4686410431720255,1.0,66
13,307.0,10.092743673690665,10.1641446674888,catastrophic_failure_replacement,296.6889034941995,,1.0,0.0,110.78236650320812,0.5977960833952392,0.0,0.0832930559486131,0.0,0.0,66
13,307.0,0.0,0.0,catastrophic_failure_replacement,296.6889034941995,,1.0,0.0,110.78236650320812,0.5977960833952392,0.0,0.0832930559486131,0.0,93.0,67
13,308.0,0.1641472719286568,0.5052695931015521,,,,1.0,0.0,93.77101541310137,0.5850437804053636,0.0,0.0,0.0,92.0,67
13,309.0,0.1704130087988031,0.1830929306697958,,,,1.0,0.0,89.44722202733355,0.4395964981355837,3.834835264524499,0.0635050093378608,0.0,91.0,67
13,310.0,0.1706007313972644,0.299489044836043,,,,1.0,0.0,105.00327404641833,0.5284587809180447,2.3040903686133625,0.0241863400785342,0.0,90.0,67
13,311.0,0.1712484536552637,0.2554055362180004,,,,1.0,1.0,40.78094280124745,0.5819664299234086,7.190102406859434,0.0744291790461799,0.0,89.0,67
13,312.0,0.1731111832974646,0.2232035443182925,,,,1.0,1.0,26.970228391645023,0.4776507415286776,0.0,0.0,0.0,88.0,67
13,313.0,0.1731279000119995,0.1047532745951145,,,,1.0,0.0,97.48060024974475,0.4752897147519258,0.0,0.0,0.0,87.0,67
13,314.0,0.1735392608357076,0.1534709602640825,,,,1.0,1.0,45.380022328694935,0.5113554271213775,3.336882532023636,0.1728592124800652,0.0,86.0,67
13,315.0,0.2715924495712553,0.1536425713210944,,,,1.0,1.0,30.890176028815265,0.6369052255247085,0.0,0.1151854615515943,0.0,85.0,67
13,316.0,0.4075788389619114,0.3572051828617323,,,,1.0,1.0,27.317632843282112,0.5225873630277097,0.0,0.0,0.0,84.0,67
13,317.0,0.4079786788583692,0.6111088467606981,,,,1.0,1.0,33.29009265365571,0.4893769933705861,0.0,0.0,0.0,83.0,67
13,318.0,0.4112852735122513,0.6128360989854993,,,,1.0,0.0,105.80865526359594,0.6298925909294137,2.3537478616720864,0.4109144525916784,0.0,82.0,67
13,319.0,0.5997723264015263,0.9313913458137392,,,,1.0,1.0,32.49228349544663,0.4580931632972852,2.0043593417622603,0.0897060225872213,0.0,81.0,67
13,320.0,0.6001018167665017,0.4944223142609182,,,,1.0,1.0,37.77382638551606,0.5817099032785342,0.0,0.1385340986989262,0.0,80.0,67
13,321.0,0.6163938850085995,0.5383862566955594,,,,1.0,1.0,37.840822312600594,0.5461182894116834,0.6929292812057556,0.0,0.0,79.0,67
13,322.0,0.618043520986636,0.6574019352286034,,,,1.0,0.0,101.52867740801864,0.5768498981108077,0.0,0.1174821546728915,0.0,78.0,67
13,323.0,0.6412428405141879,0.6719412912619118,,,,1.0,1.0,26.51185041428711,0.4984760191727965,0.0,0.0,0.0,77.0,67
13,324.0,0.7975661805219247,0.8399037289670491,,,,1.0,0.0,86.97141020662244,0.4051667390706466,1.4107561683214866,0.1606744498637402,0.0,76.0,67
13,325.0,0.8821336920190618,0.7562119467415684,,,,1.0,0.0,97.3430002773872,0.4460054268214993,3.233301551740232,0.0357001729759374,0.0,75.0,67
13,326.0,0.8821457377027208,0.6131575347813177,,,,1.0,1.0,33.630281865010154,0.5654848280635436,0.5544606202652758,0.0,0.0,74.0,67
13,327.0,0.8824353448946687,0.8479162350389043,,,,1.0,0.0,102.55239453947787,0.5444980820515309,0.0,0.0,0.0,73.0,67
13,328.0,0.9276471547733092,0.920823195275243,,,,1.0,0.0,100.15544155606102,0.4809569676229271,1.8400325041327248,0.0473228342131797,0.0,72.0,67
13,329.0,0.9276482803233026,0.6458027229263261,,,,1.0,0.0,99.921169921563,0.6994122793715633,0.6834522098498014,0.028591050137572,0.0,71.0,67
13,330.0,0.9285458982048328,0.8234868598966594,,,,1.0,1.0,35.27342732819407,0.5212442992904516,1.1496745961757917,0.0,0.0,70.0,67
13,331.0,1.5249205650959885,1.8140873868087768,,,,1.0,1.0,33.41109843865312,0.6047166516950058,0.0,0.221818103305168,0.0,69.0,67
13,332.0,1.6393521754055074,1.7725496802955882,,,,1.0,0.0,120.0,0.3740791069374469,0.2183641817910433,0.0,0.0,68.0,67
13,333.0,1.6398413327267023,1.3878237414066477,,,,1.0,1.0,33.12214696477074,0.6748316541903986,2.060760026113923,0.081095644874256,0.0,67.0,67
13,334.0,2.0269696312266303,1.9363663768973691,,,,1.0,1.0,29.88938306030463,0.5159825327017324,3.387589696532662,0.1593053650950329,0.0,66.0,67
13,335.0,2.028617173229713,2.094911242706673,,,,1.0,0.0,111.93679192760423,0.5713139348364604,6.11190021260642,0.3920623667190921,0.0,65.0,67
13,336.0,2.028649322233226,1.8715671716679956,,,,1.0,1.0,31.11706387480645,0.5477225524338979,0.0,0.2484870154637023,0.0,64.0,67
13,337.0,2.068380983662236,2.2121553113845343,,,,1.0,0.0,84.43777037912223,0.5726127130452394,0.0,0.4419345752137588,0.0,63.0,67
13,338.0,2.068559968066149,2.1519057491033027,,,,1.0,1.0,30.15833879296239,0.5424939490662742,2.939320715162856,0.1683644153817893,0.0,62.0,67
13,339.0,2.145927727520073,1.9693538014740823,,,,1.0,1.0,24.365155267200645,0.4236167124316117,0.0,0.0,0.0,61.0,67
13,340.0,2.164794809385808,1.9653299417559031,,,,1.0,0.0,95.52583644957204,0.5791597277802498,9.486745449695984,0.0213568532360463,0.0,60.0,67
13,341.0,2.167339846967407,2.097073117605521,,,,1.0,1.0,21.883233625080365,0.3758502115820201,7.612846279435908,0.0269273823049865,0.0,59.0,67
13,342.0,2.29984510466546,2.364355650744808,,,,1.0,0.0,100.46947233819331,0.4689432570243848,3.7608924988855033,0.0,0.0,58.0,67
13,343.0,2.31209423420341,2.4699379887489945,,,,1.0,1.0,13.806063393128728,0.4810898093999405,1.1452615130126622,0.0162850660588292,0.0,57.0,67
13,344.0,2.312435917676602,2.399614911147808,,,,1.0,1.0,29.7000992734679,0.3077867765780036,4.116243100410468,0.1854080587834356,0.0,56.0,67
13,345.0,2.3430596780918567,2.67425331611348,,,,1.0,1.0,33.752001165996234,0.2888161305336881,1.2566853148094754,0.1788732479806783,0.0,55.0,67
13,346.0,2.583234962693396,2.7069795293133576,,,,1.0,1.0,26.17209559198035,0.5170374158364234,2.8700678803696773,0.0,0.0,54.0,67
13,347.0,2.5860526568754465,2.39785131096089,,,,1.0,1.0,32.41655734846443,0.5842610610286826,6.9775612010837404,0.0402271631118013,0.0,53.0,67
13,348.0,2.5864549830986228,2.5319618069547,,,,1.0,1.0,30.78462481850285,0.386035635661391,6.085072860687445,0.2378945084183194,0.0,52.0,67
13,349.0,2.599275674482185,2.493759726277122,,,,1.0,1.0,20.685032227770485,0.5082963506012392,2.540549033843987,0.1792117789258238,0.0,51.0,67
13,350.0,2.6100354825154595,2.600267346813509,,,,1.0,1.0,33.921416003788565,0.4896658349459893,5.815461091606803,0.1777934565562703,0.0,50.0,67
13,351.0,2.781307190916516,2.9214129011938885,,,,1.0,0.0,104.07253231219482,0.5285135783949196,4.619085101550972,0.0,0.0,49.0,67
13,352.0,2.7814563749961363,3.127211675349733,,,,1.0,1.0,31.557690878254384,0.5348325514273813,3.548424565662424,0.3299393537484348,0.0,48.0,67
13,353.0,2.989162193814553,3.1576746233194943,,,,1.0,1.0,36.064266846774245,0.2977850216030335,11.09365589415096,0.1423522454513016,0.0,47.0,67
13,354.0,3.126497071407053,2.838221844895965,,,,1.0,1.0,26.47641341228549,0.393088868265916,11.31500435612395,0.2168220633519437,0.0001600150907456,46.0,67
13,355.0,3.166216466618031,3.22923972716501,,,,1.0,1.0,29.53533485581045,0.613727140080534,3.9586073252579466,0.0769007440896869,0.0002762791377498,45.0,67
13,356.0,3.3666185479710373,3.5845412407081456,,,,1.0,0.0,97.26083613015692,0.486567400434185,7.497058065007628,0.4937666129065812,0.0013440915971639,44.0,67
13,357.0,3.713104450398059,3.800509052044492,,,,1.0,1.0,20.12594132789044,0.4467844201266012,9.73696351483,0.4260169942447818,0.0050851795717751,43.0,67
13,358.0,3.730236945667812,3.5387504240876915,,,,1.0,1.0,29.111371521792417,0.4486343165364836,8.87683596697285,0.1641217926467176,0.0053324599681825,42.0,67
13,359.0,3.747191191092053,3.593190799326178,,,,1.0,1.0,31.585029242294,0.5072519966499056,10.77025937699944,0.5797351212442234,0.0055829467604556,41.0,67
13,360.0,3.829469255613792,3.76932264305638,,,,1.0,1.0,23.317972226099293,0.4082493739423523,7.210093993509296,0.2601927693062195,0.0068801924600849,40.0,67
13,361.0,4.717691995213843,4.579642925871718,,,,1.0,1.0,35.41524819320921,0.5176711198608345,11.8453112593944,0.5385699950812526,0.0295046579042171,39.0,67
13,362.0,4.7193924019830975,4.564106052969663,,,,1.0,1.0,36.093240923706176,0.7029316750235183,14.461524971083383,0.488781385823376,0.029563102319972,38.0,67
13,363.0,4.782112254361793,4.713484182728416,,,,1.0,0.0,103.53921030224352,0.5606075104042254,13.748998963314774,0.7224688816568668,0.0317592408714647,37.0,67
13,364.0,4.85412138233335,4.870081068440713,,,,1.0,0.0,86.64056452867797,0.5161579115346904,19.75086215120396,0.4588387345373485,0.0343776610042573,36.0,67
13,365.0,4.859259349058436,4.87324839911949,,,,1.0,1.0,35.202562196366365,0.5861286395541362,12.937767332199414,0.789945466455144,0.034568453270612,35.0,67
13,366.0,5.062484451202379,5.24450102719125,,,,1.0,1.0,15.218822948167364,0.5217900140586883,14.377461369286095,0.7480572354071271,0.0425384211145158,34.0,67
13,367.0,5.062759386069587,5.058421543852139,,,,1.0,1.0,33.728930766071734,0.348279199983196,11.766116311450295,0.5252668909538188,0.0425497628481817,33.0,67
13,368.0,5.117176453231167,5.300408334244374,,,,1.0,1.0,28.067122104895983,0.4137386062580682,10.49600990597845,0.5793002272041455,0.044824361341165,32.0,67
13,369.0,5.167978167766632,5.142407868630722,,,,1.0,1.0,25.35525785184483,0.4745775587227122,15.134243462943257,0.81167597125706,0.0470012933591276,31.0,67
13,370.0,5.4416440960305055,5.119748571861515,,,,1.0,0.0,95.48954239765918,0.7137171219126972,14.207463524859032,0.7000177433599765,0.0596162589168062,30.0,67
13,371.0,5.457188904873505,5.464851733213304,,,,1.0,1.0,27.466738080204173,0.4098485365350545,16.353864588290524,0.9224533797939388,0.0603777731423345,29.0,67
13,372.0,5.45719826875388,5.329745207227345,,,,1.0,1.0,26.97312860109746,0.5208486188653103,18.492896770682098,0.5407065899184623,0.0603782333196706,28.0,67
13,373.0,5.466285540425614,5.324534371552932,,,,1.0,1.0,22.60868782138578,0.4860628342245625,15.800551389650357,0.8256091567590891,0.0608256436691246,27.0,67
13,374.0,5.469930653139629,5.538842563065387,,,,1.0,0.0,104.24333014717554,0.5374314153885761,14.310876663503942,0.8245845602638524,0.0610055743131875,26.0,67
13,375.0,5.50502865693293,5.662068682536393,,,,1.0,1.0,26.273675176246687,0.5324593827454746,12.213824389608192,0.8877303737385964,0.062751685720552,25.0,67
13,376.0,5.602652206344282,5.456427828780608,,,,1.0,0.0,113.20554001933164,0.5431600527001995,16.596678935665306,0.4971513433228191,0.0677379850718876,24.0,67
13,377.0,5.667131550171882,5.733661847067886,,,,1.0,1.0,27.08256671405432,0.5867560052500507,17.309605053034186,0.7510720507858821,0.0711359070592226,23.0,67
13,378.0,5.671389770264741,5.493835786047711,,,,1.0,1.0,29.003534739731037,0.518777698779916,15.804607669311473,0.6643583020062294,0.071363233046751,22.0,67
13,379.0,5.686052979470989,5.380338085077648,,,,1.0,1.0,26.393756474820385,0.5080932849747093,9.97467504060306,0.7600964284919887,0.0721488060852497,21.0,67
13,380.0,5.751438799626608,5.793703345988,,,,1.0,1.0,30.597331352493747,0.788026604332268,15.661457877095144,0.5308634644051845,0.0757041546809071,20.0,67
13,381.0,5.751449235039218,5.655744401964904,,,,1.0,0.0,93.81813127711006,0.432402184047175,11.497959769209686,0.8965333915744709,0.075704728929979,19.0,67
13,382.0,5.796463757821464,5.695872647270058,,,,1.0,1.0,24.781661751653942,0.4502904946545021,17.287546600396535,0.7067518291376058,0.0782020954880894,18.0,67
13,383.0,5.852024550659842,5.899691680431051,,,,1.0,1.0,32.439683807310814,0.6403515548682295,14.898123499739146,1.2444438743253987,0.0813404403756647,17.0,67
13,384.0,6.190322552460641,6.206852719246409,,,,1.0,0.0,97.4705418548996,0.4787233632107714,16.474565939307574,0.5586984700401154,0.1017815798873898,16.0,67
13,385.0,6.281470856718146,6.222993315591618,,,,1.0,1.0,34.00974295024004,0.4330221963931357,20.88667355391795,0.8501083650294837,0.1076805098349052,15.0,67
13,386.0,6.362309200651327,6.371078370109388,,,,1.0,1.0,29.28966715601786,0.3128094916893492,19.89611162674925,1.1073245518976271,0.1130512316078456,14.0,67
13,387.0,6.488895478577293,6.65259417388301,,,,1.0,0.0,108.00736390525176,0.4278524882536492,22.607307094191537,1.1347995144114051,0.1217239166043707,13.0,67
13,388.0,6.496764570460592,6.637154577053607,,,,1.0,1.0,16.87143693707731,0.4974103717882667,17.062758275410097,1.1151258837689064,0.1222736246122845,12.0,67
13,389.0,6.581130318710536,6.576342648769228,,,,1.0,1.0,32.2074870656661,0.5119515318458169,20.45073433442689,1.1197847031230597,0.1282449435958783,11.0,67
13,390.0,6.721108020608464,6.637102338379814,,,,1.0,0.0,91.48439110276942,0.26790975922592,18.94315637056184,0.9408321208281544,0.1384664490103664,10.0,67
13,391.0,6.817355650768501,6.824585159636992,,,,1.0,0.0,85.52209134226393,0.5923404334315807,25.166179573053405,0.9951100418993326,0.1457220416445421,9.0,67
13,392.0,6.912770998642652,6.797709489231029,,,,1.0,1.0,32.69675005150279,0.4752504677323076,19.70131577377797,1.111757178974345,0.1530977688781901,8.0,67
13,393.0,6.92468088875544,7.038671981170157,,,,1.0,1.0,27.2561331572105,0.421937371955253,20.733477283294448,1.1923581766724856,0.1540312007856219,7.0,67
13,394.0,7.019688597784157,7.0072188563401925,,,,1.0,1.0,27.47436036629481,0.4334572276086054,29.721988252216505,1.0054953263827908,0.1615789642315596,6.0,67
13,395.0,7.319364693232591,7.268638094680765,,,,1.0,1.0,27.460243364880924,0.5271118830810627,24.085523589506472,1.328003080145113,0.1865691135314428,5.0,67
13,396.0,8.697483753157385,8.882949244172028,,,,1.0,1.0,32.30676776053743,0.5751184344861875,33.927960005229046,1.86126001893362,0.3246132111749237,4.0,67
13,397.0,9.199269937465004,9.3642855609359,,,,1.0,0.0,98.81687210169927,0.4562160796647407,29.202124247749545,2.2581902026737564,0.3843094775755732,3.0,67
13,398.0,9.520637239482216,9.573701177592268,,,,1.0,0.0,96.10019928174144,0.5157076980946548,32.48995934518514,2.301126098428998,0.4251871000892226,2.0,67
13,399.0,9.907705104928509,9.913946424525223,,,,1.0,1.0,31.6412706415041,0.7341005798025958,41.59128995056822,2.541231917669011,0.4771638981665536,1.0,67
13,400.0,10.219994535332612,10.1457210423581,catastrophic_failure_replacement,534.8605553945149,,1.0,1.0,28.525852494749767,0.6436142356636718,0.0,0.0,0.0,0.0,67
14,0.0,0.0,0.0,,,,0.0,1.0,28.47488059703716,0.8123696975271367,0.0,0.0720659885349783,0.0,130.0,69
14,1.0,0.0007531105330417,0.1076176090015031,,,,0.0,1.0,30.266052988578338,0.817367067308284,0.0,0.1746850026955209,0.0,129.0,69
14,2.0,0.2123755056960517,0.2772225247743629,,,,0.0,1.0,34.05310815628028,0.8572706960683685,0.0,0.0,0.0,128.0,69
14,3.0,0.3697345301807626,0.3244758027185274,,,,0.0,1.0,38.145738113723766,0.6535656920300323,4.246351638153866,0.2234231362443461,0.0,127.0,69
14,4.0,0.3783799331413408,0.4245284054001177,,,,0.0,1.0,32.33077387294239,0.5234018891622336,4.198464330030963,0.1323872692365875,0.0,126.0,69
14,5.0,0.469714190523894,0.5450498089037326,,,,0.0,1.0,30.22277269209436,0.5380646490222923,0.0,0.0,0.0,125.0,69
14,6.0,0.6924380367192334,0.5725875448176444,,,,0.0,1.0,33.38554890134772,0.6346599881269112,3.069644002277003,0.0,0.0,124.0,69
14,7.0,0.6952582653410447,0.8926972470293822,,,,0.0,0.0,102.62878312774832,0.5096198897743318,5.377102046036116,0.0882947843038767,0.0,123.0,69
14,8.0,0.6980336614886278,0.8702487453209932,,,,0.0,1.0,36.44904590064692,0.7036323605648311,0.0,0.0,0.0,122.0,69
14,9.0,0.6990176810115641,0.6412917284053306,,,,0.0,1.0,31.21796633772983,0.8418379942927615,2.0924183890980155,0.1037741992779903,0.0,121.0,69
14,10.0,0.720992879551466,0.7959691765438651,,,,0.0,1.0,36.41801952480178,0.771730251883628,0.0,0.0,0.0,120.0,69
14,11.0,0.7234895482037114,0.6595242268843369,,,,0.0,1.0,38.63137005944913,0.6442040996430624,1.092471974969191,0.1551747218627441,0.0,119.0,69
14,12.0,1.0499952176702314,0.906283155061532,,,,0.0,1.0,40.811282307434745,0.8108874071382347,3.9141274111209112,0.1153926691858205,0.0,118.0,69
14,13.0,1.0499960796637653,0.7798038625586339,,,,0.0,1.0,23.65906510928924,0.8760056919362333,0.8194017768320241,0.0,0.0,117.0,69
14,14.0,1.050163990332327,1.071352153648689,,,,0.0,0.0,107.5536834771952,0.5083533872930264,0.0,0.0923292275472786,0.0,116.0,69
14,15.0,1.129114859163599,1.2966920274370013,,,,0.0,1.0,19.012881147738423,0.7604683644351381,0.0,0.0,0.0,115.0,69
14,16.0,1.3909573275789109,1.5454233135381372,,,,0.0,0.0,102.63328586906869,0.5818043435533907,1.2842271761886177,0.0932004277711608,0.0,114.0,69
14,17.0,1.3934519184378196,1.345472972275798,,,,0.0,0.0,99.86976328898926,0.5076867726857541,10.231461428942332,0.0198727535697521,0.0,113.0,69
14,18.0,1.4294026790919532,1.4869292050658032,,,,0.0,0.0,99.28292436608292,0.5297529188587998,4.065248128043462,0.0494601636402197,0.0,112.0,69
14,19.0,1.4705583372130662,1.2423172566218168,,,,0.0,1.0,23.598697358467515,0.600767318701576,1.17787347862148,0.0,0.0,111.0,69
14,20.0,1.5305861272985444,1.3763296436179977,,,,0.0,1.0,21.80496337133016,0.7210123493347874,2.433739477009046,0.0,0.0,110.0,69
14,21.0,1.5350868808686644,1.4777720996822308,,,,0.0,1.0,27.41431909663522,0.6508902837367254,3.0017140311469928,0.0,0.0,109.0,69
14,22.0,1.5913012113702687,1.6211091640367636,,,,0.0,0.0,108.14949099249152,0.9232405463017124,4.367052185446745,0.0,0.0,108.0,69
14,23.0,1.6135139734001225,1.5448951302740197,,,,0.0,1.0,29.81390561090218,0.7833176860471822,1.6822245574998502,0.0,0.0,107.0,69
14,24.0,1.6391615880606605,1.5706529828706632,,,,0.0,1.0,29.43983515138388,0.6898801094652104,5.128003513701059,0.0998857852239738,0.0,106.0,69
14,25.0,1.6396740766857163,1.5981235235214433,,,,0.0,1.0,31.191376569146883,0.5372524244326887,0.5531932448372001,0.0,0.0,105.0,69
14,26.0,1.6401403951454518,1.660365791229727,,,,0.0,1.0,38.01595570508584,0.4607323821977955,2.6645469207506016,0.358786458501489,0.0,104.0,69
14,27.0,1.6572724100879097,1.691421126372663,,,,0.0,1.0,25.842461949384397,0.6581240483883117,0.6662690929987809,0.0,0.0,103.0,69
14,28.0,1.773794439875597,1.7987629181431175,,,,0.0,1.0,28.22189049056304,0.7786512032466819,9.000412578104093,0.0568085157147923,0.0,102.0,69
14,29.0,1.895648711330712,2.0015085263285224,,,,0.0,1.0,28.55197581106128,0.649969160926146,0.478349905879599,0.0,0.0,101.0,69
14,30.0,1.8959928871529048,1.7954634171498922,,,,0.0,1.0,24.97505968250689,0.7321702040702122,6.921812965501552,0.0,0.0,100.0,69
14,31.0,1.8964082567352576,1.8118348883459643,,,,0.0,1.0,34.87932217239857,0.4528865968889427,3.7711627917449606,0.2673036588495925,0.0,99.0,69
14,32.0,1.896512060683024,1.720918419486659,,,,0.0,1.0,39.57740674448003,0.8908043461510401,3.790337363765168,0.0958898981348496,0.0,98.0,69
14,33.0,1.9159387899940816,1.8272780122596208,,,,0.0,1.0,26.47939729871265,0.7282035312355855,2.191591267168319,0.385895809809701,0.0,97.0,69
14,34.0,1.9379732820002384,2.1153753640247936,,,,0.0,1.0,35.01353752771578,0.4202202853518025,2.3945885289932924,0.0631226521651517,0.0,96.0,69
14,35.0,1.9388880879634829,1.464874373229887,,,,0.0,1.0,31.17232558067657,0.5581254373963053,0.0,0.1231287663864567,0.0,95.0,69
14,36.0,1.9389743189429811,1.9210668768920585,,,,0.0,1.0,39.425335972142,0.7236686830660447,1.888938631129372,0.0,0.0,94.0,69
14,37.0,1.9660127262009508,2.188414490226958,,,,0.0,0.0,112.60023900706166,0.6250634284021268,6.706661159930587,0.0951021036007231,0.0,93.0,69
14,38.0,1.9660721152305936,1.9031264635661775,,,,0.0,1.0,25.5880896444587,0.6000439001601093,5.3699326646273,0.0,0.0,92.0,69
14,39.0,2.03437648545011,2.2863631963292583,,,,0.0,0.0,99.51950561609148,0.6913866851984382,5.284601343858357,0.0608361148408938,0.0,91.0,69
14,40.0,2.0699945989807964,1.882164957016202,,,,0.0,0.0,104.31349214478738,0.5842791099751418,0.0,0.2885368653507201,0.0,90.0,69
14,41.0,2.1136537337702106,2.103351501404417,,,,0.0,0.0,91.7847692235616,0.7773030587877122,0.0,0.2743443885260462,0.0,89.0,69
14,42.0,2.1151501250062763,2.086743792441012,,,,0.0,1.0,28.658296626180917,0.6872067167244249,1.564746669969359,0.1203143605150791,0.0,88.0,69
14,43.0,2.131754030463951,2.074175585561596,,,,0.0,0.0,96.95432752272794,0.6912019265807214,3.8751253573085354,0.0,0.0,87.0,69
14,44.0,2.145953012697684,2.203102815506366,,,,0.0,1.0,21.114511905503257,0.6321640153227113,3.1325697080357764,0.0003027252668157,0.0,86.0,69
14,45.0,2.464033741686884,2.4903445927707475,,,,0.0,0.0,91.40784099094472,0.5309918158840411,7.320304458296567,0.2479702186580581,0.0,85.0,69
14,46.0,2.577895321291728,2.356767807806912,,,,0.0,1.0,27.63745089495095,0.866680009122451,6.810200418382519,0.2401711086019061,0.0,84.0,69
14,47.0,2.8683921984765264,2.832611409959299,,,,0.0,0.0,100.96818455479584,0.6591998803231018,2.315083710887306,0.2934258840284963,0.0,83.0,69
14,48.0,2.960360547867528,3.029024127890274,,,,0.0,1.0,28.90804785445003,0.6237757971612101,2.791978978992625,0.6490891725706092,0.0,82.0,69
14,49.0,3.2583521278084366,3.2462385966687823,,,,0.0,1.0,27.479161501397154,0.7031671299634423,6.23507539089425,0.1242471446021094,0.0006674582194314,81.0,69
14,50.0,3.3259540380435886,3.252775988883995,,,,0.0,1.0,24.03903554248337,0.5903373206747031,8.220268350777944,0.0,0.0010624603491692,80.0,69
14,51.0,3.3275578219609145,3.135147929390441,,,,0.0,0.0,110.24354163939144,0.7323856813151386,4.445221746820099,0.0990828854864889,0.0010729412672777,79.0,69
14,52.0,3.3895181843442272,3.2475997683602347,,,,0.0,1.0,35.19645029234014,0.4823143457414255,7.856523102098255,0.1831895911018995,0.0015172441593482,78.0,69
14,53.0,3.4139875928932897,3.18323420783947,,,,0.0,0.0,101.03437616158156,0.9080409552380088,9.322440074199658,0.524301255987681,0.0017138572706958,77.0,69
14,54.0,3.413988354880166,3.5132144440513184,,,,0.0,1.0,27.759360441369825,0.6936089853446694,3.739063420562736,0.5842316634364897,0.0017138635797638,76.0,69
14,55.0,3.63412662154053,3.3813707051697426,,,,0.0,1.0,32.30900529295282,0.6217838672654438,9.461723653791834,0.3835421961388269,0.004021165721464,75.0,69
14,56.0,3.6479042219427744,3.661600336085874,,,,0.0,1.0,35.118951086141855,0.5490507757781222,5.510001626516833,0.0690799622279105,0.0041977988081127,74.0,69
14,57.0,3.648300494555361,3.7768405316209046,,,,0.0,0.0,80.01050556066099,0.5328195547852509,5.526761529757378,0.2903371705448576,0.0042029353124072,73.0,69
14,58.0,3.648300494707777,3.349360827815455,,,,0.0,1.0,34.14605282389933,0.8698022060784064,6.859043545282769,0.2522889470188907,0.0042029353143834,72.0,69
14,59.0,3.667260473452709,3.7241917814014314,,,,0.0,0.0,99.40339294405555,0.754526828935774,4.058179209749223,0.1676111795975709,0.0044523653943233,71.0,69
14,60.0,3.7227949607652246,3.7707742380218217,,,,0.0,1.0,32.83701660806554,0.6055796800885531,8.760694107044399,0.2260559924580704,0.005224325553076,70.0,69
14,61.0,3.837299285028041,3.775217025633005,,,,0.0,1.0,34.55102729543604,0.7273688676515979,12.485025169041124,0.2772582296275594,0.0070107009270846,69.0,69
14,62.0,4.157620894029124,4.021950298859483,,,,0.0,0.0,110.10315763315822,0.5181432988798196,12.378983631281478,0.577216639352561,0.0134008613429278,68.0,69
14,63.0,4.200549225550993,4.455415430983989,,,,0.0,1.0,34.02090693274509,0.6198655461718308,11.149981402556264,0.6248158219264881,0.0144131844297108,67.0,69
14,64.0,4.364895358292764,4.404118112815204,,,,0.0,1.0,24.75684452424924,0.6884017277777859,9.225230640911626,0.4271161523890259,0.0186293933908913,66.0,69
14,65.0,4.385406247627204,4.350592052775712,,,,0.0,1.0,28.75803638711196,0.4709755922649807,12.846589000513964,0.5129132150358913,0.0191935047096448,65.0,69
14,66.0,4.442301315171573,4.447514235122895,,,,0.0,1.0,21.016408194788458,0.8036659045898531,13.274890032998467,0.2046005963758316,0.0208023308374564,64.0,69
14,67.0,4.444048963177864,4.142859476572744,,,,0.0,0.0,103.59914436710709,0.4476971392266142,11.502583642473637,0.6096889029750016,0.0208527740805506,63.0,69
14,68.0,4.495218052113435,4.448826839617816,,,,0.0,1.0,23.49056069732576,0.6394890108968957,9.122424830501998,0.6864244134985003,0.0223567702336589,62.0,69
14,69.0,4.534707589682378,4.534630934586591,,,,0.0,0.0,95.58006560848668,0.7673476356523374,16.85814692198087,0.2830760282418652,0.0235532738582869,61.0,69
14,70.0,4.542755457901974,4.436379788387172,,,,0.0,1.0,35.80973743488472,0.7262468491646894,11.491239998624216,0.5352631056084591,0.0238009440288632,60.0,69
14,71.0,4.544660073148044,4.372165330870158,,,,0.0,1.0,27.751535694758253,0.865440384035087,9.80150672192325,0.4719288067695748,0.0238597474157771,59.0,69
14,72.0,4.545217949073024,4.777703408162809,,,,0.0,0.0,90.90608894618735,0.6523621357669692,13.14690379469485,0.3572597972790511,0.0238769851013744,58.0,69
14,73.0,4.731537113386686,4.628519585230656,,,,0.0,0.0,104.89445808832455,0.5946434488061427,11.169994321012226,0.3356586567352455,0.0299822077503549,57.0,69
14,74.0,4.73226905092546,4.656471053786063,,,,0.0,1.0,28.238934120157964,0.6023631368673746,14.473011234729109,0.5017995924920382,0.0300075606479419,56.0,69
14,75.0,4.752185406879965,4.638693123233477,,,,0.0,0.0,102.4363282136031,0.4834836955239364,14.67391449588139,0.8857607756365435,0.030701537000831,55.0,69
14,76.0,4.752219935360074,4.696755861520296,,,,0.0,0.0,99.82287734731852,0.7010349029786249,13.254573959541514,0.4368929939651513,0.0307027470187326,54.0,69
14,77.0,4.752629906774541,4.807759791910505,,,,0.0,1.0,22.20304263286618,0.7315890620829054,13.2039255882262,0.0194595433577513,0.0307171159012053,53.0,69
14,78.0,4.892505423564448,5.007348501483151,,,,0.0,0.0,105.93389167305652,0.5725652943540847,18.59855832484896,0.6486719123866742,0.0358157677822085,52.0,69
14,79.0,4.997206671413365,5.262228347463115,,,,0.0,1.0,37.93432754204876,0.6645270270917646,14.23422524773625,0.6610764028949884,0.0398883448833805,51.0,69
14,80.0,5.048494578031992,5.218368936939262,,,,0.0,1.0,16.56721862057855,0.546858254223558,10.350477693012408,0.5329740848592746,0.0419633003622647,50.0,69
14,81.0,5.1228568554033975,5.158181035070455,,,,0.0,0.0,97.81233274811038,0.6406275548230781,17.097696971049757,0.7094266681874407,0.045065212285332,49.0,69
14,82.0,5.164621446899206,4.963394949560444,,,,0.0,1.0,24.045924355638007,0.8678686428616572,16.200269273307462,0.6169528359849439,0.0468558600837601,48.0,69
14,83.0,5.166114693958972,5.061276374977138,,,,0.0,0.0,95.19446988697804,0.7456719156524982,12.99751386846316,0.5964245733349718,0.0469205286738497,47.0,69
14,84.0,5.166322044277138,5.224407366949575,,,,0.0,0.0,97.75305602951086,0.6958280635711335,8.958310991438951,0.5942836149214382,0.0469295119952107,46.0,69
14,85.0,5.16775342409973,5.088136043601493,,,,0.0,1.0,36.43290877131776,0.6988817755757989,16.202653913731048,0.6208025193635646,0.046991549076961,45.0,69
14,86.0,5.185785286404504,5.160314243756621,,,,0.0,1.0,33.077355117794895,0.663209846234475,17.877350257621544,0.7497188653988807,0.0477765731826242,44.0,69
14,87.0,5.253051893474472,5.290825080390503,,,,0.0,1.0,29.30508675564593,0.6345339390878029,15.268972446709803,0.8249882219849405,0.050762428346889,43.0,69
14,88.0,5.27816717978792,5.258833251225274,,,,0.0,0.0,113.2089897445588,0.6264396867712203,16.765099223591207,0.705289887059673,0.0519004569906284,42.0,69
14,89.0,5.279783130368623,5.4693323339388105,,,,0.0,0.0,104.34269057901922,0.6140397817347476,13.397029643954502,0.672264474736556,0.0519741112151335,41.0,69
14,90.0,5.795077150524501,6.050515721182491,,,,0.0,0.0,99.37698258396176,0.6759714064245033,19.55928001993977,0.9384990255753862,0.0781245627738416,40.0,69
14,91.0,5.87569659624101,5.8461704790398565,,,,0.0,0.0,102.4660572146452,0.6522928495997208,14.548991077038462,0.8580628276207769,0.0826963091363213,39.0,69
14,92.0,5.970182527910255,5.943706561104369,,,,0.0,1.0,31.419682659597655,0.7189986464292559,18.11392237679357,1.0228104910731068,0.0882198424910335,38.0,69
14,93.0,6.004857585467382,6.176416154125895,,,,0.0,1.0,27.90663362459931,0.6982225578647825,22.162967944126635,1.1241727825088674,0.0902916910894086,37.0,69
14,94.0,6.012109195495846,6.156381486961489,,,,0.0,0.0,112.45232969596832,0.7658045930309538,21.236671538467537,0.9491175644357864,0.0907280180559063,36.0,69
14,95.0,6.176603708190691,6.074909954886632,,,,0.0,1.0,30.557347058471727,0.7063611309231859,18.205809683818924,0.9445123291894616,0.1009081111889085,35.0,69
14,96.0,6.219589949151145,6.290213109949934,,,,0.0,1.0,33.248184006223134,0.4596309655585013,19.33508972767202,1.1486926697720798,0.1036575944067507,34.0,69
14,97.0,6.224404931817189,5.911557377656579,,,,0.0,0.0,112.1797821300502,0.6087322410549669,16.41878450810273,1.3303790698669775,0.1039678716432701,33.0,69
14,98.0,6.23514000765383,6.341091398278384,,,,0.0,1.0,27.036202108135534,0.6545105288866597,22.18472446151745,1.0530493614465093,0.1046613086912242,32.0,69
14,99.0,6.2435256809087125,6.079697741728323,,,,0.0,1.0,19.951260950443725,0.6405759940806142,19.42319339567512,0.9101515332136504,0.1052045884271432,31.0,69
14,100.0,6.251442071203505,6.469155450505707,,,,0.0,0.0,102.96067115100377,0.58230364923956,16.971688993439695,1.2038657030345274,0.1057187554239214,30.0,69
14,101.0,6.301288811916672,6.256123843100891,,,,0.0,0.0,100.75197178443918,0.6574297779738258,20.18762479856562,0.9088739617741316,0.1089850781968619,29.0,69
14,102.0,6.3757144578719975,6.455077685023279,,,,0.0,1.0,27.4766418976246,0.7672506525612202,16.865297294679547,0.9461867257334226,0.1139544810108603,28.0,69
14,103.0,6.375758588696486,6.482832682983348,,,,0.0,1.0,31.272219745139694,0.7449871837850057,17.078417702289443,0.8694642331978943,0.1139574604915808,27.0,69
14,104.0,6.7620946262664665,6.788372695632021,,,,0.0,1.0,28.50068620880851,0.6837498868880181,18.47418349242278,1.14819007462122,0.1415335597698302,26.0,69
14,105.0,6.88740906664333,6.808440789082769,,,,0.0,0.0,99.79639185887932,0.6573347466160628,22.83103161753198,1.3116554756484982,0.1511194925142076,25.0,69
14,106.0,6.919488547084325,6.878696613170797,,,,0.0,1.0,21.75850700931875,0.6268720826505887,22.013176606658416,1.2548774675304684,0.1536239047072519,24.0,69
14,107.0,6.930440986082081,6.92352863250439,,,,0.0,1.0,26.524833401918475,0.6491031537770005,21.29502658331093,1.3063137745432236,0.1544836634507387,23.0,69
14,108.0,6.930663581846419,6.792541549470395,,,,0.0,1.0,29.41813898535789,0.6821729455690885,26.48695186145172,1.0611350963390167,0.1545011619365372,22.0,69
14,109.0,6.949390945690199,6.860047427830686,,,,0.0,1.0,27.56126177924586,0.5576577362846966,20.66991448072179,0.951674488844256,0.1559768884189972,21.0,69
14,110.0,7.031819301753536,7.047161037915993,,,,0.0,1.0,25.744866645650824,0.5005285826134855,25.64445734191531,1.4062595366272994,0.1625556688199237,20.0,69
14,111.0,7.051239223721512,7.01407208827704,,,,0.0,1.0,30.11369679396868,0.6834674338371013,23.5613266399862,1.1998915083421768,0.1641253924781968,19.0,69
14,112.0,7.06948293160036,6.844350352319954,,,,0.0,1.0,33.5909246982816,0.6945410564193072,23.629965506565256,1.232510676168944,0.1656069133058666,18.0,69
14,113.0,7.1685925673856055,6.99724778757388,,,,0.0,0.0,107.43336036713713,0.6757493846358306,26.15807626524904,1.3179747869209864,0.1737716399286251,17.0,69
14,114.0,7.176033318584844,6.983492079816741,,,,0.0,0.0,105.2841652969181,0.6749242773462524,23.482378812688182,1.450974225624898,0.1743925427793075,16.0,69
14,115.0,7.196978244079483,7.01636917491236,,,,0.0,1.0,27.695570984512543,0.5578546694017614,27.377680393127942,1.1460067079857266,0.176146263812765,15.0,69
14,116.0,7.293748987967121,7.434396068683801,,,,0.0,1.0,28.433860001906684,0.4662506942842561,18.553902789607395,1.3146437177992494,0.1843628037166867,14.0,69
14,117.0,7.601638350860703,7.587140169204344,,,,0.0,1.0,35.83437831777866,0.6584056847986115,25.04178805571413,1.5546910843754829,0.2117507551211201,13.0,69
14,118.0,7.764978252030037,7.72395127015462,,,,0.0,0.0,97.17102277929222,0.6645641053509701,29.64743340597147,1.534496663252399,0.2270501774231922,12.0,69
14,119.0,7.834345920893844,7.658619928832668,,,,0.0,1.0,31.30754058877397,0.6199791230199706,36.947055376235085,1.4829868377170476,0.2337090048286294,11.0,69
14,120.0,7.874773433798162,7.784317404932035,,,,0.0,1.0,37.13794902711366,0.7134411410432608,29.73050024514148,1.6803817949546014,0.2376341603086432,10.0,69
14,121.0,7.983016920034923,7.901513250383047,,,,0.0,1.0,37.28607951389073,0.5458145914901964,25.83707355283708,1.435265340266589,0.2483045762535433,9.0,69
14,122.0,8.161846187569706,8.041020051469504,,,,0.0,1.0,28.147861021980265,0.6780872577981466,31.49688324652938,1.7242912090219915,0.266446560641279,8.0,69
14,123.0,8.257080070708358,8.645705247127959,,,,0.0,1.0,22.297549833763814,0.6562666830727245,31.88304909118556,1.7246529234740449,0.2763689086983899,7.0,69
14,124.0,8.550805619553476,8.720499751494692,,,,0.0,0.0,107.09441943379272,0.7614559269325933,33.282149491298405,1.797645393302251,0.3081144302606645,6.0,69
14,125.0,9.212645383723252,8.957130636968737,,,,0.0,1.0,25.0210395098701,0.7061148455502433,35.98508470077711,2.303237989599696,0.3859696266389783,5.0,69
14,126.0,9.215106216046038,9.250176431678916,,,,0.0,1.0,29.69332523289558,0.6826535966535406,34.482970943014806,1.991817926337926,0.386275452767341,4.0,69
14,127.0,9.602387794205905,9.349115293043416,,,,0.0,1.0,25.27804099130515,0.5302712893102528,38.04772859311917,2.4683564017314223,0.435915245850791,3.0,69
14,128.0,9.604080422851906,9.824968458773965,,,,0.0,0.0,103.5885450615749,0.6717477544832952,37.49242963825999,2.531827739445549,0.436138782314958,2.0,69
14,129.0,9.801340821273572,10.098992779024083,,,,0.0,0.0,98.10055574590608,0.6024972648441146,35.40022250350515,2.4226268483192595,0.4625823696712229,1.0,69
14,130.0,10.779147842969412,10.676880842257646,catastrophic_failure_replacement,394.7999485349579,,0.0,0.0,100.47004443045334,0.5516970676134356,0.0,0.0,0.0,0.0,69
14,130.0,0.0,0.0,catastrophic_failure_replacement,394.7999485349579,,0.0,0.0,100.47004443045334,0.5516970676134356,0.0,0.0,0.0,131.0,70
14,131.0,0.0001502006300215,0.2150482946995435,,,,0.0,0.0,93.06325498938214,0.6295528133912409,1.4303719869937188,0.2472040719697177,0.0,130.0,70
14,132.0,0.0093282537688685,0.0601468788674385,,,,0.0,0.0,91.55903689484282,0.6977041020620909,0.0,0.0368766344293731,0.0,129.0,70
14,133.0,0.0983485572428934,0.0047922067352693,,,,0.0,1.0,24.8758905032349,0.7447186798502323,0.0,0.0,0.0,128.0,70
14,134.0,0.2901520359999063,0.2230071110461928,,,,0.0,0.0,112.0536875044376,0.7845879092010307,6.248268191161708,0.0,0.0,127.0,70
14,135.0,0.3456812615979281,0.2852209482364166,,,,0.0,1.0,24.323744696057226,0.576222817140698,0.0,0.1867861847216736,0.0,126.0,70
14,136.0,0.373798702765259,0.6227205384993482,,,,0.0,1.0,38.39848613806184,0.5360168843870655,1.0751604093927918,0.1617966620665009,0.0,125.0,70
14,137.0,0.4920298166966408,0.4887434158545318,,,,0.0,1.0,22.03967469221155,0.6622657388570699,0.0,0.0,0.0,124.0,70
14,138.0,0.5928667712115675,0.5398009054416828,,,,0.0,1.0,27.598354726531355,0.7757865898386361,0.0,0.0230070325429617,0.0,123.0,70
14,139.0,0.5946532667460893,0.3250851717323169,,,,0.0,1.0,32.98784527617005,0.6479923677626964,0.2880558857590378,0.0401314988620734,0.0,122.0,70
14,140.0,0.6189549927534391,0.5071754112322355,,,,0.0,1.0,28.763442681746888,0.7053775367412103,0.0,0.0,0.0,121.0,70
14,141.0,0.6199394701549691,0.9327463622535996,,,,0.0,1.0,27.055704182361936,0.5660483713567936,4.690991747392822,0.0,0.0,120.0,70
14,142.0,0.656406942880114,0.732756326541754,,,,0.0,0.0,94.88151689786092,0.6472184200930419,0.0,0.0,0.0,119.0,70
14,143.0,0.656432489696023,0.7404051259725625,,,,0.0,0.0,101.64841433732492,0.7205259721393974,0.0,0.0,0.0,118.0,70
14,144.0,0.8622037680915442,1.0750313919030536,,,,0.0,1.0,30.6361706634793,0.6029240642272108,5.344518575866254,0.1718024615284784,0.0,117.0,70
14,145.0,0.9158223832478276,1.040068521027231,,,,0.0,1.0,25.664600770068848,0.565727057480975,3.4705761961567534,0.0535199058505794,0.0,116.0,70
14,146.0,1.001642368847714,0.92582952007308,,,,0.0,1.0,27.84909116829588,0.6554330585314564,2.546321463522013,0.1169853365220051,0.0,115.0,70
14,147.0,1.024487617222018,1.0398544960021234,,,,0.0,1.0,29.42901719363902,0.4047228192225305,1.7058370211918898,0.212875376811182,0.0,114.0,70
14,148.0,1.3969189441379757,1.494594614927798,,,,0.0,1.0,29.21630647189291,0.4431449709917049,2.80370393780322,0.0007517177396633,0.0,113.0,70
14,149.0,1.4425019867906548,1.6299653237940883,,,,0.0,1.0,31.72189518450911,0.7152267034202572,1.9110077567369712,0.3915245278516593,0.0,112.0,70
14,150.0,1.4820024520262358,1.1484802875471174,,,,0.0,0.0,95.02378092979691,0.5322598544843746,0.0,0.1969973889740378,0.0,111.0,70
14,151.0,1.482002466297959,1.299739785560931,,,,0.0,1.0,26.300228654750214,0.46653781440007,3.577650107622154,0.2951179532716538,0.0,110.0,70
14,152.0,1.5033003640576916,1.2044191303785852,,,,0.0,0.0,114.28718401458124,0.670346718945871,2.6560890709632243,0.2684586164005669,0.0,109.0,70
14,153.0,1.5082225050766755,1.6643786981627688,,,,0.0,0.0,100.94778336192118,0.707439902328195,0.2243263216622271,0.0344506450828129,0.0,108.0,70
14,154.0,1.5536662842571138,1.3178216032959416,,,,0.0,0.0,96.31427657677231,0.7661118495091448,3.396765660840298,0.0301414864869964,0.0,107.0,70
14,155.0,1.5987534637123155,1.5962451774551591,,,,0.0,1.0,27.21556871701735,0.579260735366868,0.0,0.0,0.0,106.0,70
14,156.0,1.65735212846117,1.5983081441682423,,,,0.0,0.0,95.3533486993454,0.7630693826993757,5.162117115196986,0.0624280954126555,0.0,105.0,70
14,157.0,1.6573540845715151,1.3671937664216718,,,,0.0,1.0,32.464943925788816,0.6108362519526976,4.364141913087815,0.0,0.0,104.0,70
14,158.0,1.6613693066988962,1.470141931073879,,,,0.0,1.0,24.858224359765597,0.7564303207564917,4.67251151930321,0.2639278383230373,0.0,103.0,70
14,159.0,1.6616260785924672,1.7069726355048809,,,,0.0,1.0,36.5063293199749,0.5680319843840829,0.8694157001700589,0.0278956022566985,0.0,102.0,70
14,160.0,1.6649793444696854,1.70170217030052,,,,0.0,0.0,108.67118493351268,0.6982372263743913,0.9809547123294602,0.1525252563567352,0.0,101.0,70
14,161.0,1.6652615793953622,1.6975766542604886,,,,0.0,1.0,25.484514940789776,0.5093385999115683,5.590772151178128,0.1379331318000558,0.0,100.0,70
14,162.0,1.7067547333749564,1.4931876150022532,,,,0.0,1.0,36.905288014756216,0.5501124055770441,2.7238216267639324,0.203204117208772,0.0,99.0,70
14,163.0,1.7067625113718392,1.7743521247951997,,,,0.0,1.0,35.37335312706357,0.7067360178244027,8.863532034534208,0.0,0.0,98.0,70
14,164.0,1.7144203689059183,1.5392302606312964,,,,0.0,1.0,40.77055382996729,0.7552968223074551,10.549393654252976,0.0,0.0,97.0,70
14,165.0,1.7221375462768285,1.7802529530100937,,,,0.0,1.0,30.1704328134111,0.5163434283771335,6.6576797885497285,0.0501340314735738,0.0,96.0,70
14,166.0,1.723884088331831,1.6293042468798846,,,,0.0,0.0,104.99181929055857,0.5262042386116927,9.22599846330998,0.1281185015564295,0.0,95.0,70
14,167.0,1.727437509302847,1.7898567014357123,,,,0.0,1.0,31.041232816864223,0.5358584993208326,7.070420268906533,0.3342054180098425,0.0,94.0,70
14,168.0,1.742873661882016,1.9227132321908744,,,,0.0,0.0,99.86141952273788,0.7074435070366394,7.15082702263282,0.080017748725614,0.0,93.0,70
14,169.0,1.7469893151252824,1.864626497750948,,,,0.0,1.0,27.94922467813401,0.6428542518329902,4.096625684323175,0.2630425243788135,0.0,92.0,70
14,170.0,1.7738785257551792,2.0477428511153435,,,,0.0,1.0,37.24254518787291,0.7046837305320884,5.485440779527853,0.3201860075579117,0.0,91.0,70
14,171.0,2.01112927368277,2.0502415841963044,,,,0.0,0.0,98.71902692399108,0.7657582307080503,3.659293865301682,0.1010109539582123,0.0,90.0,70
14,172.0,2.0112112837597254,2.122830688797332,,,,0.0,1.0,25.971007170558487,0.7461084732737622,5.406254236155281,0.100697702178294,0.0,89.0,70
14,173.0,2.0293394378971263,2.2454062750867627,,,,0.0,1.0,32.90391695352266,0.581787415251017,6.431777648892977,0.2821573012786366,0.0,88.0,70
14,174.0,2.1010717045803093,2.2829668583394924,,,,0.0,1.0,27.894030124262425,0.5576698310334688,11.186739197629624,0.1769322393436566,0.0,87.0,70
14,175.0,2.2653742080017336,1.9166488790669292,,,,0.0,0.0,103.28764597083983,0.7226226876629439,3.743834119031259,0.1612278572436568,0.0,86.0,70
14,176.0,2.26728541475688,2.072925243167206,,,,0.0,0.0,87.89791688837269,0.594278381196314,5.084579840454357,0.4043641066640867,0.0,85.0,70
14,177.0,2.2769351108979694,2.123929986893445,,,,0.0,1.0,27.87880699057308,0.841156064979299,3.8913157381505874,0.0,0.0,84.0,70
14,178.0,2.3240227855918105,2.134918174231806,,,,0.0,1.0,33.901523234645744,0.5994633625150549,8.057579633120696,0.2183340582027418,0.0,83.0,70
14,179.0,2.39101928717464,2.398360461914952,,,,0.0,1.0,25.68663268873981,0.8763480851106327,5.005710631634957,0.1236417395969041,0.0,82.0,70
14,180.0,2.3910513509662663,2.6872731659472606,,,,0.0,1.0,33.747447708040305,0.479550801723821,5.492452958201204,0.2612855298144211,0.0,81.0,70
14,181.0,2.391062955723537,2.5936361195270257,,,,0.0,1.0,22.33288487321317,0.6474789230640156,2.011220336713233,0.2892511927662073,0.0,80.0,70
14,182.0,2.3910630118007714,2.2988978234476294,,,,0.0,1.0,32.27925676347989,0.740272633717916,1.2714538197718896,0.2394950813183862,0.0,79.0,70
14,183.0,2.3911466966654413,2.327241309154556,,,,0.0,1.0,25.666558387119185,0.7138757675923338,7.336051684187552,0.152696313136818,0.0,78.0,70
14,184.0,2.4019202873522545,2.131023204037424,,,,0.0,1.0,29.72854561963711,0.6749833845126905,7.533499376520427,0.0,0.0,77.0,70
14,185.0,2.439567864524695,2.197626228736986,,,,0.0,1.0,28.399267815067525,0.6862929678162363,6.75412241980953,0.1511386407057383,0.0,76.0,70
14,186.0,2.439568367926507,2.6793111812760824,,,,0.0,1.0,28.85394940883916,0.7326895766241934,4.268213006745088,0.0,0.0,75.0,70
14,187.0,2.4398606698568805,2.181493247566332,,,,0.0,1.0,29.14112884246457,0.6578830099807231,3.9512353033406207,0.2987807104770995,0.0,74.0,70
14,188.0,2.48350192588377,2.41005118465135,,,,0.0,1.0,26.774383490313227,0.6759216917191246,7.84892147419638,0.3232068389877107,0.0,73.0,70
14,189.0,2.488469185018721,2.563410943149669,,,,0.0,1.0,34.93445165901297,0.4730632232690201,9.921842404864408,0.0,0.0,72.0,70
14,190.0,2.490922784158074,2.528781369731459,,,,0.0,1.0,27.719966830235663,0.8034745791474405,7.345175653018757,0.0868127382819823,0.0,71.0,70
14,191.0,2.5779260474005303,2.554425543520534,,,,0.0,1.0,27.743442161431005,0.6899141317127399,1.7481718542396123,0.0,0.0,70.0,70
14,192.0,2.577926152121129,2.4457212854627537,,,,0.0,0.0,112.50513344973471,0.7523610210075705,5.961557024461511,0.3625804303859735,0.0,69.0,70
14,193.0,2.578426331819078,2.6536393059240946,,,,0.0,1.0,22.67708198080129,0.6858641686569222,5.846541793281612,0.3894774637058276,0.0,68.0,70
14,194.0,2.5798816161511584,2.343454581503285,,,,0.0,1.0,32.918878227310785,0.7260881840313961,3.862128423579269,0.1380418727453971,0.0,67.0,70
14,195.0,2.6871810720152416,2.827893804372458,,,,0.0,1.0,34.57754077130721,0.3633075830150479,4.9601999299959925,0.2009645242302164,0.0,66.0,70
14,196.0,3.3607625047054284,3.4455951367825848,,,,0.0,1.0,35.58739908726566,0.6078604363635377,7.819166583145028,0.593606966387233,0.0013014958480133,65.0,70
14,197.0,3.3610409057753747,3.4037731791024624,,,,0.0,0.0,106.20720240163944,0.5345003632551161,6.975487668835573,0.25348159296767,0.001303505356431,64.0,70
14,198.0,3.361042540171153,3.536439490198417,,,,0.0,1.0,28.01007652629061,0.669778235370037,8.326133662577549,0.4169008645014391,0.0013035171581323,63.0,70
14,199.0,3.3740846793413724,3.3519089226159853,,,,0.0,1.0,31.11336173406813,0.8346800017142424,8.285801047433427,0.0291626052389953,0.0013993934731793,62.0,70
14,200.0,3.7163391640661754,3.699417490561213,,,,0.0,1.0,29.08061709316575,0.4540090671379356,8.206168490141655,0.3883643566806142,0.0051314179797502,61.0,70
14,201.0,3.716421541434988,3.762764869540357,,,,0.0,1.0,25.95439081098279,0.6601014253298982,5.9298787271190845,0.3116772998714193,0.0051325982503208,60.0,70
14,202.0,3.716423767400952,3.772511968581841,,,,0.0,1.0,37.26820973023231,0.7164318007308322,10.476847832234087,0.4225536624106921,0.0051326301449697,59.0,70
14,203.0,3.780000109356951,3.749109041723632,,,,0.0,1.0,28.49989542272649,0.6788967519555033,11.82672407826194,0.3261035241163214,0.0060840017059685,58.0,70
14,204.0,3.9326475432986263,4.088943956711354,,,,0.0,1.0,24.19231061238108,0.6117518335713672,10.88823320791552,0.5181942869657766,0.0086983144002096,57.0,70
14,205.0,3.992611172552678,3.8834780045376727,,,,0.0,1.0,28.51011365541818,0.7447750837931383,14.76591476850272,0.3782104284659601,0.009852769398764,56.0,70
14,206.0,3.992611182851984,4.018546795541515,,,,0.0,0.0,107.65624839668448,0.5992280185820327,3.854525975354419,0.0200449134055125,0.0098527696032281,55.0,70
14,207.0,4.413163676245138,4.345776116635559,,,,0.0,1.0,28.595858663172766,0.4268426918210448,13.53989023163614,0.4424642802746695,0.0199703157585867,54.0,70
14,208.0,4.449212369518006,4.442295680234207,,,,0.0,1.0,33.75343695777757,0.8112919511015777,12.675049886971244,0.2218088440637864,0.0210021649196399,53.0,70
14,209.0,4.44938943868403,4.405776706831998,,,,0.0,1.0,29.17476794368025,0.710554264184411,16.70043387272366,0.4624238382160132,0.021007297449688,52.0,70
14,210.0,4.449926864811589,4.242732967528922,,,,0.0,0.0,105.99934686529636,0.7322952143136767,9.74896054535521,0.4972839600286406,0.0210228791330236,51.0,70
14,211.0,4.459083139702372,4.747000281066908,,,,0.0,1.0,34.84642555848944,0.5960842548643888,12.890315073208518,0.4961253811778043,0.0212892360856373,50.0,70
14,212.0,4.465113385457779,4.57621266594391,,,,0.0,1.0,31.191020239683525,0.7043390721100512,11.323759384756904,0.4007767493249792,0.0214655723224755,49.0,70
14,213.0,4.465113391448025,4.548372940468299,,,,0.0,0.0,90.78919395616656,0.5526328297172692,11.125385303113037,0.6047183093313286,0.0214655724980033,48.0,70
14,214.0,4.469997557647947,4.564169515908054,,,,0.0,1.0,29.12042474566572,0.6108438676672124,7.82672793180462,0.5879467420174683,0.0216089281949092,47.0,70
14,215.0,4.495438309566128,4.512010439352079,,,,0.0,1.0,25.602977235107023,0.7705613709853041,15.659907807589452,0.5214829105099826,0.0223633573771799,46.0,70
14,216.0,4.4978489582642105,4.344881956535535,,,,0.0,1.0,33.579551546549666,0.6729932931349768,9.999497266454076,0.4896268130330249,0.0224355150177318,45.0,70
14,217.0,4.50626914407246,4.590521409679038,,,,0.0,1.0,27.423209387948983,0.7308451022929411,10.024215190038229,0.3865304079905766,0.0226884673438478,44.0,70
14,218.0,4.553431905784251,4.662578249166096,,,,0.0,1.0,25.57142467155802,0.5609831333977029,13.409958521045082,0.5741962070983347,0.0241315068590849,43.0,70
14,219.0,4.571350798269857,4.676708360357886,,,,0.0,1.0,26.91853443450174,0.6015842105026774,17.43235433310408,0.4203713606500739,0.0246914333122331,42.0,70
14,220.0,4.701210133260304,4.418779695523008,,,,0.0,1.0,25.626973507599768,0.7072243056995323,10.830652503286196,0.8899465990162154,0.0289411591750754,41.0,70
14,221.0,4.724691450966039,4.861694305789206,,,,0.0,1.0,35.517823453027304,0.7468295107645074,9.173947754935696,0.3356195937075326,0.0297456060103534,40.0,70
14,222.0,4.725782014285491,4.612572173088048,,,,0.0,1.0,28.6993456840586,0.8006411443558522,13.24838286804764,0.3742909973669864,0.0297832356083128,39.0,70
14,223.0,4.891466570136448,4.962240772928991,,,,0.0,1.0,40.09625840294928,0.8218873657010591,9.082797921104945,0.6581343925704123,0.0357764578594373,38.0,70
14,224.0,4.892459369093085,4.896835831329687,,,,0.0,1.0,24.424182488224645,0.6184437944578149,16.63930382732741,0.6542794991624508,0.0358140246366819,37.0,70
14,225.0,4.902885786189658,4.870042441507596,,,,0.0,0.0,97.51403329576532,0.6364888049521744,10.675476542848116,0.7232596666978999,0.0362097431528263,36.0,70
14,226.0,5.169148296545149,5.1670133833160286,,,,0.0,0.0,95.43681347598064,0.7639465131510108,11.111406702876494,0.7249244013303198,0.0470520433240472,35.0,70
14,227.0,5.32567895827964,5.403298263016976,,,,0.0,1.0,28.12795176641576,0.6663193469086507,15.24469202655304,0.7545976682813962,0.0540878261698467,34.0,70
14,228.0,5.607709377009688,5.578719037983646,,,,0.0,1.0,29.118627356676598,0.612977190854331,13.416535289707332,0.7095453934198913,0.0680014819494426,33.0,70
14,229.0,5.762115561242821,5.543720979611804,,,,0.0,1.0,26.72256198997593,0.714593543495067,19.928270182395355,0.8900809361889581,0.0762928237365974,32.0,70
14,230.0,5.793576469708806,5.891395694640695,,,,0.0,1.0,25.12265876196417,0.6467777569997958,20.365475295951537,0.7726369627932027,0.0780406949211071,31.0,70
14,231.0,5.970657525870276,5.978285732015299,,,,0.0,1.0,32.74109790894626,0.6585892905380312,18.013127815468415,0.9284388249670796,0.0882480613600971,30.0,70
14,232.0,5.986236251545829,6.165566293727627,,,,0.0,1.0,31.87128125722717,0.4012160200751121,19.829954842600365,0.955824331743822,0.0891760695004648,29.0,70
14,233.0,5.986569241588058,5.93654286043442,,,,0.0,0.0,104.70728874295574,0.7703002935702172,21.156337295806217,1.0940110025318743,0.0891959583479986,28.0,70
14,234.0,6.00131398790575,5.691550556099472,,,,0.0,0.0,105.5663500647174,0.4975289332071011,20.63584086111484,0.9542924540903672,0.0900788565399871,27.0,70
14,235.0,6.002215378715914,5.946497681641996,,,,0.0,1.0,30.418524732360687,0.8431030732946045,19.657875807546823,0.9427633372188878,0.0901329718019833,26.0,70
14,236.0,6.032618936531092,5.791424740121546,,,,0.0,1.0,34.435754990960355,0.7756890050461073,20.489515335101704,0.7439679616816031,0.0919677761420697,25.0,70
14,237.0,6.095348064997832,5.991643204067953,,,,0.0,0.0,105.59133939742632,0.8174333937864378,20.19144380896057,1.2825422670972928,0.0958117964348582,24.0,70
14,238.0,6.12785247468518,6.271736419237458,,,,0.0,0.0,93.17559384985948,0.5327705905251011,24.56015814296008,0.9262924471349312,0.097834611033942,23.0,70
14,239.0,6.129185048159229,5.980383993475362,,,,0.0,1.0,23.982197417652998,0.847644498444566,16.993839636092005,1.0162038105012905,0.0979179906562327,22.0,70
14,240.0,6.175353799406927,6.31388943482867,,,,0.0,0.0,103.01902602237249,0.6395074623715722,18.543004325870456,0.9001041042362963,0.10082871751408,21.0,70
14,241.0,6.223791794481724,6.108575467872229,,,,0.0,1.0,34.87308905097206,0.7080120362754624,21.693671813063222,0.9371482533855416,0.1039283353416769,20.0,70
14,242.0,6.693520774837156,6.732321917550051,,,,0.0,1.0,38.060092087495626,0.6597456562705494,18.756278336181087,0.9419799915789988,0.1364209571415366,19.0,70
14,243.0,6.7000028945963495,6.549324980757318,,,,0.0,1.0,30.611855802700276,0.6636248767650492,26.72300426414857,0.9583474996178232,0.1369002142002136,18.0,70
14,244.0,6.722553504323242,6.838983094932567,,,,0.0,0.0,101.56587943916573,0.6350560686758452,20.851487426739613,1.0974101003520502,0.1385740459254925,17.0,70
14,245.0,6.800944879979348,6.771861495529539,,,,0.0,1.0,31.459448410304784,0.5648862718871676,21.42215237069301,1.000934566183556,0.1444718198064121,16.0,70
14,246.0,6.965871688451281,7.005644983979001,,,,0.0,1.0,27.032116279244526,0.670954728339235,29.387048113474503,0.9897185837412812,0.1572813824925941,15.0,70
14,247.0,6.967382618978137,6.899087623126103,,,,0.0,1.0,22.162048794530957,0.6164816082933376,27.00331185949829,1.317762020075339,0.1574012484536982,14.0,70
14,248.0,7.086659901567994,7.015546127334452,,,,0.0,0.0,103.2202593932572,0.5643900931082207,29.858558832013948,0.9956054542075152,0.1670078915108372,13.0,70
14,249.0,7.123397467188489,7.110029442935122,,,,0.0,0.0,87.95709547898942,0.6279013010014695,26.19577252290864,1.0809302576638713,0.1700240667241644,12.0,70
14,250.0,7.162374648606755,7.222509080091303,,,,0.0,1.0,39.90264607283829,0.7513182952031042,26.356524712750904,1.3906692350367804,0.1732536271536421,11.0,70
14,251.0,8.124276852150672,8.065895431621207,,,,0.0,1.0,33.223701356783955,0.6352220247899094,29.628867280938227,1.4988131918873746,0.2625821325748719,10.0,70
14,252.0,8.13570964927014,7.913086298911003,,,,0.0,0.0,107.41693724211255,0.638475190653749,27.19812103817741,1.706165289885588,0.2637551360160641,9.0,70
14,253.0,8.209314739530756,8.067189834140159,,,,0.0,1.0,29.11837081422616,0.6937813227579158,29.932661329268694,1.7789354448563333,0.2713696005549237,8.0,70
14,254.0,8.264206139787484,8.27106098168508,,,,0.0,1.0,25.56048275564418,0.6249595158143506,28.65871278788952,1.702796572498776,0.2771186628217624,7.0,70
14,255.0,8.462125151599516,8.090876883052156,,,,0.0,0.0,98.9667396988922,0.7373008544691173,28.2319946573608,2.009007565663667,0.2983481117173602,6.0,70
14,256.0,8.603975799513771,8.659867689155073,,,,0.0,0.0,97.50678529247584,0.5430386309728464,29.40030798793249,1.66157434652202,0.3140454476153602,5.0,70
14,257.0,9.236928602101637,9.38972382425793,,,,0.0,1.0,26.004134992833738,0.7973855036868991,39.091894830541264,2.0952517405653746,0.3889927838771347,4.0,70
14,258.0,9.44871543776987,9.2623185814039,,,,0.0,1.0,32.89539529956638,0.4330871223623844,31.355035352087697,2.129579009496793,0.4158593079733144,3.0,70
14,259.0,9.52192671918712,9.466515135486503,,,,0.0,0.0,103.7923117679467,0.5144352894000732,36.81139196914315,2.25939585263144,0.4253552813044688,2.0,70
14,260.0,9.80881249050519,9.854163094309566,,,,0.0,0.0,107.46930223939714,0.7186544545526203,42.34039522227021,2.1499347497415537,0.4635992753085948,1.0,70
14,261.0,10.054188870770885,9.974336285824688,catastrophic_failure_replacement,390.8731203384396,,0.0,1.0,33.713071695164594,0.726544177982197,0.0,0.0362085087873177,0.0,0.0,70
14,261.0,0.0,0.0,catastrophic_failure_replacement,390.8731203384396,,0.0,1.0,33.713071695164594,0.726544177982197,0.0,0.0362085087873177,0.0,102.0,71
14,262.0,0.1474838828899813,0.0,,,,0.0,1.0,30.952863986924267,0.6823034747477023,0.0,0.2535721125683378,0.0,101.0,71
14,263.0,0.3255145126196962,0.3302493487915482,,,,0.0,0.0,94.61059188924828,0.4814192511598445,0.0,0.0,0.0,100.0,71
14,264.0,0.3726944252149662,0.283185943164137,,,,0.0,0.0,101.19218741365648,0.6464895048252483,1.1989162342766877,0.0,0.0,99.0,71
14,265.0,0.4021683584190011,0.3717888119811659,,,,0.0,0.0,103.11184822675236,0.5732762043771804,0.0,0.0916807583951672,0.0,98.0,71
14,266.0,0.4030323560655829,0.246571068246071,,,,0.0,0.0,102.7761552224866,0.8109763228607346,0.0,0.0073253121671681,0.0,97.0,71
14,267.0,0.4030394782006335,0.2556940547471316,,,,0.0,1.0,30.582864473484133,0.5985938439708769,0.7754219823500189,0.2016126473237565,0.0,96.0,71
14,268.0,0.4406401137005675,0.6181135699421001,,,,0.0,1.0,36.12024519188109,0.4231176185809668,0.0,0.0114747444797383,0.0,95.0,71
14,269.0,0.4962258865027367,0.5459982062695251,,,,0.0,1.0,26.17522501207153,0.615394634124601,0.7189001103982748,0.0,0.0,94.0,71
14,270.0,0.6466424713837049,0.6129424164432777,,,,0.0,1.0,30.357112910087004,0.7306891364983716,8.299726042306954,0.0300453815400238,0.0,93.0,71
14,271.0,0.8797275272637447,0.9718657235428804,,,,0.0,1.0,35.12849211951691,0.5053478898450275,3.122967042730215,0.0,0.0,92.0,71
14,272.0,0.8819138469916099,1.1608080471824478,,,,0.0,0.0,102.02099480342808,0.7024778379723066,4.247677181031216,0.1457325280985271,0.0,91.0,71
14,273.0,0.8879836722807952,0.7401333114389663,,,,0.0,1.0,37.14939261725479,0.7556190215806806,0.0,0.0,0.0,90.0,71
14,274.0,1.5040820820689773,1.5734724154648454,,,,0.0,0.0,120.0,0.5555726800896786,2.5152707073691074,0.1298684942992044,0.0,89.0,71
14,275.0,1.5040852139946503,1.585357270894702,,,,0.0,1.0,28.77988115008735,0.7207263794117288,4.364271298430628,0.1332762099628257,0.0,88.0,71
14,276.0,1.5656147896902994,1.741499393998879,,,,0.0,1.0,26.53069642937531,0.7772989886730148,4.881351976021695,0.0648663894288967,0.0,87.0,71
14,277.0,1.5711587703018892,1.3701483246453925,,,,0.0,0.0,106.4932761888877,0.8043333724507973,0.0,0.0,0.0,86.0,71
14,278.0,1.57116051201196,1.646781528757182,,,,0.0,1.0,25.30330389413186,0.6188485729753062,0.0,0.2519666518720662,0.0,85.0,71
14,279.0,1.5711662780321425,1.84306612424366,,,,0.0,1.0,35.62135252798835,0.6987841097052505,1.482037315705706,0.3076415683851672,0.0,84.0,71
14,280.0,1.6651706516269766,1.755087313680981,,,,0.0,1.0,26.110729198496266,0.6944057168353631,1.9064420351834817,0.1991018278784853,0.0,83.0,71
14,281.0,1.6779133349345057,1.5415455180151707,,,,0.0,1.0,37.96865455588954,0.6014775075526719,4.6677351867048005,0.0733272268957863,0.0,82.0,71
14,282.0,1.6789629917140874,1.473416282731244,,,,0.0,1.0,32.05680630600632,0.5125013836174015,6.340072615083468,0.0,0.0,81.0,71
14,283.0,1.690714712675872,1.7820343011143442,,,,0.0,1.0,21.35184527821429,0.5072805363759151,0.8099100331946174,0.326265071277025,0.0,80.0,71
14,284.0,1.702310425889584,1.4866702313656757,,,,0.0,1.0,22.41429769110236,0.6743537214529862,4.503462957737238,0.1455407103450449,0.0,79.0,71
14,285.0,2.0748668134426147,1.9319322257543583,,,,0.0,0.0,95.30149100398832,0.6297553214321315,6.725515915434432,0.1875322166069555,0.0,78.0,71
14,286.0,2.1874168062218304,2.2680783868066943,,,,0.0,1.0,31.221451863052803,0.8694352586483338,0.0,0.1694477142558666,0.0,77.0,71
14,287.0,2.2136449892562977,2.306090615204824,,,,0.0,1.0,20.824494847930765,0.633754473240748,6.258177736043328,0.1056574326620887,0.0,76.0,71
14,288.0,2.2583691702144457,2.224699864223402,,,,0.0,1.0,23.005151477261855,0.7701322194595488,2.8865461313738594,0.5297975746301248,0.0,75.0,71
14,289.0,2.2719582623728134,2.090671087042781,,,,0.0,0.0,91.45560358705649,0.8187490929814799,2.7287981794371303,0.230531893476964,0.0,74.0,71
14,290.0,2.341136646917468,2.4274187189845744,,,,0.0,0.0,98.13413308048855,0.7256933103273125,5.719842031915079,0.1406921084098796,0.0,73.0,71
14,291.0,2.392645350731874,2.424170090252216,,,,0.0,1.0,29.83335102641204,0.5095417936384476,2.73491223632176,0.438003913528029,0.0,72.0,71
14,292.0,2.47446346054131,2.3433583342240283,,,,0.0,1.0,30.99840633263264,0.585612547926275,5.926591448600194,0.2018247432666159,0.0,71.0,71
14,293.0,2.5269273988394314,2.6224564472610385,,,,0.0,1.0,24.75502261259399,0.6938107074850591,5.521998659237,0.0892905765361527,0.0,70.0,71
14,294.0,2.542011455411091,2.821658698685462,,,,0.0,0.0,88.63850200623634,0.7840519082893667,4.488944660645865,0.0725905528915249,0.0,69.0,71
14,295.0,2.5602336498522664,2.627612000721001,,,,0.0,0.0,107.21379395884829,0.6845812482609618,0.0,0.0,0.0,68.0,71
14,296.0,2.7241923228505502,2.669589869866017,,,,0.0,1.0,38.81312235542126,0.6675235314259952,6.003582238317546,0.0215302716645407,0.0,67.0,71
14,297.0,2.753534980596108,2.380207092055605,,,,0.0,1.0,27.164926432535253,0.6933655887373404,0.8867966167489376,0.5145631620123003,0.0,66.0,71
14,298.0,2.753543682028887,2.6750714913861207,,,,0.0,1.0,29.8290994758094,0.7947651659523316,8.182638576825573,0.0245345912484314,0.0,65.0,71
14,299.0,3.0664248882672447,3.209172974879159,,,,0.0,1.0,30.13146936475982,0.6272028632405025,5.280478087081205,0.4359609889212794,4.412265781315941e-05,64.0,71
14,300.0,3.087713875362844,3.1082971383472,,,,0.0,0.0,99.63640827275596,0.6294912830033366,11.52502058048002,0.2806744048752504,7.693723931168576e-05,63.0,71
14,301.0,3.089924893086378,3.2186755162554035,,,,0.0,0.0,89.20088757848525,0.8187459636723935,3.152960858487159,0.1438877455933509,8.086486396596568e-05,62.0,71
14,302.0,3.101888637351929,3.207079429904365,,,,0.0,1.0,25.46657697778404,0.7265739198009351,3.8734163141420153,0.4214816725450866,0.0001038129442143,61.0,71
14,303.0,3.3332178679121083,3.2878745609048745,,,,0.0,1.0,36.97320620818169,0.6893163856956803,8.855557369284659,0.0491934719511457,0.0011103414749589,60.0,71
14,304.0,3.3333886124215137,3.393228526752972,,,,0.0,1.0,20.84869517368112,0.6445757926362893,3.9758988192988394,0.2509055587190099,0.0011114796689234,59.0,71
14,305.0,3.339738311144368,3.333803338930025,,,,0.0,0.0,94.63175077805978,0.8363497975365237,11.502894396384004,0.3964663329201572,0.0011542212005922,58.0,71
14,306.0,3.59487249039039,3.6521249315230073,,,,0.0,1.0,28.73388685436709,0.6918953671214202,7.0348776077254005,0.0838483972378439,0.0035387327982326,57.0,71
14,307.0,3.6341874722414182,3.626705999960243,,,,0.0,1.0,30.031486099077718,0.6724844123379227,11.320280782342374,0.3094186173311863,0.0040219374994796,56.0,71
14,308.0,3.79141359972196,3.854908226291708,,,,0.0,0.0,103.8165229411951,0.673903982089499,5.419404625417915,0.6218599748621538,0.0062633548582487,55.0,71
14,309.0,3.82870394733466,3.642106395246145,,,,0.0,0.0,108.49439075074304,0.6403085114085285,3.369683054625959,0.4985788432419935,0.0068675023232804,54.0,71
14,310.0,3.828747536670552,3.655226645990679,,,,0.0,0.0,98.43582524485556,0.611477140023443,10.01191742288425,0.4508376007614345,0.006868224795375,53.0,71
14,311.0,3.8389158505968055,3.948065848168884,,,,0.0,1.0,33.34071204347018,0.6681523804160755,15.45378591803464,0.1688430280541932,0.0070377980438256,52.0,71
14,312.0,3.841408874588281,3.655918050444049,,,,0.0,0.0,109.94574606699582,0.7338827259803163,14.64112099513492,0.517817966638942,0.0070796889423591,51.0,71
14,313.0,3.8476344386452,3.8433203272671816,,,,0.0,1.0,28.081701438566725,0.7675184441800555,10.990534030347924,0.2996384968881729,0.0071848414157736,50.0,71
14,314.0,3.865771404097095,3.967232130331781,,,,0.0,1.0,37.05805992946908,0.7787865601842642,10.49013097770854,0.4078758380354436,0.0074956012415225,49.0,71
14,315.0,3.880008971793524,3.89242470430044,,,,0.0,0.0,104.5374255040871,0.7433094021744819,10.416039038076022,0.73247607992235,0.0077441579043709,48.0,71
14,316.0,3.8823073542352473,4.083827004348562,,,,0.0,1.0,32.274337326517816,0.8023056549048739,6.539678032449869,0.2800432947202692,0.007784662673376,47.0,71
14,317.0,3.8826659935245993,3.565354843957361,,,,0.0,1.0,31.4966637748687,0.716995889309367,9.320438639884545,0.4534657162745568,0.0077909925612476,46.0,71
14,318.0,3.90620050069428,4.00892867582398,,,,0.0,1.0,26.592936382003213,0.6379281116181281,7.897644685171365,0.5515034261228786,0.0082119934745856,45.0,71
14,319.0,3.9211929933559055,4.021116955930668,,,,0.0,1.0,39.359179320192695,0.5975114514138571,8.485722416848784,0.2962262714942466,0.0084859653100801,44.0,71
14,320.0,3.923028474415072,4.225018120357985,,,,0.0,1.0,35.72256970898,0.6680121645196286,12.480866962566312,0.3552137743240441,0.0085198156458101,43.0,71
14,321.0,4.031978377393113,3.7658729782005937,,,,0.0,1.0,29.186412009391773,0.5908390764958245,8.873153257919913,0.5583281006559848,0.0106497937140692,42.0,71
14,322.0,4.11644533020323,3.977794580151528,,,,0.0,1.0,31.38553211380939,0.7644592600936393,8.683369898715418,0.3556046898519799,0.0124645017533259,41.0,71
14,323.0,4.236895789465923,4.499812451054958,,,,0.0,1.0,25.280203703900572,0.7814918262012196,6.635320667251632,0.4454816929761562,0.0152991119399852,40.0,71
14,324.0,4.236919562972466,3.8754500024688103,,,,0.0,0.0,95.69771990882158,0.5449922857779559,11.939304934991764,0.5167792291917921,0.0152997000526399,39.0,71
14,325.0,4.3508323065504815,4.581624363814875,,,,0.0,1.0,25.130890898914497,0.7486210483990483,7.978436108671579,0.2799602570416403,0.0182474792042049,38.0,71
14,326.0,4.350838669158376,4.510936744973443,,,,0.0,1.0,36.28605628473449,0.6818522955226097,11.162481874602843,0.0514117332801469,0.0182476511009357,37.0,71
14,327.0,4.593992442559729,4.670615039217078,,,,0.0,1.0,35.19312139534659,0.6830379610053828,8.421135319659022,0.4320823831323475,0.0254081190693753,36.0,71
14,328.0,4.76977160564097,4.831456147663524,,,,0.0,1.0,34.175070582846274,0.6178775207699524,13.546555718464576,0.7762334587079333,0.0313209153613301,35.0,71
14,329.0,4.838895483530829,4.396927742828191,,,,0.0,1.0,27.34362443427356,0.6628970506387845,14.107319988266664,0.7536132057839876,0.0338153659935007,34.0,71
14,330.0,4.866834563630438,4.998585037756192,,,,0.0,0.0,113.8998312471531,0.7139267309924686,10.992468533898077,0.6067305562951755,0.0348507128796524,33.0,71
14,331.0,4.9006439547010405,4.892897454024165,,,,0.0,1.0,35.68344784344787,0.655831222127203,13.577010364088546,0.5463530425899755,0.0361244744254161,32.0,71
14,332.0,4.921613341904476,4.832541505519911,,,,0.0,1.0,26.86565720100539,0.8055098758306221,8.777114483690305,0.6630951370366173,0.0369259783578528,31.0,71
14,333.0,5.0999786498223685,5.034593248640046,,,,0.0,0.0,96.61405663654784,0.6446227887405863,14.607005076945349,0.3673497420756219,0.0440991032970977,30.0,71
14,334.0,5.1008095143652135,5.188949797970363,,,,0.0,1.0,23.481961870420648,0.7792884762910139,16.032078911076557,0.5127622768106592,0.044134006156474,29.0,71
14,335.0,5.121651860063434,5.066934474626943,,,,0.0,1.0,32.706529336963946,0.6374176437628971,11.12464269172154,0.7293015885183265,0.0450140661531063,28.0,71
14,336.0,5.435889163649718,5.750880157163392,,,,0.0,1.0,23.3984429269967,0.6609831109806052,16.859172102432268,0.6431691192805838,0.0593355601758612,27.0,71
14,337.0,5.456384987745077,5.641900081489006,,,,0.0,0.0,98.37537934961384,0.6142779523239964,12.561488161987878,0.6165125958956399,0.0603382720801938,26.0,71
14,338.0,5.641042923679914,5.703808884424072,,,,0.0,1.0,25.22582713529458,0.5063013262605975,20.9532551613149,0.815180553346571,0.0697510772471974,25.0,71
14,339.0,6.328185564847915,6.537817803261664,,,,0.0,1.0,29.0721923826208,0.552134877311908,19.496338770184952,1.025565171931634,0.1107681915406203,24.0,71
14,340.0,6.609485669719666,6.4426215273676695,,,,0.0,1.0,27.46969205272452,0.7771097385168486,21.70993383317502,1.053472572085106,0.1302838679991162,23.0,71
14,341.0,6.682127656856743,6.585857321246628,,,,0.0,1.0,17.71020210979907,0.6733516000659363,19.928197359802983,1.0361665764756525,0.1355806408138932,22.0,71
14,342.0,6.870145100137926,6.799365216381547,,,,0.0,0.0,88.88891707747405,0.7330485797815995,25.071785343793547,1.4000433492500732,0.149780230961216,21.0,71
14,343.0,7.021911475375537,7.04141773472868,,,,0.0,1.0,27.75921345206387,0.6203228990213898,21.04421554293819,1.198696733232795,0.1617577191575743,20.0,71
14,344.0,7.131562317278719,7.020904236242462,,,,0.0,0.0,92.7951110569626,0.725706255408424,27.085125183957636,1.029160084462906,0.170698071815575,19.0,71
14,345.0,7.169725725007867,7.0180602969033385,,,,0.0,0.0,99.08083435930412,0.5140107290576441,21.9525787525642,1.358952609191768,0.1738661262179238,18.0,71
14,346.0,7.224673791586345,7.280202877528744,,,,0.0,0.0,87.3180147393438,0.6119553365451332,26.016200074636465,1.327582833703799,0.1784786864531654,17.0,71
14,347.0,7.379023223637989,7.365594460007145,,,,0.0,1.0,28.27976423081533,0.6926272608957517,23.213437055820485,1.4210775752500977,0.1917584439316084,16.0,71
14,348.0,7.430837695490207,7.311431810425515,,,,0.0,1.0,33.059419692850184,0.7211072137316846,28.028369201757044,1.2092344397166574,0.1963232268377696,15.0,71
14,349.0,7.635163141781163,7.564232649177358,,,,0.0,1.0,26.805193416384352,0.6067005747098776,27.44768946940622,1.2162286139366756,0.2148473735092662,14.0,71
14,350.0,7.809751039569422,7.674025293176127,,,,0.0,1.0,16.23476141442405,0.6121607841870942,31.959816250308243,1.6526968728694,0.2313370506263913,13.0,71
14,351.0,7.92013332349715,8.009392941028882,,,,0.0,1.0,23.36826604469247,0.7496238470316268,21.86543962245336,1.621826473388555,0.242077119209871,12.0,71
14,352.0,7.991331585952962,7.853805822116262,,,,0.0,0.0,98.23831825103468,0.5065667638357891,26.066779565955308,1.76928257136895,0.2491339100093171,11.0,71
14,353.0,8.099802002695535,8.378326312688412,,,,0.0,1.0,25.662175698616668,0.6718150481152353,30.51415793648052,1.5114674415055205,0.2600798046669739,10.0,71
14,354.0,8.212223904141915,8.37122022020895,,,,0.0,0.0,107.55707120923792,0.6900096302899934,24.615192247475964,1.6642787659566975,0.2716727802690838,9.0,71
14,355.0,8.265304210371166,8.568210493723258,,,,0.0,0.0,98.19420672430194,0.7930660225472914,29.160852912405847,1.7233692231697648,0.2772342842775233,8.0,71
14,356.0,8.48199856077625,8.42097246858498,,,,0.0,1.0,28.30885172147659,0.6256879713153789,29.659146503272524,2.064213627773332,0.3005230822035286,7.0,71
14,357.0,8.723004108933035,8.668438897107908,,,,0.0,1.0,30.79651913843974,0.7142009582657518,30.11120824798887,1.785777653817326,0.3275277603086439,6.0,71
14,358.0,8.94724151984751,9.11671896536194,,,,0.0,1.0,27.117688371915325,0.7456902079712888,34.12359492375389,2.112772439451244,0.3536968169539812,5.0,71
14,359.0,9.292396974836231,9.157012900142634,,,,0.0,1.0,28.947965661724485,0.5973695804966155,34.69786518385875,1.9993739983013117,0.3959425968892816,4.0,71
14,360.0,9.631114410718697,9.491754031447428,,,,0.0,0.0,100.04096364764315,0.497462485608978,41.99978098239709,2.352891663899398,0.4397167832804114,3.0,71
14,361.0,9.647605005187389,9.567426521066832,,,,0.0,1.0,28.998899130278065,0.7432180726668964,33.52434232382226,2.152683977295739,0.441906523049924,2.0,71
14,362.0,9.95342275080675,9.958869701493771,,,,0.0,0.0,88.28818827571794,0.6772844430921169,42.980743574746896,2.3531944359737045,0.4835008795143691,1.0,71
14,363.0,10.088642692588106,10.015297052092729,catastrophic_failure_replacement,807.1137712024873,,0.0,1.0,32.60729679886511,0.7073327882034884,1.7449101350316485,0.1092550685814466,0.0,0.0,71
15,0.0,0.0,0.0,,,,3.0,0.0,112.52330001847938,0.6199386622317968,3.702841679294143,0.0,0.0,82.0,73
15,1.0,0.003151847711345,0.0,,,,3.0,1.0,37.43846891740708,0.6048712955850182,2.1808959896551428,0.1565491463301035,0.0,81.0,73
15,2.0,0.0167956680842171,0.0,,,,3.0,1.0,23.313659615735503,0.544539897802831,0.8030917870336094,0.0,0.0,80.0,73
15,3.0,0.0479932289520638,0.0,,,,3.0,0.0,95.28320767004334,0.5339692150652863,0.0,0.052337102718747,0.0,79.0,73
15,4.0,0.0479949541268708,0.1322422799449947,,,,3.0,0.0,90.56353646051032,0.6539873446520117,4.800912245375579,0.0614491774784927,0.0,78.0,73
15,5.0,0.1519242123965757,0.1604706890688371,,,,3.0,1.0,22.21710126184248,0.490522269731709,1.6531984783931153,0.0014499825207844,0.0,77.0,73
15,6.0,0.1589545412356273,0.2050107056124619,,,,3.0,1.0,34.845882348629004,0.59667978014889,0.0,0.0,0.0,76.0,73
15,7.0,0.1790122276080832,0.2702058123124029,,,,3.0,1.0,37.73516021911689,0.6496583964453907,4.886526044815822,0.065065470402455,0.0,75.0,73
15,8.0,0.1803156447972443,0.1031573211260115,,,,3.0,1.0,31.90041175637905,0.5355191219015383,2.7026205066124773,0.0,0.0,74.0,73
15,9.0,0.1806860535294617,0.303634116450492,,,,3.0,1.0,34.89352904294925,0.5687997556375926,0.0,0.0,0.0,73.0,73
15,10.0,0.1816701121169555,0.0,,,,3.0,1.0,32.67491548213096,0.6227090255704806,0.0,0.066037589556125,0.0,72.0,73
15,11.0,0.2122934107852403,0.2322801724991092,,,,3.0,0.0,94.36290862469062,0.5040371579578156,0.3414580680864209,0.1357751458961024,0.0,71.0,73
15,12.0,0.4379750516831675,0.3713252558413275,,,,3.0,1.0,30.66146108148073,0.5300357650959755,0.2361156817868106,0.0,0.0,70.0,73
15,13.0,0.4493462733661519,0.5172637250084118,,,,3.0,1.0,29.57410733195298,0.5953084012063116,0.0,0.1266778813745759,0.0,69.0,73
15,14.0,0.4495255467368315,0.6102794360532561,,,,3.0,1.0,38.63702359783286,0.472746230387244,0.3840191820142098,0.1140185926653659,0.0,68.0,73
15,15.0,0.5176628338997525,0.4426767482717283,,,,3.0,1.0,42.16768628439098,0.6758485394359883,0.0,0.0856315490823244,0.0,67.0,73
15,16.0,0.5193849265595014,0.5209400744399345,,,,3.0,1.0,28.01996209432718,0.486219375631533,3.3540194020467813,0.0336279881378339,0.0,66.0,73
15,17.0,0.5914717923773374,0.558622748662688,,,,3.0,1.0,26.4250511429844,0.260701333048754,0.9104416801563214,0.0,0.0,65.0,73
15,18.0,0.703385918227406,0.7480613384006523,,,,3.0,1.0,30.779315901943388,0.4254616978398413,0.0,0.0,0.0,64.0,73
15,19.0,0.7259824797322864,0.957432465849584,,,,3.0,1.0,21.85213487938869,0.4893052785168463,6.65283364124087,0.2484855071282267,0.0,63.0,73
15,20.0,0.8105082771680505,0.9298815120173852,,,,3.0,1.0,34.99843842571262,0.5674434151956181,0.0,0.072101800310237,0.0,62.0,73
15,21.0,0.8155237915035628,0.8527563757730209,,,,3.0,1.0,27.54097245760621,0.707191291024253,0.310637333529022,0.045234080318817,0.0,61.0,73
15,22.0,0.8868998950814264,0.7848003824059722,,,,3.0,1.0,36.042921251206806,0.3224921302779561,2.3763488117616305,0.3440743200821962,0.0,60.0,73
15,23.0,0.892519936416879,0.955461172418897,,,,3.0,1.0,33.78784776745655,0.5015803614938069,0.0,0.2326394798600386,0.0,59.0,73
15,24.0,1.1124914906640024,0.8574743419367523,,,,3.0,1.0,34.019394260993685,0.625766131938875,0.0,0.2251784758401566,0.0,58.0,73
15,25.0,1.117196864901643,1.1052999381232882,,,,3.0,1.0,31.27361749113027,0.7245940804719713,2.332264565305227,0.0868582048502992,0.0,57.0,73
15,26.0,1.1172022838070133,1.1852821801638802,,,,3.0,0.0,102.2792670664221,0.5573945566361761,3.17245219434718,0.0903419284118938,0.0,56.0,73
15,27.0,1.1194284078734125,1.0125003304022695,,,,3.0,1.0,31.145774129090423,0.4926720081006528,0.2337770538376977,0.0,0.0,55.0,73
15,28.0,1.2503631677015097,1.1238850708265844,,,,3.0,1.0,25.11760191866118,0.5053270844938398,1.0412899241267892,0.0,0.0,54.0,73
15,29.0,1.259763714991248,1.1379712326858926,,,,3.0,1.0,29.57634850913922,0.5932679726655471,0.0,0.0936331971380469,0.0,53.0,73
15,30.0,1.266710037845035,0.9786388996744376,,,,3.0,1.0,28.914768236030696,0.5977337685972159,0.0,0.0,0.0,52.0,73
15,31.0,1.3552217040600203,1.517867758751862,,,,3.0,0.0,103.3568175275418,0.4418519831048587,0.0,0.0,0.0,51.0,73
15,32.0,1.4481256961365396,1.5320922498265377,,,,3.0,1.0,31.651227234247067,0.5301820817226014,0.1938775045198553,0.0655314994740416,0.0,50.0,73
15,33.0,1.632999979399053,1.6548173409637503,,,,3.0,0.0,97.6721848509936,0.7614839136100531,0.0,0.1995242670325208,0.0,49.0,73
15,34.0,1.633028037535251,1.62486636824675,,,,3.0,1.0,34.44330180314315,0.6037541299709384,0.5496858959697706,0.0589262647063093,0.0,48.0,73
15,35.0,1.6370212026890858,1.4697632691741451,,,,3.0,1.0,26.94995418419504,0.6462643432480543,0.0,0.1537747159617792,0.0,47.0,73
15,36.0,1.649059180312668,1.701938589355745,,,,3.0,1.0,34.45862444274919,0.4283646257222173,5.107788982197999,0.0,0.0,46.0,73
15,37.0,1.663973548529482,1.6439929054198996,,,,3.0,1.0,29.259300721401083,0.6003282223766518,2.8773982094753414,0.0838191234395496,0.0,45.0,73
15,38.0,1.85495251911786,2.1062562576094117,,,,3.0,0.0,93.03308984550245,0.5568807494471272,0.0,0.0470463762996132,0.0,44.0,73
15,39.0,1.859760516413819,1.9398305160704217,,,,3.0,1.0,37.06041606590837,0.5281563821671325,2.7084607635600357,0.0,0.0,43.0,73
15,40.0,1.8603047427659736,1.849118422797706,,,,3.0,1.0,35.501794956987546,0.763173087139624,2.5562772812564605,0.0,0.0,42.0,73
15,41.0,2.140479720303764,2.0785491063602395,,,,3.0,1.0,23.192194417406416,0.3878767161054093,1.425663455208309,0.0,0.0,41.0,73
15,42.0,2.151935394393352,2.0490904671214527,,,,3.0,1.0,31.623362313195276,0.4907703540188196,6.367402684362158,0.2479043963897596,0.0,40.0,73
15,43.0,2.292222166943023,2.3423823453947223,,,,3.0,1.0,28.287295423681048,0.4303814277653863,4.244032152771813,0.1973700605919249,0.0,39.0,73
15,44.0,2.325657861268806,2.5502846105359045,,,,3.0,1.0,30.51038962255689,0.6018177729853967,5.014142937555265,0.3905016384838946,0.0,38.0,73
15,45.0,2.342058634043147,2.340360504185521,,,,3.0,0.0,103.07134335761192,0.6963676887578528,3.724355019267485,0.0613744409941896,0.0,37.0,73
15,46.0,2.469155927699262,2.3562736928744874,,,,3.0,0.0,94.76034786478108,0.7012561222183549,11.281802838651686,0.1834913992367264,0.0,36.0,73
15,47.0,3.045512731441668,3.148176306123316,,,,3.0,1.0,26.91745960931368,0.4069693726714948,5.599541102645566,0.3439428478738082,2.071408723281406e-05,35.0,73
15,48.0,3.1974006298137607,3.0235314108688143,,,,3.0,1.0,37.41706103685973,0.6574995544914302,4.518374165525222,0.0,0.0003896700865086,34.0,73
15,49.0,3.4844758569745244,3.4393103068441957,,,,3.0,1.0,31.85253251418675,0.6437994784607096,6.9895745718809685,0.3375375930145187,0.0023471685599119,33.0,73
15,50.0,3.608708050520121,3.4995064230370674,,,,3.0,0.0,94.7699180732904,0.5385984503261431,4.828063775993,0.517207058510629,0.00370525490768,32.0,73
15,51.0,3.8780847341222673,3.945662442666389,,,,3.0,1.0,37.73678747707048,0.5281663765785216,3.194493063633624,0.7995915217540046,0.0077103280029857,31.0,73
15,52.0,3.9729584334367214,4.131494484239114,,,,3.0,1.0,32.37259616773982,0.6019004937202345,10.938402577650116,0.2970816218939847,0.0094664811319563,30.0,73
15,53.0,4.968440947060882,4.981350843583773,,,,3.0,1.0,37.2275455852205,0.6230239363075459,15.810683711874171,0.4709529823905787,0.0387475976206594,29.0,73
15,54.0,5.160741239879389,5.094368492881406,,,,3.0,1.0,35.727624034232406,0.4163066535604007,10.44938505266705,0.8817459194259711,0.0466880270571552,28.0,73
15,55.0,5.1728517153940174,5.168896318808487,,,,3.0,1.0,23.44548502528568,0.614570735546383,9.9419280953121,0.8394588737021309,0.0472128457709072,27.0,73
15,56.0,5.252297444902778,5.135747530155196,,,,3.0,1.0,23.43393716717563,0.6302629041588453,12.12858513210992,0.705339580166133,0.0507284378031558,26.0,73
15,57.0,5.442075379006823,5.484438391951144,,,,3.0,0.0,89.25430370882223,0.4274208191359663,18.086197101251933,0.6749277849922977,0.0596373215675132,25.0,73
15,58.0,5.540349422661012,5.621141403218395,,,,3.0,1.0,28.894518839383387,0.6282561133265541,20.22058256029573,0.6679508186620282,0.0645337518921413,24.0,73
15,59.0,5.541971885681059,5.728064086340563,,,,3.0,1.0,30.01545367359427,0.6071295481109652,19.22747810396672,0.6423617022821948,0.0646162106759292,23.0,73
15,60.0,5.769105927725316,5.765337577803785,,,,3.0,0.0,97.2571359338364,0.5164056964736637,17.218959212893658,0.7888623319976444,0.0766794763896348,22.0,73
15,61.0,5.7737331765514535,5.738814906258516,,,,3.0,1.0,29.563194453727007,0.7400971067313755,16.45133431484399,0.9310694657414283,0.0769359573470221,21.0,73
15,62.0,5.800836912514923,5.926173222314412,,,,3.0,1.0,23.841737901414525,0.2708043721516944,13.248577909667638,0.6725380213470776,0.0784468741050612,20.0,73
15,63.0,6.463877890857644,6.743742692539089,,,,3.0,1.0,33.62270258733884,0.5491892379237182,17.528930179526906,1.299502135026189,0.1199845004277239,19.0,73
15,64.0,6.484092915223576,6.475099352020903,,,,3.0,1.0,32.9519922700254,0.4814449242615686,16.478409467574643,1.1179829115877065,0.1213890344191111,18.0,73
15,65.0,6.485521360548489,6.480364525739914,,,,3.0,0.0,108.3317726385826,0.5863161097545385,26.4989844755662,0.9855131737972104,0.1214885915483979,17.0,73
15,66.0,6.9779523931944665,7.072717604995433,,,,3.0,1.0,21.649126632342394,0.4316991853798572,29.08986661321933,1.4513487934568927,0.1582410524252158,16.0,73
15,67.0,6.980502466086886,6.95105695634596,,,,3.0,1.0,26.133517943984145,0.354624948830459,25.240187951333883,1.1294734857003863,0.1584439988252378,15.0,73
15,68.0,7.032267635469488,6.954219156934319,,,,3.0,1.0,23.62351382171413,0.642217681565704,26.76695324008801,1.251622413206704,0.1625918228405469,14.0,73
15,69.0,7.045626642601468,6.855177423280724,,,,3.0,0.0,99.2107092220354,0.5939132445607167,22.05898822522927,1.219676518346715,0.1636709493132682,13.0,73
15,70.0,7.089248511129927,7.181676453058564,,,,3.0,0.0,101.4116630953458,0.4885684573929835,28.66173648328576,1.3561296211954184,0.1672195338577833,12.0,73
15,71.0,7.193112793508395,7.15344233347463,,,,3.0,1.0,35.03642906401916,0.5171298387401699,25.257459052673138,1.4411544987192288,0.1758219489908377,11.0,73
15,72.0,7.259565928960999,7.261422781950584,,,,3.0,1.0,31.56158266300241,0.5482658021364225,22.49983831101976,1.204518822926384,0.1814390190316538,10.0,73
15,73.0,7.394672215762696,7.5724185608126495,,,,3.0,0.0,101.87307320498562,0.5807608342798278,26.807579457509704,1.1959970913299165,0.193131438839966,9.0,73
15,74.0,7.5722044070119106,7.473113058232744,,,,3.0,0.0,99.8871530202514,0.4283582730075865,28.59156058361002,1.216442450731575,0.2090505313949914,8.0,73
15,75.0,8.117113480483352,8.316269682390915,,,,3.0,1.0,16.534540575221275,0.4449811813201343,29.552365190443243,1.813698754529747,0.2618485037214445,7.0,73
15,76.0,8.37944914431829,8.381768249489385,,,,3.0,0.0,96.03689047708588,0.5207365592743622,31.95427612366594,1.815811250746193,0.2893847309630677,6.0,73
15,77.0,8.988828960616777,8.94119096247034,,,,3.0,1.0,36.62401779283024,0.3893147696593002,33.61691051340154,2.021120385861942,0.3586607231952222,5.0,73
15,78.0,9.15452240236524,8.997270206441158,,,,3.0,0.0,100.33084731346452,0.5789210470860432,36.40908514799168,2.0868821324260014,0.3787814600121559,4.0,73
15,79.0,9.3128782095032,9.280061478760263,,,,3.0,1.0,31.189069636046057,0.4066333089909474,37.03796905772842,1.9305177324885403,0.3985243128802034,3.0,73
15,80.0,9.580560651577503,9.524343516644487,,,,3.0,1.0,32.62134856221601,0.4050799854071445,32.98110901059722,2.3707571042672297,0.4330377848909013,2.0,73
15,81.0,9.929329274738087,9.765770169413411,,,,3.0,1.0,26.07171853702907,0.5938367648002986,38.04648464074428,2.7403161128950484,0.4801560419774227,1.0,73
15,82.0,10.405548387314257,10.658798102098716,catastrophic_failure_replacement,361.43420936644577,,3.0,1.0,37.13912796581404,0.5830985785474319,0.0,0.2234457173041583,0.0,0.0,73
15,82.0,0.0,0.0,catastrophic_failure_replacement,361.43420936644577,,3.0,1.0,37.13912796581404,0.5830985785474319,0.0,0.2234457173041583,0.0,80.0,74
15,83.0,0.0434998680333045,0.0,,,,3.0,0.0,89.91445837986501,0.431807472073706,0.0,0.0,0.0,79.0,74
15,84.0,0.0439677266594442,0.0,,,,3.0,0.0,97.5690162524938,0.4806661728346381,0.0,0.1210759717655304,0.0,78.0,74
15,85.0,0.0454424842667608,0.0552758800251366,,,,3.0,0.0,94.1436965111502,0.4999091055962678,1.6022241881887826,0.1079502154994484,0.0,77.0,74
15,86.0,0.0454425613081234,0.0,,,,3.0,1.0,28.691827935214747,0.6257165341590626,0.0,0.3081135890579106,0.0,76.0,74
15,87.0,0.0752416093856753,0.1476100599916579,,,,3.0,1.0,30.708157812204615,0.4304573237562705,0.0,0.1543845750313848,0.0,75.0,74
15,88.0,0.0752448332344745,0.0,,,,3.0,1.0,18.1593979044106,0.712734662803643,0.0,0.0,0.0,74.0,74
15,89.0,0.1977118196927675,0.0838605473901727,,,,3.0,0.0,97.39717116413,0.4886666981031631,0.0,0.1502681624971386,0.0,73.0,74
15,90.0,0.3130102660835723,0.4182939759087528,,,,3.0,0.0,111.6356265082374,0.6595692889319283,0.0,0.1131525356522456,0.0,72.0,74
15,91.0,0.3198454810545491,0.095546124939237,,,,3.0,1.0,30.32998294446424,0.430347886887203,0.0,0.0189546309949845,0.0,71.0,74
15,92.0,0.5369165686653923,0.7801230175183742,,,,3.0,1.0,29.884219367583103,0.6979502958014832,2.080158027722241,0.0,0.0,70.0,74
15,93.0,0.703953635856021,0.5699592396577812,,,,3.0,1.0,27.73984418542556,0.5243369105589181,0.2736050835177173,0.0,0.0,69.0,74
15,94.0,1.5554797720621116,1.575433509383601,,,,3.0,0.0,99.19740938099464,0.4830027705037324,3.5686762354481187,0.1252497989495492,0.0,68.0,74
15,95.0,1.9480334759895133,1.850932861350844,,,,3.0,0.0,105.76989147328084,0.4681614607030879,3.570321687654946,0.1197082215732099,0.0,67.0,74
15,96.0,2.0571392344361183,2.1147427980439923,,,,3.0,1.0,29.90539827781631,0.6091900288464773,6.120714428326941,0.4079468014796156,0.0,66.0,74
15,97.0,2.071051015825464,2.0408846043334448,,,,3.0,1.0,34.19089379763979,0.5723507876150353,2.561535614107851,0.0,0.0,65.0,74
15,98.0,2.075680996397054,2.000771771445696,,,,3.0,1.0,37.56575784862553,0.6904579449293069,3.4879392204508464,0.2360739389622522,0.0,64.0,74
15,99.0,2.114588940461377,2.1632917555641757,,,,3.0,0.0,105.37959130052226,0.3804167657038295,6.498755967854638,0.1885439222589952,0.0,63.0,74
15,100.0,2.125627945606559,2.0349921840052807,,,,3.0,1.0,35.591707050218595,0.5970821696068596,0.0308869059883982,0.3019836741616459,0.0,62.0,74
15,101.0,2.2437817432484493,2.182907665467346,,,,3.0,1.0,39.88957450462353,0.5358742181246124,1.054424951298239,0.0501283123944533,0.0,61.0,74
15,102.0,2.2438010447890187,2.326635215733666,,,,3.0,1.0,33.06392314013215,0.5887550478627993,3.188095866578593,0.0738168932270416,0.0,60.0,74
15,103.0,2.2688948323772644,2.32736325446676,,,,3.0,1.0,40.06030249459257,0.4973464678513877,5.321518047231345,0.1838395640375023,0.0,59.0,74
15,104.0,2.274409767252705,2.0808163754923137,,,,3.0,1.0,31.545298081020764,0.6022128603181189,4.172944218495594,0.0501862786318879,0.0,58.0,74
15,105.0,2.485032374497793,2.273548359607203,,,,3.0,0.0,97.06909676402567,0.5827697234386899,6.492580583797114,0.2412167553751351,0.0,57.0,74
15,106.0,2.53815206597127,2.648278785468596,,,,3.0,1.0,27.901253089531213,0.4518052382346555,5.595730546397357,0.3192528782578774,0.0,56.0,74
15,107.0,2.549401556317616,2.622897032523757,,,,3.0,0.0,87.87518329111909,0.5011267332550435,11.59481843979155,0.1879524758611467,0.0,55.0,74
15,108.0,2.573002680202892,2.595505299154363,,,,3.0,1.0,28.14435362340842,0.4005726639917014,7.238588191571532,0.2980562264823123,0.0,54.0,74
15,109.0,2.5759819238895934,2.554146766745607,,,,3.0,1.0,32.18870156260683,0.3409641467167295,7.593504518144297,0.1994034267036534,0.0,53.0,74
15,110.0,2.581730461925756,2.693745436780078,,,,3.0,1.0,29.953800583989818,0.5984590227299671,5.765719503444391,0.387107730146606,0.0,52.0,74
15,111.0,2.644510334393856,2.6469432097253507,,,,3.0,1.0,31.191618374320164,0.5751883746600408,5.419973651807196,0.5100629971433575,0.0,51.0,74
15,112.0,2.720231844252147,2.835007193712593,,,,3.0,1.0,34.769172394597604,0.661865592702118,2.9459677861466247,0.1906760838581769,0.0,50.0,74
15,113.0,2.7234301452448704,2.9141216516623296,,,,3.0,1.0,36.51071129597178,0.5961811114728233,0.0,0.2138177715472677,0.0,49.0,74
15,114.0,2.853065449355687,2.780649114501903,,,,3.0,0.0,101.81632058711912,0.5460031140618168,5.140217274214225,0.2786684871830692,0.0,48.0,74
15,115.0,2.91016957484826,2.8454397164422,,,,3.0,0.0,93.1048490980872,0.524050945104551,4.395865750491596,0.0825838025058372,0.0,47.0,74
15,116.0,2.9470090439651715,3.0195457986998533,,,,3.0,1.0,24.682814730552156,0.5267766648677403,11.02068738730318,0.0,0.0,46.0,74
15,117.0,3.159857769717854,3.166778288319532,,,,3.0,0.0,101.87597909217511,0.5988923208028293,5.597145238586891,0.1147606739320895,0.0002555450653916,45.0,74
15,118.0,3.160116228250004,3.065614810303544,,,,3.0,1.0,37.07159784395643,0.5700259034078048,6.523301002551765,0.1874405459869713,0.00025637206549,44.0,74
15,119.0,3.173986492591156,3.2281396288814808,,,,3.0,0.0,90.31707067898456,0.5211543925351417,7.930746354272665,0.0,0.0003027129960417,43.0,74
15,120.0,3.190726985591592,3.136263160863108,,,,3.0,1.0,36.02372895795226,0.539832520187926,4.240969382707769,0.1436848793539671,0.0003637678303285,42.0,74
15,121.0,3.196433793173454,3.0495970854746024,,,,3.0,1.0,27.89778596858802,0.5198976691766005,5.037133604870331,0.1811803157688863,0.0003858623510051,41.0,74
15,122.0,3.219393139351657,3.533062301569484,,,,3.0,1.0,29.153427531863404,0.4770465745463907,4.870479280433937,0.1569385825039551,0.0004813334959457,40.0,74
15,123.0,3.21939343674558,3.261507939983305,,,,3.0,1.0,32.566520819836725,0.6611476964217547,5.1030258374912325,0.1455937079118036,0.0004813348008703,39.0,74
15,124.0,3.4344075641527985,3.2066055820098964,,,,3.0,0.0,105.54478722159196,0.6132356692094575,7.256576157837635,0.2935400954877952,0.0018870993179316,38.0,74
15,125.0,3.4382252128292494,3.49136199903437,,,,3.0,1.0,29.11293385056944,0.3407345763647617,9.798812647213124,0.0897251045270976,0.0019204133715924,37.0,74
15,126.0,3.439153135019437,3.3946612347065384,,,,3.0,1.0,22.83853313452611,0.4813000148866865,6.376706565721633,0.2058216481161815,0.001928554759974,36.0,74
15,127.0,3.440370003354634,3.311492693171986,,,,3.0,1.0,28.62181093592468,0.61642737713893,8.134164213420572,0.428299847233902,0.0019392573985456,35.0,74
15,128.0,3.443425501315264,3.258177773417013,,,,3.0,1.0,23.61822069402519,0.5810163842679752,4.3760536008695095,0.3854552924377479,0.0019662617521669,34.0,74
15,129.0,3.461114343069054,3.5384757514032192,,,,3.0,1.0,35.083584895889175,0.4809134461565887,0.0,0.4316129819843991,0.00212626437384,33.0,74
15,130.0,3.8219435789984058,3.941896619342226,,,,3.0,1.0,27.04831500645181,0.3975050752119102,14.543386531010473,0.0449351562229376,0.006755912470567,32.0,74
15,131.0,3.875284572458805,3.9464920802139103,,,,3.0,1.0,36.01951015473671,0.5403190828991953,7.205466257809707,0.4084290112290417,0.0076612308278439,31.0,74
15,132.0,3.889436315271432,3.9752994857376382,,,,3.0,1.0,30.28916010555089,0.5246948549034525,11.742143765553353,0.3948623914069527,0.0079109695892362,30.0,74
15,133.0,3.929668201019116,3.809198746375803,,,,3.0,1.0,24.31479385657255,0.5873236730507967,5.116234149064152,0.4848983309568125,0.0086428296398611,29.0,74
15,134.0,3.930170476941357,3.878965500316665,,,,3.0,0.0,105.66904678541982,0.5370400130433693,9.496144299109092,0.5446966803429292,0.0086521711617331,28.0,74
15,135.0,4.014881185858273,3.963594364449885,,,,3.0,1.0,31.237373992736817,0.5561997588905371,10.650572830643672,0.410873504627323,0.0102998382140909,27.0,74
15,136.0,4.019050665907511,3.9884516055034567,,,,3.0,1.0,24.466083299086847,0.8586831302143159,8.755619523627233,0.3802048121826414,0.0103846425968654,26.0,74
15,137.0,4.019309854781283,4.143877788617859,,,,3.0,0.0,98.95913228273244,0.6400081202356301,11.3567654521946,0.4374758086679352,0.0103899258005424,25.0,74
15,138.0,4.039455743185383,4.006517223794144,,,,3.0,0.0,105.57738432232844,0.385081717329703,7.322242364509249,0.3242465174497534,0.0108046824204107,24.0,74
15,139.0,4.105777255280356,3.6858526172464177,,,,3.0,1.0,30.90061837895261,0.4134391137154655,11.513360837756444,0.5410193874907735,0.0122274333829535,23.0,74
15,140.0,4.382385773591353,4.163256652362117,,,,3.0,1.0,25.444935897989456,0.6050467230693287,13.036576922947106,0.4107489561290633,0.0191099042702776,22.0,74
15,141.0,4.382653939984229,4.121552506169202,,,,3.0,1.0,27.263695911724064,0.5755923038139328,17.819443046810957,0.4994213211893707,0.0191173191775391,21.0,74
15,142.0,4.715326346129651,4.59327929028836,,,,3.0,1.0,29.70049283276873,0.6365488984758116,14.162699579483029,0.3727974557347737,0.029423444737265,20.0,74
15,143.0,4.748318697326221,4.745953580568976,,,,3.0,1.0,33.34600883281559,0.5396487660520812,14.82898829388498,0.674642414708809,0.0305661826742045,19.0,74
15,144.0,4.873918821291619,4.835657400261433,,,,3.0,1.0,26.880307819925427,0.5834660295943871,20.112967954467123,0.4108412983519175,0.0351157174879097,18.0,74
15,145.0,4.898554751628718,4.819530171737069,,,,3.0,1.0,22.69758677234376,0.5440006121869629,14.12229719442681,0.4185159405379619,0.0360451014493198,17.0,74
15,146.0,5.45061983685971,5.510402523054252,,,,3.0,0.0,97.97461582647983,0.3681001051459786,15.234290046950214,1.2127947303797373,0.0600553758481031,16.0,74
15,147.0,5.53137230132923,5.558053942347351,,,,3.0,0.0,99.33479691346967,0.3004946136707042,17.81813979028195,0.7145658416171363,0.0640784572793684,15.0,74
15,148.0,5.546179887894861,5.754148296301787,,,,3.0,1.0,31.55842981664009,0.4845971777626885,10.858935738602124,0.7913451590925478,0.0648303202152028,14.0,74
15,149.0,5.807710045611923,5.857444679220432,,,,3.0,0.0,94.6938431898992,0.5972155227961039,22.29661209862107,0.6221078956744348,0.0788323570023011,13.0,74
15,150.0,5.95450012678717,6.201329421149626,,,,3.0,1.0,31.03226493817006,0.4540378371466135,14.961358172299311,0.9326501303653194,0.087290709991854,12.0,74
15,151.0,5.954598575633934,5.913354221405203,,,,3.0,0.0,94.18985148925768,0.4244980807952705,20.95759682200532,0.7352261244325651,0.0872965274313807,11.0,74
15,152.0,6.108357435046592,6.147161984448662,,,,3.0,0.0,93.84929541358208,0.6857278843977721,17.8792143116625,0.9912790371692242,0.0966188594400942,10.0,74
15,153.0,6.683783014643128,6.479951573790021,,,,3.0,1.0,32.690417628075984,0.5278774296755615,20.834974254429422,0.9789045788259692,0.1357025729897321,9.0,74
15,154.0,6.80325534149584,6.829879153066607,,,,3.0,1.0,28.329806174332504,0.4108763670438555,23.976045809013204,1.0477674567872242,0.1446475119261663,8.0,74
15,155.0,6.836305880660281,6.86166765641427,,,,3.0,0.0,92.32708304180292,0.5561617488455297,22.73155925464132,1.0196946447943973,0.1471724280998865,7.0,74
15,156.0,6.976899550539153,6.7591860905589165,,,,3.0,1.0,34.64037389560052,0.6249900279090428,23.55454257265375,0.9939156137317952,0.1581573003507851,6.0,74
15,157.0,7.585063185918124,7.627649466050786,,,,3.0,0.0,104.89540859135792,0.571914694296439,27.36959750584841,1.3676897525799496,0.2102280441886165,5.0,74
15,158.0,7.665390401333217,7.824520542850149,,,,3.0,1.0,33.938824988485315,0.5672393413213301,25.96143385778756,1.445940636451703,0.2176586759685211,4.0,74
15,159.0,8.54117042079828,8.32255119363801,,,,3.0,0.0,104.34753926742576,0.4999109221364418,27.98641139925658,1.7839939095154966,0.3070456963232979,3.0,74
15,160.0,9.065304729958555,9.272952196142416,,,,3.0,1.0,33.58024337672146,0.490672730297402,36.520108974847474,1.9245080360524796,0.3678792146725763,2.0,74
15,161.0,9.73937836124346,9.646451266231452,,,,3.0,1.0,26.764913347537696,0.4525728294632771,41.382139565748126,2.431409284217469,0.4541922069599658,1.0,74
15,162.0,10.013991655162584,10.060615594322853,catastrophic_failure_replacement,173.3075820873257,,3.0,1.0,25.07847669770792,0.5047174538178198,3.3885174066323103,0.0,0.0,0.0,74
15,162.0,0.0,0.0,catastrophic_failure_replacement,173.3075820873257,,3.0,1.0,25.07847669770792,0.5047174538178198,3.3885174066323103,0.0,0.0,85.0,75
15,163.0,0.067058119024286,0.1926019211962491,,,,3.0,0.0,104.08035153531291,0.4495447793271756,0.7025147685846238,0.0,0.0,84.0,75
15,164.0,0.2754564409662476,0.135547218552036,,,,3.0,1.0,29.33316345859317,0.7005747554118158,1.4071073255406017,0.0,0.0,83.0,75
15,165.0,0.2818279574975243,0.2969423058769799,,,,3.0,1.0,23.40771260450665,0.3039234168773034,0.0,0.0,0.0,82.0,75
15,166.0,0.2918770038207103,0.660406496329607,,,,3.0,1.0,31.443142368350124,0.7837102147591359,0.0,0.138430521688996,0.0,81.0,75
15,167.0,0.3447449800438648,0.5243115684924586,,,,3.0,1.0,25.728192561668287,0.5435793594705906,0.0,0.1363728082330159,0.0,80.0,75
15,168.0,0.5045110579064926,0.5768444227518531,,,,3.0,1.0,33.47768386754434,0.5891428349979452,2.288501983487749,0.0,0.0,79.0,75
15,169.0,0.7077719706167791,0.9445180601155654,,,,3.0,1.0,24.72352243711673,0.7577418337821178,0.6577162545335148,0.0,0.0,78.0,75
15,170.0,0.7089742875810441,0.6587276372463455,,,,3.0,1.0,23.546620941414044,0.466251071317593,2.691563649452433,0.0,0.0,77.0,75
15,171.0,0.8263236200274047,0.8433173061546445,,,,3.0,1.0,34.154096689060324,0.6759352580633986,6.62116903745897,0.2523235295222586,0.0,76.0,75
15,172.0,0.8310797159989698,1.0406050059896512,,,,3.0,1.0,30.766031831439417,0.5733850204734916,0.7285613077775744,0.0900451408473893,0.0,75.0,75
15,173.0,0.8322826057540702,0.778007122772803,,,,3.0,1.0,35.2666621765701,0.3838671695967282,4.695639721354965,0.0,0.0,74.0,75
15,174.0,0.9123030856838064,1.1287076677813574,,,,3.0,1.0,24.12091070441461,0.5369170391903728,0.0,0.2555070372255996,0.0,73.0,75
15,175.0,0.9229658772896788,0.9946932562393024,,,,3.0,1.0,22.48321694394098,0.5265663330127501,0.0,0.0142973699918592,0.0,72.0,75
15,176.0,0.9351160386998398,1.06087212217482,,,,3.0,0.0,98.29395615698232,0.6776454288196847,4.636859148634803,0.0295537728489181,0.0,71.0,75
15,177.0,1.0063418805971098,1.0721493702876872,,,,3.0,1.0,18.943487839116976,0.5949155363069348,0.0,0.1771646152876352,0.0,70.0,75
15,178.0,1.0078399983181658,0.999939360502468,,,,3.0,0.0,94.38843927330102,0.5954181455301831,3.9157731329619514,0.0472016577154919,0.0,69.0,75
15,179.0,1.0208480368000294,0.7851045485275443,,,,3.0,1.0,34.005023012125704,0.4690273685392777,0.7704247248536786,0.0,0.0,68.0,75
15,180.0,1.0209139273176409,0.7749193887970318,,,,3.0,1.0,33.70408968918153,0.5644746792713629,0.6781484675982938,0.0,0.0,67.0,75
15,181.0,1.1448652672617925,1.1374143011499729,,,,3.0,1.0,28.9327391454813,0.5589363518576402,1.8201813630044383,0.0,0.0,66.0,75
15,182.0,1.1933536947483034,1.132197752366634,,,,3.0,1.0,32.24293439015307,0.642763599090182,3.943653414585935,0.2367731130667175,0.0,65.0,75
15,183.0,1.1935222657945896,1.1129269734342992,,,,3.0,1.0,19.04006122236509,0.6041985092612965,0.0,0.0,0.0,64.0,75
15,184.0,1.2262821168190663,1.2172819274210314,,,,3.0,1.0,33.31879440550536,0.5375084522207719,0.0,0.0844792361685302,0.0,63.0,75
15,185.0,1.243920874989532,1.2656741000863527,,,,3.0,0.0,93.839674253587,0.3708406223380971,6.745991936092652,0.2276051223958176,0.0,62.0,75
15,186.0,1.244151054437988,1.1285340840417986,,,,3.0,1.0,25.095024444380464,0.5871543461981829,2.435101864597139,0.2575954174292199,0.0,61.0,75
15,187.0,1.3243826567817,1.4045377730089754,,,,3.0,0.0,97.70254925049628,0.3957167296714728,3.1036026890952453,0.0,0.0,60.0,75
15,188.0,1.3829746109205026,1.2958707375373226,,,,3.0,1.0,22.108284050739957,0.629990078872225,0.1603708433037989,0.0999690064798133,0.0,59.0,75
15,189.0,1.45599564396362,1.2594136490412722,,,,3.0,0.0,85.77591050625811,0.541429553279066,3.8329495039559234,0.0,0.0,58.0,75
15,190.0,1.455995682246711,1.386416572084158,,,,3.0,1.0,36.93222387819259,0.5115185927482695,0.0,0.1226997320794109,0.0,57.0,75
15,191.0,1.9286849511018025,1.965731560023828,,,,3.0,1.0,24.517616000365354,0.6057073780060542,0.0,0.064011061755671,0.0,56.0,75
15,192.0,1.929218937892471,1.9443396511570028,,,,3.0,0.0,94.37094525664747,0.670443818942367,4.59976193949913,0.0511516939656377,0.0,55.0,75
15,193.0,1.9354244576707824,1.8842054117070437,,,,3.0,1.0,31.100460709777803,0.581955397737193,3.03472823069358,0.3089338166366712,0.0,54.0,75
15,194.0,1.936633987544428,2.0549577903068217,,,,3.0,0.0,102.52008881208992,0.6736527453273345,0.1661592140243373,0.0,0.0,53.0,75
15,195.0,1.9777153474919449,2.1585978066526144,,,,3.0,0.0,83.73848517425404,0.4297659858716371,8.78660394508902,0.0,0.0,52.0,75
15,196.0,2.174517335378189,2.107492043812853,,,,3.0,0.0,111.10049414404078,0.5011356804488547,6.540071624246428,0.218700414429483,0.0,51.0,75
15,197.0,2.5700888114332354,2.551469049766459,,,,3.0,1.0,30.266374873955314,0.538754390117326,6.715023362030179,0.0910652667805579,0.0,50.0,75
15,198.0,2.57009926472426,2.613047143141524,,,,3.0,1.0,33.30821815490646,0.4746454278245562,9.64561298867346,0.4044423907991694,0.0,49.0,75
15,199.0,2.5752399070515346,2.555223978674388,,,,3.0,1.0,34.85299364687302,0.573635129996124,6.604971384759151,0.1154436253095839,0.0,48.0,75
15,200.0,2.577341109852819,2.72756328619083,,,,3.0,1.0,27.138706705821456,0.4599313900490319,6.019387711244702,0.0,0.0,47.0,75
15,201.0,2.581705828142573,2.5727081196498,,,,3.0,1.0,26.01371391280796,0.5101633431427426,4.858598400690469,0.3720524721925943,0.0,46.0,75
15,202.0,2.834072759955304,2.7835126116420934,,,,3.0,0.0,113.74265210164828,0.5186006263946756,12.049112538930224,0.396945773031958,0.0,45.0,75
15,203.0,2.8486385203575626,2.638253554805947,,,,3.0,1.0,29.180036486453734,0.5855021112965629,5.09452899233367,0.5633199715381744,0.0,44.0,75
15,204.0,2.8660955886399,2.757057788389534,,,,3.0,1.0,28.91124223556172,0.506025610984694,6.946730919372396,0.1849313159293452,0.0,43.0,75
15,205.0,3.0008425211462386,3.001200090951009,,,,3.0,1.0,40.62801273855401,0.5322382627438218,4.4751923369418485,0.4953127876012128,7.098418818594206e-09,42.0,75
15,206.0,3.0089443941753946,3.249311452849394,,,,3.0,1.0,32.53020821707034,0.6299513931593006,10.663960098559771,0.087880535693576,8.000218716483501e-07,41.0,75
15,207.0,3.009691206413156,3.2728535746678524,,,,3.0,0.0,105.62094310569816,0.5609617602742019,5.797047511313036,0.3018925070388091,9.391948174239632e-07,40.0,75
15,208.0,3.356691142214397,3.4661014101674,,,,3.0,0.0,90.38814801905036,0.352649714513139,17.15751361366833,0.3013327188612114,0.0012722857093421,39.0,75
15,209.0,3.4761265820053047,3.6174640339822384,,,,3.0,1.0,23.1484028614228,0.2915475721173574,9.83097296939088,0.3213959932939492,0.0022669652209205,38.0,75
15,210.0,3.4782645009936246,3.509900711030174,,,,3.0,1.0,38.363270386255714,0.4974303068956362,7.8887077067449,0.2550277245644484,0.0022873693291068,37.0,75
15,211.0,3.70992494640991,3.648786838014301,,,,3.0,1.0,33.51216114686168,0.5908142567114384,17.40464433354335,0.5708404855687731,0.0050399342953511,36.0,75
15,212.0,3.7181702082855166,3.5604224913580205,,,,3.0,0.0,99.57066895856929,0.4483816126905616,10.913905848580958,0.3779074169011828,0.0051576844806886,35.0,75
15,213.0,3.720489662201119,3.943569275599622,,,,3.0,1.0,30.73332918355374,0.384495829688351,4.706290144031273,0.3205161559533239,0.0051910535333868,34.0,75
15,214.0,3.7204898956100014,3.744749306356688,,,,3.0,1.0,32.48737647340593,0.5046219957401107,5.971472043915253,0.2994539721481038,0.0051910568967611,33.0,75
15,215.0,3.728172753956025,3.81697154977915,,,,3.0,0.0,91.25599621857576,0.6706512218322787,6.715897562685291,0.3431514661258447,0.005302355596039,32.0,75
15,216.0,3.751881435982673,3.7812560954766026,,,,3.0,1.0,22.32487350577879,0.5199792265768332,8.78568234575976,0.2858615708550512,0.0056532569377536,31.0,75
15,217.0,3.9458386131733993,4.232065053136456,,,,3.0,1.0,26.186560197302548,0.6666352295897009,7.941025080631022,0.3601290284714444,0.0089461068216977,30.0,75
15,218.0,4.0756977838979225,4.011359645994289,,,,3.0,1.0,31.54585071806585,0.4966118819364307,7.702350161099244,0.4073178037433156,0.011571257222829,29.0,75
15,219.0,4.259283299010512,4.350162736390912,,,,3.0,1.0,39.592026116239566,0.5213519804010649,10.801030070584746,0.5489438913305685,0.0158579442716679,28.0,75
15,220.0,4.34042841783509,4.292614273780269,,,,3.0,0.0,100.56285104530434,0.5318351737974613,10.195306614892878,0.8573905296977685,0.0179674834333988,27.0,75
15,221.0,4.703698073602955,4.620235034807748,,,,3.0,1.0,33.69577460850574,0.6814419161568152,12.365781447238064,0.5823557772337874,0.0290258712599842,26.0,75
15,222.0,4.709997396156399,5.068752260274678,,,,3.0,1.0,35.14576894181491,0.6583885478978441,13.101979007697002,0.635162013570923,0.0292409109486166,25.0,75
15,223.0,4.820181463668017,4.954237344462586,,,,3.0,1.0,31.522025241277635,0.7899099543545964,11.34313693200529,0.494344985495003,0.0331306056068064,24.0,75
15,224.0,4.822819920140048,4.90372121043593,,,,3.0,1.0,28.49820774834685,0.565660639025121,13.134594911091469,0.826601302400978,0.0332267246125937,23.0,75
15,225.0,4.824803845792142,5.0307766512933005,,,,3.0,1.0,23.18747423641199,0.5879134835254289,12.76944500888244,0.537050020708342,0.0332990907561779,22.0,75
15,226.0,5.03338124699625,5.034182136666294,,,,3.0,1.0,27.524579737171543,0.7087962886891467,19.00567430459343,0.8770248421970117,0.0413463929563602,21.0,75
15,227.0,5.033590166500953,5.210921025815639,,,,3.0,1.0,26.54634799917499,0.5607099377606652,12.610881680368063,0.6952496231848285,0.0413548896528937,20.0,75
15,228.0,5.327067373179339,5.491833725204066,,,,3.0,1.0,31.443917052192592,0.5379331081020886,17.776097043155495,0.7185458775877153,0.0541524255931579,19.0,75
15,229.0,5.996319861964735,6.107902641795977,,,,3.0,1.0,37.9544529128454,0.4154904899870004,22.150835958048585,0.7010598423664373,0.0897793271520437,18.0,75
15,230.0,6.202753636547927,6.117885329832643,,,,3.0,1.0,31.554714175085405,0.4241196957741359,18.37294325039401,1.1409668543786733,0.1025763085642096,17.0,75
15,231.0,6.248706563997523,6.423869646627006,,,,3.0,1.0,33.16905752197216,0.5348478577223921,16.729567611566292,1.3122831097660097,0.1055409433896059,16.0,75
15,232.0,6.531585974101984,6.6392181993233725,,,,3.0,0.0,100.47708857290216,0.6033315768483015,20.54638540789876,1.0632223074944007,0.1247209949247385,15.0,75
15,233.0,6.614198969054657,6.661404156766487,,,,3.0,1.0,24.833452523096582,0.6810986535405553,25.647753818061677,0.912180525755037,0.1306243418791574,14.0,75
15,234.0,6.7923278229970006,6.6886064420317775,,,,3.0,1.0,32.43395736858686,0.4414095212719034,22.305421843790462,1.3777725102721874,0.1438175031707717,13.0,75
15,235.0,6.81253036844832,6.765162690396368,,,,3.0,0.0,104.19055367596992,0.5336218127648932,22.20852091385078,1.3046959458769725,0.1453538781034068,12.0,75
15,236.0,7.198126806682015,6.986474012643399,,,,3.0,1.0,28.29821300042117,0.6950433499195435,20.507324711610277,1.3606380099109647,0.1762426868498213,11.0,75
15,237.0,7.442934626658905,7.567799208165875,,,,3.0,1.0,26.366212462161126,0.5001184710338159,25.88664236658798,1.2274867955072628,0.1973966809676471,10.0,75
15,238.0,7.485375716240603,7.141752651264283,,,,3.0,1.0,29.42643334156553,0.4596437574456104,26.693696814639736,1.3264555935276046,0.201185953158409,9.0,75
15,239.0,7.736234289340809,7.5979114943495185,,,,3.0,1.0,30.677536662354164,0.5030042193087649,26.75658664773452,1.5244803893478815,0.2243191524352763,8.0,75
15,240.0,7.78108726698421,7.952770983447959,,,,3.0,1.0,22.8339208874225,0.4150564644830352,26.60899661214369,1.470672370705342,0.2285879545451854,7.0,75
15,241.0,8.029065073100366,7.798734097482062,,,,3.0,0.0,91.63037304101974,0.508426122499724,34.22120666911884,1.6775050273069012,0.2529149550947798,6.0,75
15,242.0,8.333554363202012,8.416906716812097,,,,3.0,0.0,106.17932239188907,0.4344936873782476,33.06866735504272,1.9406350111712904,0.2844680214523121,5.0,75
15,243.0,8.38070522039022,8.44992155502336,,,,3.0,0.0,92.75920563472556,0.4472419548289919,25.27450708094434,1.7228182678205088,0.2895198866873457,4.0,75
15,244.0,8.60364396717319,8.777970936746144,,,,3.0,0.0,95.11671377748765,0.4963941322445421,28.614946483643298,1.7025016639130333,0.3140082571083647,3.0,75
15,245.0,9.065486724373434,9.337815672539886,,,,3.0,1.0,30.39287745876015,0.5494411748582669,32.97379079674125,2.044737184325972,0.3679012920355037,2.0,75
15,246.0,9.82010948635736,9.950525948452023,,,,3.0,0.0,97.69866771455104,0.4886191689143991,40.84685984188591,2.439246279497598,0.4651389340590164,1.0,75
15,247.0,10.360969539116024,10.589884932262324,catastrophic_failure_replacement,311.6979685728488,,3.0,0.0,83.8829321159696,0.4218975706625844,0.0,0.0,0.0,0.0,75
15,247.0,0.0,0.0,catastrophic_failure_replacement,311.6979685728488,,3.0,0.0,83.8829321159696,0.4218975706625844,0.0,0.0,0.0,75.0,76
15,248.0,5.867900912619534e-06,0.0153372565965289,,,,3.0,1.0,30.183121778005628,0.4509415990306965,2.05367623560099,0.0,0.0,74.0,76
15,249.0,0.0073347493966661,0.0081345614338164,,,,3.0,1.0,28.82433778182116,0.3562040483111002,0.0,0.0,0.0,73.0,76
15,250.0,0.0108220790817232,0.0994304244700182,,,,3.0,1.0,33.84930986378525,0.5584654410171138,0.0,0.0,0.0,72.0,76
15,251.0,0.0449590664940863,0.0787983123400849,,,,3.0,0.0,97.4788939922311,0.5197603068126938,4.486005627288071,0.0,0.0,71.0,76
15,252.0,0.0650764714175794,0.1137488833022503,,,,3.0,0.0,100.87749272040756,0.5876230508727008,1.2075528883788538,0.2222883929051973,0.0,70.0,76
15,253.0,0.107032199214376,0.2786375061610187,,,,3.0,1.0,25.348648899531494,0.5988230740262532,2.360378375045205,0.0552282931654101,0.0,69.0,76
15,254.0,0.1775164327629885,0.0,,,,3.0,0.0,108.7573213173149,0.6357966624746485,1.6088205822331687,0.0004289081597778,0.0,68.0,76
15,255.0,0.179751923243094,0.3875713687014909,,,,3.0,1.0,29.60560028536901,0.5583525357429001,0.0,0.0,0.0,67.0,76
15,256.0,0.2979373955788588,0.3530656272495198,,,,3.0,1.0,32.07211254581188,0.5743524223477714,2.803138622725564,0.0,0.0,66.0,76
15,257.0,0.297937401313523,0.4270534788163146,,,,3.0,0.0,105.45841556941583,0.6274749615587071,0.0,0.1744469391453205,0.0,65.0,76
15,258.0,0.3154299153270672,0.1537226359177369,,,,3.0,1.0,29.322041919293994,0.3584937309911415,5.019587925202599,0.0910490480766137,0.0,64.0,76
15,259.0,0.3180650693161413,0.1807390364755991,,,,3.0,1.0,35.77664373068868,0.5022862392391421,1.9323656624723284,0.0,0.0,63.0,76
15,260.0,0.5828970059382823,0.7154280455014654,,,,3.0,1.0,21.37889586538132,0.487097104910406,3.4952537717212744,0.2727054512628209,0.0,62.0,76
15,261.0,0.6704079644317433,0.6873811585767735,,,,3.0,1.0,29.85249725890881,0.2721447860084786,3.042427928224677,0.0826732020790025,0.0,61.0,76
15,262.0,0.6816939319457347,0.3260916397046798,,,,3.0,1.0,27.38672644397816,0.6504539230425397,2.0117586476743474,0.0611125467388568,0.0,60.0,76
15,263.0,0.8133293901124538,0.7172719951152865,,,,3.0,1.0,36.491614226547576,0.4958359172162638,0.0,0.0,0.0,59.0,76
15,264.0,0.8440053942057435,1.0041818783604963,,,,3.0,1.0,30.17247422313781,0.5761619650932998,4.524223997334119,0.0657037107785384,0.0,58.0,76
15,265.0,0.8892418476885082,0.8884378752437555,,,,3.0,0.0,101.68588705310364,0.3703918837657659,0.0,0.2840443562668702,0.0,57.0,76
15,266.0,0.8983439247205278,0.9698037696157856,,,,3.0,1.0,24.454172828841443,0.6458095670630122,1.8171226587858729,0.262034585110242,0.0,56.0,76
15,267.0,1.7725897909687824,1.9211768997123453,,,,3.0,1.0,30.918500998375954,0.6218345767564941,2.457135663504728,0.2311211713276258,0.0,55.0,76
15,268.0,1.777700491509883,2.1521550570709382,,,,3.0,1.0,27.1023046920728,0.5972182935289727,1.949135473088476,0.036703802629119,0.0,54.0,76
15,269.0,1.7778399269498006,1.6848193810136352,,,,3.0,1.0,19.454630573391974,0.4365898433373815,4.445626995910319,0.0,0.0,53.0,76
15,270.0,1.7851606170123753,1.911364800501992,,,,3.0,0.0,107.0901676792999,0.6632275865076289,8.031984519074939,0.0,0.0,52.0,76
15,271.0,1.7859059158084116,1.8473869244913053,,,,3.0,1.0,24.80605004771798,0.6320989341871526,3.4538231345459773,0.1867572061230104,0.0,51.0,76
15,272.0,1.9171608928722288,2.092764524798904,,,,3.0,1.0,20.317313865848924,0.6078651291349617,4.44497196149713,0.0285045127032942,0.0,50.0,76
15,273.0,2.0089278294036776,2.0876888501083126,,,,3.0,1.0,30.21053607774209,0.5276479802271152,7.936886829387177,0.0,0.0,49.0,76
15,274.0,2.1095403804824624,2.3109676582247403,,,,3.0,0.0,104.37851349107493,0.4356017345580016,3.403138190547329,0.067059354352687,0.0,48.0,76
15,275.0,2.486439068724807,2.495204608711407,,,,3.0,1.0,31.321541249779585,0.4824711093245289,0.0,0.0610667682951715,0.0,47.0,76
15,276.0,2.4872111931660683,2.6144438278331625,,,,3.0,1.0,40.09267366336702,0.5719652010610603,4.054268554253932,0.1723028899692428,0.0,46.0,76
15,277.0,2.735172173869032,2.792271879870204,,,,3.0,1.0,38.09379910379665,0.5245784042096002,4.68850341255027,0.0455135301425643,0.0,45.0,76
15,278.0,2.7647427239981037,2.702005500135561,,,,3.0,1.0,38.290384697511605,0.6555746057833711,8.99825378497514,0.1601191468319886,0.0,44.0,76
15,279.0,2.798729038714431,2.8558173886222264,,,,3.0,1.0,19.854919407222766,0.5126373143830404,2.695764107798704,0.3853430216014175,0.0,43.0,76
15,280.0,2.827698651591726,3.091994469818763,,,,3.0,0.0,86.88050599247637,0.4591015001747327,0.2440206109356157,0.2668374829875319,0.0,42.0,76
15,281.0,2.95424445848774,2.847164571468595,,,,3.0,0.0,109.86909897557564,0.5614446069577403,7.731881524917354,0.3985101347371617,0.0,41.0,76
15,282.0,3.2105919426115737,3.033930376669696,,,,3.0,1.0,31.540445020184325,0.4759571346193476,9.276031160260969,0.2469536382542924,0.0004434896629291,40.0,76
15,283.0,3.283257015611519,2.940956900481128,,,,3.0,1.0,27.93553286081705,0.6795230119684996,9.617542120410866,0.0625990635826581,0.0008023453689314,39.0,76
15,284.0,3.340237025274954,3.152635103296351,,,,3.0,1.0,35.104590742196834,0.5651848816978658,10.293490367848047,0.506096413849773,0.0011576123336794,38.0,76
15,285.0,3.744684803943684,3.713869661253762,,,,3.0,1.0,34.28426970595262,0.4308763428496731,12.608022879660847,0.5789952317230824,0.0055455545722464,37.0,76
15,286.0,3.7447179395681927,3.5218817327697574,,,,3.0,1.0,29.449802318098097,0.809856977983964,9.3816040010528,0.3945530221982181,0.0055460480951469,36.0,76
15,287.0,3.8053129557750855,3.698782534555263,,,,3.0,1.0,30.143022896303496,0.5572717866513512,9.590029092132191,0.5255668936997356,0.006485289567392,35.0,76
15,288.0,3.806054163101074,3.8554286930484074,,,,3.0,1.0,23.817399921145658,0.533611201791365,6.2523838513674095,0.6094186995372353,0.0064972331385257,34.0,76
15,289.0,3.842945640622897,3.773840997808117,,,,3.0,1.0,26.624168648072743,0.6565868528415627,12.76899125704821,0.6096905302606015,0.0071055735304514,33.0,76
15,290.0,3.9503417606811,4.008119276222779,,,,3.0,0.0,97.87153854062694,0.50498739599122,13.200751046398675,0.3073581616794917,0.0090314946209445,32.0,76
15,291.0,3.952576074883847,3.7270263800506935,,,,3.0,1.0,27.23228744932941,0.5943600551807533,6.670174330044425,0.298609294025949,0.0090740117844111,31.0,76
15,292.0,3.952856318923524,4.129402112554711,,,,3.0,0.0,97.5109937945783,0.5734072526087015,7.566612054549822,0.4305473609231788,0.0090793516451248,30.0,76
15,293.0,3.977456814069777,4.174980065171291,,,,3.0,1.0,32.872594125113984,0.4995865487998046,7.965140947383489,0.3643739438537463,0.0095542182337143,29.0,76
15,294.0,4.495358150693519,4.487192927585494,,,,3.0,0.0,106.43699456470316,0.5446718131262076,11.732022637307528,0.1830044759469144,0.0223609599884554,28.0,76
15,295.0,5.202453405415802,5.3305978667084695,,,,3.0,1.0,25.842643734656907,0.5252863969618822,17.709196800357827,0.5057635456472903,0.0485080100302766,27.0,76
15,296.0,5.20261166023603,5.118671877637349,,,,3.0,0.0,103.60783554752396,0.5316479316523047,16.81985829620432,0.4600107925579224,0.0485149812580772,26.0,76
15,297.0,5.230549725079763,5.417823302784576,,,,3.0,0.0,107.2152259677198,0.6466750213913525,16.673177139090605,0.660341882294313,0.049753520760534,25.0,76
15,298.0,5.276347213152183,5.252067370027535,,,,3.0,1.0,18.52758121687809,0.3941812276169338,14.90450269922476,0.7200277171300172,0.0518175663482571,24.0,76
15,299.0,5.358085006890473,5.403301383816109,,,,3.0,1.0,25.237952227753183,0.5133612919453333,15.848876129725172,0.5604670521319177,0.0556056489972164,23.0,76
15,300.0,5.765929870864361,5.664832488739146,,,,3.0,1.0,30.63132948454977,0.5045060451762375,17.765050708456194,0.9700546534236868,0.0765036805053974,22.0,76
15,301.0,5.793467794109063,5.735434514702284,,,,3.0,1.0,36.9220611412798,0.4038326686043824,18.188914795334817,1.270251217228577,0.0780346231672455,21.0,76
15,302.0,5.808934133809029,5.768142979309494,,,,3.0,1.0,34.18595871667498,0.4247532297810284,15.668711059962432,0.8982830063581078,0.0789011096807747,20.0,76
15,303.0,6.034880775048081,6.221985997455803,,,,3.0,1.0,37.69493341642545,0.4466659255888408,19.977841760938954,1.0023026367796053,0.0921050131875644,19.0,76
15,304.0,6.160729914346468,6.036678414973207,,,,3.0,1.0,28.598806955374805,0.4816002369721605,22.08649785681203,1.1171562768303192,0.0999021359144463,18.0,76
15,305.0,6.539122687796406,6.640410807155434,,,,3.0,0.0,93.15032315618974,0.4314266402029253,30.273425707418795,1.1576847371898502,0.1252538939927525,17.0,76
15,306.0,6.671622986666794,6.677320043328989,,,,3.0,1.0,29.5496063619396,0.7352663296249464,25.037659201970065,1.0944730373865723,0.1348081535621999,16.0,76
15,307.0,6.679709498931059,6.623893255255192,,,,3.0,1.0,29.69715218349908,0.4829755923932707,19.04285055323609,0.950576455302972,0.1354026199652346,15.0,76
15,308.0,6.682349277461217,6.65247828938054,,,,3.0,1.0,28.030832299826912,0.5679788907311976,26.65778998219877,0.9625638591120028,0.1355969620121914,14.0,76
15,309.0,6.727335470026623,6.731640160121472,,,,3.0,0.0,110.95572971441204,0.5468705972862462,23.51750175497306,1.056542472021643,0.1389302970611858,13.0,76
15,310.0,6.864087248731941,6.9122650420459575,,,,3.0,1.0,36.21033499025728,0.6256981793189856,25.736391009488024,1.3148123255360942,0.1493117026581278,12.0,76
15,311.0,6.916628552357521,6.888535189982208,,,,3.0,1.0,25.70512166521211,0.3927588597867322,18.82762749971996,1.2916650651599932,0.1533997921714217,11.0,76
15,312.0,7.578635848319233,7.727350005966743,,,,3.0,1.0,33.325639525808896,0.4976475844890783,22.23658821052325,1.5513502824678032,0.2096390623151398,10.0,76
15,313.0,7.662441750975391,7.74693691619038,,,,3.0,0.0,102.13366742843851,0.5714650706005133,25.638083917161325,1.4693359768311491,0.2173836308123847,9.0,76
15,314.0,7.874702520829357,7.955666467354102,,,,3.0,1.0,31.37018961086408,0.3286480499215473,28.19262898014037,1.5008773011502785,0.2376272466658008,8.0,76
15,315.0,8.171921972807176,8.04976130211432,,,,3.0,0.0,120.0,0.6533025057140014,28.18911688560098,1.5227640722522833,0.2674877689280567,7.0,76
15,316.0,8.47269961664301,8.300057543108506,,,,3.0,1.0,35.08410032247066,0.5901047476262479,30.422474606827706,1.6761603997322796,0.2995044109400456,6.0,76
15,317.0,8.680619706500405,8.705001696953191,,,,3.0,1.0,19.321715864785773,0.5786523260302692,28.08150162002887,1.91957687748408,0.3226944024988075,5.0,76
15,318.0,8.752495322491766,8.952511024165505,,,,3.0,1.0,33.251643536354884,0.5421735384000006,37.00804685435901,1.696235954327963,0.3309120243528965,4.0,76
15,319.0,9.17717965446949,9.228701682681292,,,,3.0,1.0,39.534574267483386,0.4904289797750434,34.12793972664402,1.9629514646027584,0.3815754848359182,3.0,76
15,320.0,9.493063331915389,9.819709867177066,,,,3.0,1.0,32.75150540830111,0.3384706245535803,33.25832884987745,2.1908276810827814,0.4215987143226415,2.0,76
15,321.0,9.922765779782235,9.991763464501958,,,,3.0,1.0,34.697333694183925,0.60445418019513,38.90998024690023,2.396944447957486,0.4792468604172395,1.0,76
15,322.0,10.216876686414862,10.042084800367824,catastrophic_failure_replacement,433.664905300532,,3.0,1.0,33.64568381054802,0.6164645617170935,0.9488303729732102,0.2737970086387153,0.0,0.0,76
15,322.0,0.0,0.0,catastrophic_failure_replacement,433.664905300532,,3.0,1.0,33.64568381054802,0.6164645617170935,0.9488303729732102,0.2737970086387153,0.0,78.0,77
15,323.0,0.000330089946149,0.0,,,,3.0,1.0,32.145691435292115,0.3954276797875135,1.4911556593428874,0.0610794095645078,0.0,77.0,77
15,324.0,0.0530219365983042,0.0,,,,3.0,1.0,34.286725286161946,0.6037571619196238,0.0,0.0,0.0,76.0,77
15,325.0,0.0708148972033075,0.0,,,,3.0,1.0,33.93319778754999,0.4791325747350644,0.1155785670429549,0.0,0.0,75.0,77
15,326.0,0.1025754305918932,0.1359600212381031,,,,3.0,0.0,92.26096997225508,0.7171266705091709,1.1148318289989398,0.0331373045902909,0.0,74.0,77
15,327.0,0.6607466130434394,0.6832562466401755,,,,3.0,1.0,27.41058022774897,0.5551019506437576,3.746125293457472,0.0,0.0,73.0,77
15,328.0,0.9494534640285466,0.6854518303159016,,,,3.0,1.0,29.22554726306829,0.372235165148665,0.8970147758691834,0.0,0.0,72.0,77
15,329.0,0.9681022225205904,1.0496843351514793,,,,3.0,1.0,33.16472835893105,0.428855661064452,0.7685911409864575,0.0,0.0,71.0,77
15,330.0,1.028478006361754,1.213315710448583,,,,3.0,1.0,36.9967153203717,0.5699825281545491,1.828271456726414,0.1032651361014138,0.0,70.0,77
15,331.0,1.0916947512954374,1.208873397887174,,,,3.0,1.0,27.84777288843485,0.5000359804032142,1.7247181704291608,0.0798908920281437,0.0,69.0,77
15,332.0,1.45624329856756,1.2457385983403266,,,,3.0,0.0,110.65628523122446,0.4477034904908947,2.505776751924322,0.2514347260010628,0.0,68.0,77
15,333.0,1.5226861864178567,1.7025108812471983,,,,3.0,0.0,106.13813278061828,0.3689209684137072,5.166378598146764,0.0,0.0,67.0,77
15,334.0,1.6450019119168484,1.5346498534107849,,,,3.0,0.0,104.37484110280248,0.5213439072891438,6.185471191233562,0.1669417240498969,0.0,66.0,77
15,335.0,1.6804114218388009,1.822617078271692,,,,3.0,0.0,100.52088008658411,0.570003159877478,0.5739260356328075,0.2861785003882433,0.0,65.0,77
15,336.0,1.6804409963289118,1.7725569280952456,,,,3.0,1.0,18.54490616100103,0.5325873199641574,0.4265455127379645,0.1403718056956432,0.0,64.0,77
15,337.0,1.680441339953787,1.6327882013484365,,,,3.0,1.0,32.78739479784012,0.5437925078254242,0.0,0.3327332216037841,0.0,63.0,77
15,338.0,1.6813237177373814,1.7301711345561106,,,,3.0,1.0,34.5891008688002,0.4906667913518584,1.8082233551692009,0.2101775600409243,0.0,62.0,77
15,339.0,1.789038339265542,1.8421795197578985,,,,3.0,1.0,28.532379572684363,0.5078179404089299,1.4928554084446564,0.0986039986936768,0.0,61.0,77
15,340.0,1.7911047049344444,1.706920953410568,,,,3.0,1.0,33.23024860228127,0.6938350100610802,2.4302343405424183,0.0,0.0,60.0,77
15,341.0,1.912364900601501,1.804247853561465,,,,3.0,0.0,97.35558262193368,0.7003577457982207,2.660466247023473,0.2784786671426283,0.0,59.0,77
15,342.0,1.9128922633681136,1.982911126651013,,,,3.0,1.0,24.53333635029452,0.4626894966578148,5.195508612352947,0.0149392160033942,0.0,58.0,77
15,343.0,1.9190814547855204,1.8840992219580532,,,,3.0,0.0,107.20745457562344,0.5435092925648314,3.3419197201783004,0.2180218162866984,0.0,57.0,77
15,344.0,2.255352936623195,2.4302196341129543,,,,3.0,1.0,24.48595551205016,0.608374628156811,5.771379070256414,0.0,0.0,56.0,77
15,345.0,2.2597888459531834,2.577212264743845,,,,3.0,0.0,102.0832134668108,0.599076119693865,0.281937419966165,0.0,0.0,55.0,77
15,346.0,2.2669690790988457,2.259136459453829,,,,3.0,1.0,37.68897966581515,0.5995282358308693,2.826752316955333,0.0,0.0,54.0,77
15,347.0,2.271292500199053,2.324759363129949,,,,3.0,0.0,89.90214638183859,0.2859278488740761,0.0,0.0,0.0,53.0,77
15,348.0,2.2835368236872022,2.2882807652665726,,,,3.0,0.0,97.83063056657603,0.5224750259328251,1.9821792597114485,0.1208125849036875,0.0,52.0,77
15,349.0,2.481998646705205,2.685339016435146,,,,3.0,1.0,32.30168219491996,0.5359458034250719,4.898294257080015,0.3871858407688117,0.0,51.0,77
15,350.0,2.6253060606081453,2.49751938470099,,,,3.0,1.0,21.439987189665683,0.5886342887786954,0.8539985153018828,0.0,0.0,50.0,77
15,351.0,2.659496809640842,2.6251053184087003,,,,3.0,1.0,28.41028835167336,0.4846871007207943,4.119061440007797,0.0354230778319513,0.0,49.0,77
15,352.0,2.659575728883237,2.67734226288032,,,,3.0,0.0,93.15550615677654,0.5687114335731668,0.3072202633900547,0.155515778562658,0.0,48.0,77
15,353.0,2.8387120729267274,2.9812212335602144,,,,3.0,1.0,29.036508618155047,0.6190967881948632,3.791297762141627,0.1280024716528977,0.0,47.0,77
15,354.0,2.839055185450768,3.1369311561328868,,,,3.0,1.0,30.357331912847503,0.5777341225230952,6.541930412967369,0.0,0.0,46.0,77
15,355.0,2.845513602838348,2.747974191335053,,,,3.0,0.0,97.79550079341094,0.5801403155005841,6.13242454833278,0.0528917469098528,0.0,45.0,77
15,356.0,3.4610580000019207,3.476649446441604,,,,3.0,1.0,36.19464236037329,0.5052547104245746,5.3431218413739625,0.3655176004230948,0.0021257447936577,44.0,77
15,357.0,3.463268236001912,3.4139274861095563,,,,3.0,1.0,34.17801851732311,0.6936416352335323,6.034898924435773,0.6734875950906444,0.0021461745848832,43.0,77
15,358.0,3.4674898651739863,3.1221365307657587,,,,3.0,1.0,26.488785840289676,0.6129053082862672,10.798763994224924,0.2548542894459887,0.0021854677404039,42.0,77
15,359.0,3.5604979369010903,3.593730775733168,,,,3.0,1.0,29.44456201122316,0.3695899367213064,5.707603200048899,0.5247087363277164,0.0031415793727037,41.0,77
15,360.0,3.579117591649545,3.467890842025965,,,,3.0,0.0,105.23994730025238,0.5729308821052679,7.059817992530487,0.4186338379009562,0.0033537718495796,40.0,77
15,361.0,3.703213830617757,3.475456675087924,,,,3.0,1.0,34.31008154984138,0.5597724022639019,5.645999067855098,0.3570325565741911,0.0049450969157209,39.0,77
15,362.0,3.723576259861261,3.652903288328574,,,,3.0,0.0,112.92517641678124,0.5591807402136428,8.723487437931626,0.1385445927297738,0.0052356260383481,38.0,77
15,363.0,3.7246169707416072,3.696163540422164,,,,3.0,1.0,32.10065336554045,0.6307998139724098,3.751052003757492,0.1760153943798685,0.0052506975428674,37.0,77
15,364.0,3.73071788954578,3.66595692996946,,,,3.0,1.0,27.308023099314173,0.6253690929245477,5.999818644562145,0.3027522406933477,0.0053394863410223,36.0,77
15,365.0,3.7589836439567614,3.701173500786075,,,,3.0,0.0,92.02112804069476,0.5686014877757253,9.38123113799892,0.4830255039837848,0.0057605617179388,35.0,77
15,366.0,3.760997384788968,3.782882206921695,,,,3.0,1.0,36.38710135288711,0.6371292577601806,12.543702162920116,0.3085616546631787,0.0057911701965564,34.0,77
15,367.0,4.3678837324121655,4.30292148399512,,,,3.0,1.0,32.63574495134951,0.4228685514901877,10.875055604890171,0.3840555257397796,0.0187110590539783,33.0,77
15,368.0,4.3784384622189885,4.405950583723492,,,,3.0,0.0,98.94367870613644,0.5750896988436746,10.615974446437402,0.4228767815672618,0.0190009259412465,32.0,77
15,369.0,4.57084681541894,4.996483929707498,,,,3.0,1.0,29.422305562710196,0.608986174397542,9.145336793637338,0.6173669852030251,0.0246755971751182,31.0,77
15,370.0,4.571143446915266,4.533142508267115,,,,3.0,1.0,39.60456514202905,0.5254849758006944,10.461083631277369,0.5433135853594704,0.0246849173078478,30.0,77
15,371.0,4.589794559699051,4.911764522663721,,,,3.0,0.0,107.75620664401144,0.5165675236057509,10.771149505781535,0.634559377861585,0.0252744674204869,29.0,77
15,372.0,4.592679431923739,4.608497374937114,,,,3.0,1.0,33.170525192264726,0.5455366838937221,11.156720341164466,0.3141140890300838,0.0253662777287292,28.0,77
15,373.0,4.647218654771417,4.780335554954969,,,,3.0,1.0,30.86108959526923,0.438403032799551,8.500068972915972,0.4378808603913924,0.0271332929662695,27.0,77
15,374.0,4.654222101592098,4.695565556670518,,,,3.0,1.0,37.38570300046972,0.5721448223722649,14.304377571771578,0.6945925214117842,0.0273645076139577,26.0,77
15,375.0,4.747187264179351,5.029279571174682,,,,3.0,1.0,35.46197324107141,0.3926265776302176,16.192432998664735,0.6104960254935242,0.0305266333611052,25.0,77
15,376.0,4.792000174964208,4.722888156293691,,,,3.0,0.0,100.4068841265555,0.5398414619072847,18.0150818768286,0.5093513914614277,0.0321126462707175,24.0,77
15,377.0,4.842342068899151,4.910806194093976,,,,3.0,1.0,23.174913589930668,0.6259721376334801,8.560494517237554,0.4777497182479133,0.033942242988356,23.0,77
15,378.0,4.872061726857739,4.959456234650777,,,,3.0,1.0,31.692003547347117,0.6019241781582034,15.191322947318737,0.549539833118311,0.0350461510916557,22.0,77
15,379.0,5.123855576526779,5.230172160673694,,,,3.0,1.0,36.92436983074796,0.5907427747900764,17.737007733869127,0.6218190510972328,0.0451076250994389,21.0,77
15,380.0,5.13014642194053,5.266486736486061,,,,3.0,1.0,27.711926285680125,0.5582555117226728,15.929871505486146,0.6385761311731984,0.0453752377890604,20.0,77
15,381.0,5.135107223996499,5.425804975916147,,,,3.0,1.0,36.59649234598525,0.4278324342906803,11.19710453252829,0.6375339817052662,0.0455868285796203,19.0,77
15,382.0,5.218553555613657,5.092202345620292,,,,3.0,1.0,32.171454213317965,0.5551710667967269,16.094221222134358,0.754804870490924,0.04921979879126,18.0,77
15,383.0,5.228384497579476,5.021262736482735,,,,3.0,1.0,25.807635981861488,0.5978696561110479,14.71718679682338,0.7384197535180685,0.0496569746905253,17.0,77
15,384.0,5.328315885821165,5.331817196193678,,,,3.0,0.0,102.15716932047022,0.5264456010744571,14.773045147591649,0.8187308189966416,0.0542105486416719,16.0,77
15,385.0,5.408642903142015,5.390329595838102,,,,3.0,0.0,98.91687080976702,0.5403300137711048,17.807485519428347,0.9331312721693018,0.0580156063485639,15.0,77
15,386.0,5.464738089466251,5.141502250333873,,,,3.0,0.0,113.59839628564896,0.8140295513625875,9.973336886064638,0.886737601381118,0.0607493384966574,14.0,77
15,387.0,5.465960421975675,5.44038374453333,,,,3.0,1.0,20.13962721402502,0.3822576272790881,17.375428403495633,0.9193778263785356,0.0608096080275045,13.0,77
15,388.0,5.50526428648826,5.243273679025597,,,,3.0,0.0,97.7641569891469,0.561163437193898,17.557504826095638,0.5861002498912581,0.0627634914515353,12.0,77
15,389.0,6.56732679559243,6.578191401755564,,,,3.0,1.0,26.3558774517583,0.4868825072456776,22.67425699216635,1.2607082218172818,0.1272582046655175,11.0,77
15,390.0,6.568405084314628,6.279084258354491,,,,3.0,0.0,112.13892024049332,0.4743688155430027,16.94968433413691,1.4543301202191108,0.1273351484576249,10.0,77
15,391.0,6.813833595853339,6.735403195589838,,,,3.0,0.0,96.3031677861328,0.5534114777684042,22.57503560245225,1.5564634020653598,0.1454532669685961,9.0,77
15,392.0,7.79602261458542,7.764698780318436,,,,3.0,1.0,32.0515420543729,0.526639325271671,29.591017067515377,1.3831654592004108,0.2300183291961476,8.0,77
15,393.0,7.860167503426383,7.933721289703178,,,,3.0,1.0,23.17231352024306,0.5444049057028483,27.77769521065587,1.7103528705612931,0.2362122816136184,7.0,77
15,394.0,8.175974816504763,8.08332281012884,,,,3.0,1.0,26.808397430102996,0.4098849929948811,28.435969248516457,1.499733005355311,0.2679071530109151,6.0,77
15,395.0,8.196930917286553,8.104780396733231,,,,3.0,0.0,98.0558589496378,0.5753780208613843,25.641649360107547,1.639380054730729,0.2700809095904885,5.0,77
15,396.0,8.463732559821915,8.462707826325436,,,,3.0,1.0,24.141472052737083,0.5368396852242419,29.73155836642067,1.7567577927606544,0.2985237348525812,4.0,77
15,397.0,8.60976729636234,8.712191665451229,,,,3.0,1.0,38.55204190040006,0.5474762618340766,38.13396468948665,1.8204484864836272,0.3146948911933644,3.0,77
15,398.0,9.79930880617687,9.808595620492149,,,,3.0,1.0,26.871763386122595,0.6576554171317303,35.913056116787345,2.358626940054232,0.4623060024175432,2.0,77
15,399.0,9.956608892388116,9.87131446820782,,,,3.0,1.0,29.1235542364536,0.7895141430596764,44.02273831419592,2.4949839432107863,0.4839440728165338,1.0,77
15,400.0,10.942740749168824,11.01854508506744,catastrophic_failure_replacement,3.1057296858969403,,3.0,1.0,32.74272999756501,0.6298404553624953,0.0,0.0,0.0,0.0,77
